alert_id,zone_id,zone_name,date,month,temperature_mean,humidity_mean,rainfall,drought_risk,alert_type,severity,message,recommended_action
1,1,Nabeul,2025-01-02,1,13.0,87,11.3,low,High humidity,Medium,Humidity level is high and may increase fungal disease risk.,Recommend fungicides and crop protection products.
2,1,Nabeul,2025-01-03,1,12.8,81,0.0,medium,Low rainfall,Medium,Rainfall is very low for a climate-sensitive zone.,Recommend irrigation products and soil moisture support.
3,1,Nabeul,2025-01-04,1,13.7,77,0.1,medium,Low rainfall,Medium,Rainfall is very low for a climate-sensitive zone.,Recommend irrigation products and soil moisture support.
4,1,Nabeul,2025-01-05,1,14.0,79,0.0,medium,Low rainfall,Medium,Rainfall is very low for a climate-sensitive zone.,Recommend irrigation products and soil moisture support.
5,1,Nabeul,2025-01-06,1,14.8,62,0.0,medium,Low rainfall,Medium,Rainfall is very low for a climate-sensitive zone.,Recommend irrigation products and soil moisture support.
6,1,Nabeul,2025-01-07,1,14.2,67,0.1,medium,Low rainfall,Medium,Rainfall is very low for a climate-sensitive zone.,Recommend irrigation products and soil moisture support.
7,1,Nabeul,2025-01-08,1,13.4,66,0.0,medium,Low rainfall,Medium,Rainfall is very low for a climate-sensitive zone.,Recommend irrigation products and soil moisture support.
8,1,Nabeul,2025-01-09,1,14.5,63,0.3,medium,Low rainfall,Medium,Rainfall is very low for a climate-sensitive zone.,Recommend irrigation products and soil moisture support.
9,1,Nabeul,2025-01-10,1,15.3,72,0.0,medium,Low rainfall,Medium,Rainfall is very low for a climate-sensitive zone.,Recommend irrigation products and soil moisture support.
10,1,Nabeul,2025-01-11,1,15.3,68,0.0,medium,Low rainfall,Medium,Rainfall is very low for a climate-sensitive zone.,Recommend irrigation products and soil moisture support.
11,1,Nabeul,2025-01-15,1,10.5,73,0.0,medium,Low rainfall,Medium,Rainfall is very low for a climate-sensitive zone.,Recommend irrigation products and soil moisture support.
12,1,Nabeul,2025-01-16,1,10.4,72,0.4,medium,Low rainfall,Medium,Rainfall is very low for a climate-sensitive zone.,Recommend irrigation products and soil moisture support.
13,1,Nabeul,2025-01-19,1,11.6,77,0.1,medium,Low rainfall,Medium,Rainfall is very low for a climate-sensitive zone.,Recommend irrigation products and soil moisture support.
14,1,Nabeul,2025-01-20,1,11.8,73,0.0,medium,Low rainfall,Medium,Rainfall is very low for a climate-sensitive zone.,Recommend irrigation products and soil moisture support.
15,1,Nabeul,2025-01-21,1,12.2,80,0.0,medium,Low rainfall,Medium,Rainfall is very low for a climate-sensitive zone.,Recommend irrigation products and soil moisture support.
16,1,Nabeul,2025-01-22,1,13.9,77,0.0,medium,Low rainfall,Medium,Rainfall is very low for a climate-sensitive zone.,Recommend irrigation products and soil moisture support.
17,1,Nabeul,2025-01-23,1,15.3,67,0.0,medium,Low rainfall,Medium,Rainfall is very low for a climate-sensitive zone.,Recommend irrigation products and soil moisture support.
18,1,Nabeul,2025-01-24,1,14.5,67,0.0,medium,Low rainfall,Medium,Rainfall is very low for a climate-sensitive zone.,Recommend irrigation products and soil moisture support.
19,1,Nabeul,2025-01-25,1,13.3,81,0.0,medium,Low rainfall,Medium,Rainfall is very low for a climate-sensitive zone.,Recommend irrigation products and soil moisture support.
20,1,Nabeul,2025-01-26,1,16.0,64,0.0,medium,Low rainfall,Medium,Rainfall is very low for a climate-sensitive zone.,Recommend irrigation products and soil moisture support.
21,1,Nabeul,2025-01-27,1,14.5,75,0.0,medium,Low rainfall,Medium,Rainfall is very low for a climate-sensitive zone.,Recommend irrigation products and soil moisture support.
22,1,Nabeul,2025-01-30,1,12.1,74,0.0,medium,Low rainfall,Medium,Rainfall is very low for a climate-sensitive zone.,Recommend irrigation products and soil moisture support.
23,1,Nabeul,2025-01-31,1,13.1,76,0.0,medium,Low rainfall,Medium,Rainfall is very low for a climate-sensitive zone.,Recommend irrigation products and soil moisture support.
24,1,Nabeul,2025-02-01,2,12.2,90,34.0,low,High humidity,Medium,Humidity level is high and may increase fungal disease risk.,Recommend fungicides and crop protection products.
25,1,Nabeul,2025-02-02,2,12.1,74,0.4,medium,Low rainfall,Medium,Rainfall is very low for a climate-sensitive zone.,Recommend irrigation products and soil moisture support.
26,1,Nabeul,2025-02-03,2,11.3,76,0.5,medium,Low rainfall,Medium,Rainfall is very low for a climate-sensitive zone.,Recommend irrigation products and soil moisture support.
27,1,Nabeul,2025-02-05,2,12.2,78,0.0,medium,Low rainfall,Medium,Rainfall is very low for a climate-sensitive zone.,Recommend irrigation products and soil moisture support.
28,1,Nabeul,2025-02-07,2,10.3,91,10.8,low,High humidity,Medium,Humidity level is high and may increase fungal disease risk.,Recommend fungicides and crop protection products.
29,1,Nabeul,2025-02-08,2,12.1,90,20.7,low,High humidity,Medium,Humidity level is high and may increase fungal disease risk.,Recommend fungicides and crop protection products.
30,1,Nabeul,2025-02-09,2,11.9,76,0.3,medium,Low rainfall,Medium,Rainfall is very low for a climate-sensitive zone.,Recommend irrigation products and soil moisture support.
31,1,Nabeul,2025-02-10,2,12.6,76,0.2,medium,Low rainfall,Medium,Rainfall is very low for a climate-sensitive zone.,Recommend irrigation products and soil moisture support.
32,1,Nabeul,2025-02-12,2,13.7,84,0.0,medium,Low rainfall,Medium,Rainfall is very low for a climate-sensitive zone.,Recommend irrigation products and soil moisture support.
33,1,Nabeul,2025-02-13,2,13.4,85,0.0,medium,High humidity,Medium,Humidity level is high and may increase fungal disease risk.,Recommend fungicides and crop protection products.
34,1,Nabeul,2025-02-13,2,13.4,85,0.0,medium,Low rainfall,Medium,Rainfall is very low for a climate-sensitive zone.,Recommend irrigation products and soil moisture support.
35,1,Nabeul,2025-02-14,2,13.4,77,0.3,medium,Low rainfall,Medium,Rainfall is very low for a climate-sensitive zone.,Recommend irrigation products and soil moisture support.
36,1,Nabeul,2025-02-16,2,12.7,70,0.0,medium,Low rainfall,Medium,Rainfall is very low for a climate-sensitive zone.,Recommend irrigation products and soil moisture support.
37,1,Nabeul,2025-02-17,2,13.0,77,0.0,medium,Low rainfall,Medium,Rainfall is very low for a climate-sensitive zone.,Recommend irrigation products and soil moisture support.
38,1,Nabeul,2025-02-18,2,13.0,79,0.0,medium,Low rainfall,Medium,Rainfall is very low for a climate-sensitive zone.,Recommend irrigation products and soil moisture support.
39,1,Nabeul,2025-02-19,2,13.0,86,0.0,medium,High humidity,Medium,Humidity level is high and may increase fungal disease risk.,Recommend fungicides and crop protection products.
40,1,Nabeul,2025-02-19,2,13.0,86,0.0,medium,Low rainfall,Medium,Rainfall is very low for a climate-sensitive zone.,Recommend irrigation products and soil moisture support.
41,1,Nabeul,2025-02-20,2,13.3,90,0.0,medium,High humidity,Medium,Humidity level is high and may increase fungal disease risk.,Recommend fungicides and crop protection products.
42,1,Nabeul,2025-02-20,2,13.3,90,0.0,medium,Low rainfall,Medium,Rainfall is very low for a climate-sensitive zone.,Recommend irrigation products and soil moisture support.
43,1,Nabeul,2025-02-21,2,13.5,86,1.3,medium,High humidity,Medium,Humidity level is high and may increase fungal disease risk.,Recommend fungicides and crop protection products.
44,1,Nabeul,2025-02-22,2,14.1,79,0.0,medium,Low rainfall,Medium,Rainfall is very low for a climate-sensitive zone.,Recommend irrigation products and soil moisture support.
45,1,Nabeul,2025-02-23,2,13.9,78,0.0,medium,Low rainfall,Medium,Rainfall is very low for a climate-sensitive zone.,Recommend irrigation products and soil moisture support.
46,1,Nabeul,2025-02-24,2,13.8,86,0.9,medium,High humidity,Medium,Humidity level is high and may increase fungal disease risk.,Recommend fungicides and crop protection products.
47,1,Nabeul,2025-02-25,2,13.0,87,0.0,medium,High humidity,Medium,Humidity level is high and may increase fungal disease risk.,Recommend fungicides and crop protection products.
48,1,Nabeul,2025-02-25,2,13.0,87,0.0,medium,Low rainfall,Medium,Rainfall is very low for a climate-sensitive zone.,Recommend irrigation products and soil moisture support.
49,1,Nabeul,2025-02-27,2,12.7,63,0.3,medium,Low rainfall,Medium,Rainfall is very low for a climate-sensitive zone.,Recommend irrigation products and soil moisture support.
50,1,Nabeul,2025-02-28,2,13.3,77,0.1,medium,Low rainfall,Medium,Rainfall is very low for a climate-sensitive zone.,Recommend irrigation products and soil moisture support.
51,1,Nabeul,2025-03-01,3,15.0,69,0.0,medium,Low rainfall,Medium,Rainfall is very low for a climate-sensitive zone.,Recommend irrigation products and soil moisture support.
52,1,Nabeul,2025-03-03,3,14.8,81,0.1,medium,Low rainfall,Medium,Rainfall is very low for a climate-sensitive zone.,Recommend irrigation products and soil moisture support.
53,1,Nabeul,2025-03-04,3,13.9,87,0.4,medium,High humidity,Medium,Humidity level is high and may increase fungal disease risk.,Recommend fungicides and crop protection products.
54,1,Nabeul,2025-03-04,3,13.9,87,0.4,medium,Low rainfall,Medium,Rainfall is very low for a climate-sensitive zone.,Recommend irrigation products and soil moisture support.
55,1,Nabeul,2025-03-07,3,15.0,87,11.6,low,High humidity,Medium,Humidity level is high and may increase fungal disease risk.,Recommend fungicides and crop protection products.
56,1,Nabeul,2025-03-08,3,15.0,87,0.4,medium,High humidity,Medium,Humidity level is high and may increase fungal disease risk.,Recommend fungicides and crop protection products.
57,1,Nabeul,2025-03-08,3,15.0,87,0.4,medium,Low rainfall,Medium,Rainfall is very low for a climate-sensitive zone.,Recommend irrigation products and soil moisture support.
58,1,Nabeul,2025-03-09,3,15.9,86,0.0,medium,High humidity,Medium,Humidity level is high and may increase fungal disease risk.,Recommend fungicides and crop protection products.
59,1,Nabeul,2025-03-09,3,15.9,86,0.0,medium,Low rainfall,Medium,Rainfall is very low for a climate-sensitive zone.,Recommend irrigation products and soil moisture support.
60,1,Nabeul,2025-03-11,3,16.4,82,0.0,medium,Low rainfall,Medium,Rainfall is very low for a climate-sensitive zone.,Recommend irrigation products and soil moisture support.
61,1,Nabeul,2025-03-12,3,16.1,80,0.0,medium,Low rainfall,Medium,Rainfall is very low for a climate-sensitive zone.,Recommend irrigation products and soil moisture support.
62,1,Nabeul,2025-03-13,3,16.3,80,0.0,medium,Low rainfall,Medium,Rainfall is very low for a climate-sensitive zone.,Recommend irrigation products and soil moisture support.
63,1,Nabeul,2025-03-14,3,19.7,60,0.0,medium,Low rainfall,Medium,Rainfall is very low for a climate-sensitive zone.,Recommend irrigation products and soil moisture support.
64,1,Nabeul,2025-03-15,3,17.0,71,0.1,medium,Low rainfall,Medium,Rainfall is very low for a climate-sensitive zone.,Recommend irrigation products and soil moisture support.
65,1,Nabeul,2025-03-16,3,14.4,75,0.1,medium,Low rainfall,Medium,Rainfall is very low for a climate-sensitive zone.,Recommend irrigation products and soil moisture support.
66,1,Nabeul,2025-03-17,3,15.3,84,0.4,medium,Low rainfall,Medium,Rainfall is very low for a climate-sensitive zone.,Recommend irrigation products and soil moisture support.
67,1,Nabeul,2025-03-18,3,15.8,86,0.3,medium,High humidity,Medium,Humidity level is high and may increase fungal disease risk.,Recommend fungicides and crop protection products.
68,1,Nabeul,2025-03-18,3,15.8,86,0.3,medium,Low rainfall,Medium,Rainfall is very low for a climate-sensitive zone.,Recommend irrigation products and soil moisture support.
69,1,Nabeul,2025-03-19,3,15.3,83,0.3,medium,Low rainfall,Medium,Rainfall is very low for a climate-sensitive zone.,Recommend irrigation products and soil moisture support.
70,1,Nabeul,2025-03-20,3,15.2,74,0.0,medium,Low rainfall,Medium,Rainfall is very low for a climate-sensitive zone.,Recommend irrigation products and soil moisture support.
71,1,Nabeul,2025-03-22,3,17.6,80,0.1,medium,Low rainfall,Medium,Rainfall is very low for a climate-sensitive zone.,Recommend irrigation products and soil moisture support.
72,1,Nabeul,2025-03-23,3,16.8,67,0.0,medium,Low rainfall,Medium,Rainfall is very low for a climate-sensitive zone.,Recommend irrigation products and soil moisture support.
73,1,Nabeul,2025-03-24,3,16.2,75,0.0,medium,Low rainfall,Medium,Rainfall is very low for a climate-sensitive zone.,Recommend irrigation products and soil moisture support.
74,1,Nabeul,2025-03-25,3,15.2,71,0.0,medium,Low rainfall,Medium,Rainfall is very low for a climate-sensitive zone.,Recommend irrigation products and soil moisture support.
75,1,Nabeul,2025-03-26,3,14.3,67,0.2,medium,Low rainfall,Medium,Rainfall is very low for a climate-sensitive zone.,Recommend irrigation products and soil moisture support.
76,1,Nabeul,2025-03-28,3,14.8,64,0.1,medium,Low rainfall,Medium,Rainfall is very low for a climate-sensitive zone.,Recommend irrigation products and soil moisture support.
77,1,Nabeul,2025-03-29,3,14.4,63,0.0,medium,Low rainfall,Medium,Rainfall is very low for a climate-sensitive zone.,Recommend irrigation products and soil moisture support.
78,1,Nabeul,2025-03-31,3,14.7,71,0.4,medium,Low rainfall,Medium,Rainfall is very low for a climate-sensitive zone.,Recommend irrigation products and soil moisture support.
79,1,Nabeul,2025-04-01,4,14.1,59,0.0,medium,Low rainfall,Medium,Rainfall is very low for a climate-sensitive zone.,Recommend irrigation products and soil moisture support.
80,1,Nabeul,2025-04-02,4,13.8,66,0.0,medium,Low rainfall,Medium,Rainfall is very low for a climate-sensitive zone.,Recommend irrigation products and soil moisture support.
81,1,Nabeul,2025-04-03,4,15.0,79,0.0,medium,Low rainfall,Medium,Rainfall is very low for a climate-sensitive zone.,Recommend irrigation products and soil moisture support.
82,1,Nabeul,2025-04-04,4,15.6,83,0.0,medium,Low rainfall,Medium,Rainfall is very low for a climate-sensitive zone.,Recommend irrigation products and soil moisture support.
83,1,Nabeul,2025-04-05,4,16.8,82,0.4,medium,Low rainfall,Medium,Rainfall is very low for a climate-sensitive zone.,Recommend irrigation products and soil moisture support.
84,1,Nabeul,2025-04-08,4,14.2,78,0.0,medium,Low rainfall,Medium,Rainfall is very low for a climate-sensitive zone.,Recommend irrigation products and soil moisture support.
85,1,Nabeul,2025-04-09,4,15.3,81,0.0,medium,Low rainfall,Medium,Rainfall is very low for a climate-sensitive zone.,Recommend irrigation products and soil moisture support.
86,1,Nabeul,2025-04-10,4,16.7,81,0.2,medium,Low rainfall,Medium,Rainfall is very low for a climate-sensitive zone.,Recommend irrigation products and soil moisture support.
87,1,Nabeul,2025-04-11,4,15.3,77,0.0,medium,Low rainfall,Medium,Rainfall is very low for a climate-sensitive zone.,Recommend irrigation products and soil moisture support.
88,1,Nabeul,2025-04-12,4,17.1,84,0.0,medium,Low rainfall,Medium,Rainfall is very low for a climate-sensitive zone.,Recommend irrigation products and soil moisture support.
89,1,Nabeul,2025-04-13,4,17.7,81,0.0,medium,Low rainfall,Medium,Rainfall is very low for a climate-sensitive zone.,Recommend irrigation products and soil moisture support.
90,1,Nabeul,2025-04-15,4,18.8,74,0.1,medium,Low rainfall,Medium,Rainfall is very low for a climate-sensitive zone.,Recommend irrigation products and soil moisture support.
91,1,Nabeul,2025-04-17,4,15.6,57,0.0,medium,Low rainfall,Medium,Rainfall is very low for a climate-sensitive zone.,Recommend irrigation products and soil moisture support.
92,1,Nabeul,2025-04-18,4,16.2,71,0.0,medium,Low rainfall,Medium,Rainfall is very low for a climate-sensitive zone.,Recommend irrigation products and soil moisture support.
93,1,Nabeul,2025-04-19,4,17.6,77,0.0,medium,Low rainfall,Medium,Rainfall is very low for a climate-sensitive zone.,Recommend irrigation products and soil moisture support.
94,1,Nabeul,2025-04-20,4,17.5,82,0.0,medium,Low rainfall,Medium,Rainfall is very low for a climate-sensitive zone.,Recommend irrigation products and soil moisture support.
95,1,Nabeul,2025-04-21,4,14.2,88,18.1,low,High humidity,Medium,Humidity level is high and may increase fungal disease risk.,Recommend fungicides and crop protection products.
96,1,Nabeul,2025-04-22,4,16.9,67,0.2,medium,Low rainfall,Medium,Rainfall is very low for a climate-sensitive zone.,Recommend irrigation products and soil moisture support.
97,1,Nabeul,2025-04-23,4,16.8,63,0.0,medium,Low rainfall,Medium,Rainfall is very low for a climate-sensitive zone.,Recommend irrigation products and soil moisture support.
98,1,Nabeul,2025-04-24,4,17.7,64,0.0,medium,Low rainfall,Medium,Rainfall is very low for a climate-sensitive zone.,Recommend irrigation products and soil moisture support.
99,1,Nabeul,2025-04-25,4,17.6,68,0.0,medium,Low rainfall,Medium,Rainfall is very low for a climate-sensitive zone.,Recommend irrigation products and soil moisture support.
100,1,Nabeul,2025-04-26,4,17.0,68,0.0,medium,Low rainfall,Medium,Rainfall is very low for a climate-sensitive zone.,Recommend irrigation products and soil moisture support.
101,1,Nabeul,2025-04-30,4,16.6,79,0.0,medium,Low rainfall,Medium,Rainfall is very low for a climate-sensitive zone.,Recommend irrigation products and soil moisture support.
102,1,Nabeul,2025-05-01,5,18.2,76,0.0,medium,Low rainfall,Medium,Rainfall is very low for a climate-sensitive zone.,Recommend irrigation products and soil moisture support.
103,1,Nabeul,2025-05-02,5,19.0,73,0.0,medium,Low rainfall,Medium,Rainfall is very low for a climate-sensitive zone.,Recommend irrigation products and soil moisture support.
104,1,Nabeul,2025-05-03,5,19.5,70,0.0,medium,Low rainfall,Medium,Rainfall is very low for a climate-sensitive zone.,Recommend irrigation products and soil moisture support.
105,1,Nabeul,2025-05-04,5,19.6,77,0.3,medium,Low rainfall,Medium,Rainfall is very low for a climate-sensitive zone.,Recommend irrigation products and soil moisture support.
106,1,Nabeul,2025-05-06,5,19.5,68,0.0,medium,Low rainfall,Medium,Rainfall is very low for a climate-sensitive zone.,Recommend irrigation products and soil moisture support.
107,1,Nabeul,2025-05-08,5,19.2,74,0.1,medium,Low rainfall,Medium,Rainfall is very low for a climate-sensitive zone.,Recommend irrigation products and soil moisture support.
108,1,Nabeul,2025-05-09,5,19.9,72,0.4,medium,Low rainfall,Medium,Rainfall is very low for a climate-sensitive zone.,Recommend irrigation products and soil moisture support.
109,1,Nabeul,2025-05-10,5,19.3,79,0.0,medium,Low rainfall,Medium,Rainfall is very low for a climate-sensitive zone.,Recommend irrigation products and soil moisture support.
110,1,Nabeul,2025-05-11,5,20.2,78,0.4,medium,Low rainfall,Medium,Rainfall is very low for a climate-sensitive zone.,Recommend irrigation products and soil moisture support.
111,1,Nabeul,2025-05-13,5,19.5,67,0.0,medium,Low rainfall,Medium,Rainfall is very low for a climate-sensitive zone.,Recommend irrigation products and soil moisture support.
112,1,Nabeul,2025-05-14,5,19.2,76,0.0,medium,Low rainfall,Medium,Rainfall is very low for a climate-sensitive zone.,Recommend irrigation products and soil moisture support.
113,1,Nabeul,2025-05-18,5,20.8,75,0.0,medium,Low rainfall,Medium,Rainfall is very low for a climate-sensitive zone.,Recommend irrigation products and soil moisture support.
114,1,Nabeul,2025-05-19,5,23.5,63,0.0,medium,Low rainfall,Medium,Rainfall is very low for a climate-sensitive zone.,Recommend irrigation products and soil moisture support.
115,1,Nabeul,2025-05-20,5,23.4,65,0.0,medium,Low rainfall,Medium,Rainfall is very low for a climate-sensitive zone.,Recommend irrigation products and soil moisture support.
116,1,Nabeul,2025-05-21,5,21.1,65,0.0,medium,Low rainfall,Medium,Rainfall is very low for a climate-sensitive zone.,Recommend irrigation products and soil moisture support.
117,1,Nabeul,2025-05-23,5,20.3,65,0.1,medium,Low rainfall,Medium,Rainfall is very low for a climate-sensitive zone.,Recommend irrigation products and soil moisture support.
118,1,Nabeul,2025-05-24,5,19.5,59,0.0,medium,Low rainfall,Medium,Rainfall is very low for a climate-sensitive zone.,Recommend irrigation products and soil moisture support.
119,1,Nabeul,2025-05-26,5,20.5,59,0.0,medium,Low rainfall,Medium,Rainfall is very low for a climate-sensitive zone.,Recommend irrigation products and soil moisture support.
120,1,Nabeul,2025-05-27,5,22.4,48,0.0,medium,Low rainfall,Medium,Rainfall is very low for a climate-sensitive zone.,Recommend irrigation products and soil moisture support.
121,1,Nabeul,2025-05-28,5,21.8,54,0.0,medium,Low rainfall,Medium,Rainfall is very low for a climate-sensitive zone.,Recommend irrigation products and soil moisture support.
122,1,Nabeul,2025-05-29,5,23.3,50,0.0,medium,Low rainfall,Medium,Rainfall is very low for a climate-sensitive zone.,Recommend irrigation products and soil moisture support.
123,1,Nabeul,2025-05-30,5,22.6,62,0.0,medium,Low rainfall,Medium,Rainfall is very low for a climate-sensitive zone.,Recommend irrigation products and soil moisture support.
124,1,Nabeul,2025-05-31,5,22.4,63,0.0,medium,Low rainfall,Medium,Rainfall is very low for a climate-sensitive zone.,Recommend irrigation products and soil moisture support.
125,1,Nabeul,2025-06-01,6,21.6,71,0.0,medium,Low rainfall,Medium,Rainfall is very low for a climate-sensitive zone.,Recommend irrigation products and soil moisture support.
126,1,Nabeul,2025-06-02,6,21.4,68,0.0,medium,Low rainfall,Medium,Rainfall is very low for a climate-sensitive zone.,Recommend irrigation products and soil moisture support.
127,1,Nabeul,2025-06-03,6,21.3,80,0.0,medium,Low rainfall,Medium,Rainfall is very low for a climate-sensitive zone.,Recommend irrigation products and soil moisture support.
128,1,Nabeul,2025-06-04,6,22.5,81,0.0,medium,Low rainfall,Medium,Rainfall is very low for a climate-sensitive zone.,Recommend irrigation products and soil moisture support.
129,1,Nabeul,2025-06-05,6,22.5,80,0.0,medium,Low rainfall,Medium,Rainfall is very low for a climate-sensitive zone.,Recommend irrigation products and soil moisture support.
130,1,Nabeul,2025-06-06,6,23.1,71,0.0,medium,Low rainfall,Medium,Rainfall is very low for a climate-sensitive zone.,Recommend irrigation products and soil moisture support.
131,1,Nabeul,2025-06-07,6,25.0,56,0.0,medium,Low rainfall,Medium,Rainfall is very low for a climate-sensitive zone.,Recommend irrigation products and soil moisture support.
132,1,Nabeul,2025-06-08,6,26.6,50,0.0,medium,Low rainfall,Medium,Rainfall is very low for a climate-sensitive zone.,Recommend irrigation products and soil moisture support.
133,1,Nabeul,2025-06-09,6,25.9,52,0.0,medium,Low rainfall,Medium,Rainfall is very low for a climate-sensitive zone.,Recommend irrigation products and soil moisture support.
134,1,Nabeul,2025-06-10,6,25.6,45,0.0,medium,Low rainfall,Medium,Rainfall is very low for a climate-sensitive zone.,Recommend irrigation products and soil moisture support.
135,1,Nabeul,2025-06-11,6,23.5,69,0.0,medium,Low rainfall,Medium,Rainfall is very low for a climate-sensitive zone.,Recommend irrigation products and soil moisture support.
136,1,Nabeul,2025-06-12,6,22.2,77,0.0,medium,Low rainfall,Medium,Rainfall is very low for a climate-sensitive zone.,Recommend irrigation products and soil moisture support.
137,1,Nabeul,2025-06-13,6,24.8,67,0.0,medium,Low rainfall,Medium,Rainfall is very low for a climate-sensitive zone.,Recommend irrigation products and soil moisture support.
138,1,Nabeul,2025-06-14,6,26.4,48,0.0,medium,Low rainfall,Medium,Rainfall is very low for a climate-sensitive zone.,Recommend irrigation products and soil moisture support.
139,1,Nabeul,2025-06-15,6,26.9,47,0.0,medium,Low rainfall,Medium,Rainfall is very low for a climate-sensitive zone.,Recommend irrigation products and soil moisture support.
140,1,Nabeul,2025-06-16,6,28.0,44,0.0,medium,Low rainfall,Medium,Rainfall is very low for a climate-sensitive zone.,Recommend irrigation products and soil moisture support.
141,1,Nabeul,2025-06-17,6,28.0,40,0.0,medium,Low rainfall,Medium,Rainfall is very low for a climate-sensitive zone.,Recommend irrigation products and soil moisture support.
142,1,Nabeul,2025-06-19,6,24.3,68,0.2,medium,Low rainfall,Medium,Rainfall is very low for a climate-sensitive zone.,Recommend irrigation products and soil moisture support.
143,1,Nabeul,2025-06-21,6,26.8,54,0.0,medium,Low rainfall,Medium,Rainfall is very low for a climate-sensitive zone.,Recommend irrigation products and soil moisture support.
144,1,Nabeul,2025-06-22,6,25.3,69,0.0,medium,Low rainfall,Medium,Rainfall is very low for a climate-sensitive zone.,Recommend irrigation products and soil moisture support.
145,1,Nabeul,2025-06-23,6,25.9,71,0.0,medium,Low rainfall,Medium,Rainfall is very low for a climate-sensitive zone.,Recommend irrigation products and soil moisture support.
146,1,Nabeul,2025-06-24,6,26.9,65,0.0,medium,Low rainfall,Medium,Rainfall is very low for a climate-sensitive zone.,Recommend irrigation products and soil moisture support.
147,1,Nabeul,2025-06-25,6,27.3,62,0.0,medium,Low rainfall,Medium,Rainfall is very low for a climate-sensitive zone.,Recommend irrigation products and soil moisture support.
148,1,Nabeul,2025-06-26,6,27.4,67,0.0,medium,Low rainfall,Medium,Rainfall is very low for a climate-sensitive zone.,Recommend irrigation products and soil moisture support.
149,1,Nabeul,2025-06-27,6,28.1,65,0.0,medium,Low rainfall,Medium,Rainfall is very low for a climate-sensitive zone.,Recommend irrigation products and soil moisture support.
150,1,Nabeul,2025-06-28,6,27.4,63,0.0,medium,Low rainfall,Medium,Rainfall is very low for a climate-sensitive zone.,Recommend irrigation products and soil moisture support.
151,1,Nabeul,2025-06-29,6,27.8,64,0.0,medium,Low rainfall,Medium,Rainfall is very low for a climate-sensitive zone.,Recommend irrigation products and soil moisture support.
152,1,Nabeul,2025-06-30,6,26.8,74,0.0,medium,Low rainfall,Medium,Rainfall is very low for a climate-sensitive zone.,Recommend irrigation products and soil moisture support.
153,1,Nabeul,2025-07-01,7,26.8,65,0.0,medium,Low rainfall,Medium,Rainfall is very low for a climate-sensitive zone.,Recommend irrigation products and soil moisture support.
154,1,Nabeul,2025-07-02,7,27.1,71,0.0,medium,Low rainfall,Medium,Rainfall is very low for a climate-sensitive zone.,Recommend irrigation products and soil moisture support.
155,1,Nabeul,2025-07-03,7,27.9,70,0.0,medium,Low rainfall,Medium,Rainfall is very low for a climate-sensitive zone.,Recommend irrigation products and soil moisture support.
156,1,Nabeul,2025-07-04,7,27.9,73,0.0,medium,Low rainfall,Medium,Rainfall is very low for a climate-sensitive zone.,Recommend irrigation products and soil moisture support.
157,1,Nabeul,2025-07-05,7,27.8,75,0.0,medium,Low rainfall,Medium,Rainfall is very low for a climate-sensitive zone.,Recommend irrigation products and soil moisture support.
158,1,Nabeul,2025-07-06,7,27.6,74,0.0,medium,Low rainfall,Medium,Rainfall is very low for a climate-sensitive zone.,Recommend irrigation products and soil moisture support.
159,1,Nabeul,2025-07-07,7,29.1,63,0.0,medium,Low rainfall,Medium,Rainfall is very low for a climate-sensitive zone.,Recommend irrigation products and soil moisture support.
160,1,Nabeul,2025-07-08,7,29.4,59,0.0,medium,Low rainfall,Medium,Rainfall is very low for a climate-sensitive zone.,Recommend irrigation products and soil moisture support.
161,1,Nabeul,2025-07-09,7,27.1,54,0.0,medium,Low rainfall,Medium,Rainfall is very low for a climate-sensitive zone.,Recommend irrigation products and soil moisture support.
162,1,Nabeul,2025-07-10,7,26.1,56,0.0,medium,Low rainfall,Medium,Rainfall is very low for a climate-sensitive zone.,Recommend irrigation products and soil moisture support.
163,1,Nabeul,2025-07-11,7,25.1,60,0.0,medium,Low rainfall,Medium,Rainfall is very low for a climate-sensitive zone.,Recommend irrigation products and soil moisture support.
164,1,Nabeul,2025-07-12,7,26.4,64,0.0,medium,Low rainfall,Medium,Rainfall is very low for a climate-sensitive zone.,Recommend irrigation products and soil moisture support.
165,1,Nabeul,2025-07-13,7,27.9,70,0.0,medium,Low rainfall,Medium,Rainfall is very low for a climate-sensitive zone.,Recommend irrigation products and soil moisture support.
166,1,Nabeul,2025-07-14,7,30.2,54,0.0,high,High drought risk,High,The zone is exposed to high drought risk.,Prioritize drought-adapted products and irrigation solutions.
167,1,Nabeul,2025-07-14,7,30.2,54,0.0,high,Low rainfall,Medium,Rainfall is very low for a climate-sensitive zone.,Recommend irrigation products and soil moisture support.
168,1,Nabeul,2025-07-15,7,28.0,62,0.0,medium,Low rainfall,Medium,Rainfall is very low for a climate-sensitive zone.,Recommend irrigation products and soil moisture support.
169,1,Nabeul,2025-07-16,7,29.6,46,0.0,medium,Low rainfall,Medium,Rainfall is very low for a climate-sensitive zone.,Recommend irrigation products and soil moisture support.
170,1,Nabeul,2025-07-17,7,29.3,47,0.0,medium,Low rainfall,Medium,Rainfall is very low for a climate-sensitive zone.,Recommend irrigation products and soil moisture support.
171,1,Nabeul,2025-07-18,7,28.6,54,0.0,medium,Low rainfall,Medium,Rainfall is very low for a climate-sensitive zone.,Recommend irrigation products and soil moisture support.
172,1,Nabeul,2025-07-19,7,26.6,79,0.0,medium,Low rainfall,Medium,Rainfall is very low for a climate-sensitive zone.,Recommend irrigation products and soil moisture support.
173,1,Nabeul,2025-07-20,7,28.7,72,0.0,medium,Low rainfall,Medium,Rainfall is very low for a climate-sensitive zone.,Recommend irrigation products and soil moisture support.
174,1,Nabeul,2025-07-21,7,31.9,52,0.0,high,High drought risk,High,The zone is exposed to high drought risk.,Prioritize drought-adapted products and irrigation solutions.
175,1,Nabeul,2025-07-21,7,31.9,52,0.0,high,Low rainfall,Medium,Rainfall is very low for a climate-sensitive zone.,Recommend irrigation products and soil moisture support.
176,1,Nabeul,2025-07-22,7,30.4,49,0.0,high,High drought risk,High,The zone is exposed to high drought risk.,Prioritize drought-adapted products and irrigation solutions.
177,1,Nabeul,2025-07-22,7,30.4,49,0.0,high,Low rainfall,Medium,Rainfall is very low for a climate-sensitive zone.,Recommend irrigation products and soil moisture support.
178,1,Nabeul,2025-07-23,7,28.3,58,0.0,medium,Low rainfall,Medium,Rainfall is very low for a climate-sensitive zone.,Recommend irrigation products and soil moisture support.
179,1,Nabeul,2025-07-24,7,31.1,52,0.0,high,High drought risk,High,The zone is exposed to high drought risk.,Prioritize drought-adapted products and irrigation solutions.
180,1,Nabeul,2025-07-24,7,31.1,52,0.0,high,Low rainfall,Medium,Rainfall is very low for a climate-sensitive zone.,Recommend irrigation products and soil moisture support.
181,1,Nabeul,2025-07-25,7,31.0,58,0.0,high,High drought risk,High,The zone is exposed to high drought risk.,Prioritize drought-adapted products and irrigation solutions.
182,1,Nabeul,2025-07-25,7,31.0,58,0.0,high,Low rainfall,Medium,Rainfall is very low for a climate-sensitive zone.,Recommend irrigation products and soil moisture support.
183,1,Nabeul,2025-07-26,7,27.6,53,0.0,medium,Low rainfall,Medium,Rainfall is very low for a climate-sensitive zone.,Recommend irrigation products and soil moisture support.
184,1,Nabeul,2025-07-27,7,27.1,50,0.0,medium,Low rainfall,Medium,Rainfall is very low for a climate-sensitive zone.,Recommend irrigation products and soil moisture support.
185,1,Nabeul,2025-07-28,7,27.6,51,0.0,medium,Low rainfall,Medium,Rainfall is very low for a climate-sensitive zone.,Recommend irrigation products and soil moisture support.
186,1,Nabeul,2025-07-29,7,26.5,47,0.0,medium,Low rainfall,Medium,Rainfall is very low for a climate-sensitive zone.,Recommend irrigation products and soil moisture support.
187,1,Nabeul,2025-07-30,7,26.2,47,0.0,medium,Low rainfall,Medium,Rainfall is very low for a climate-sensitive zone.,Recommend irrigation products and soil moisture support.
188,1,Nabeul,2025-07-31,7,26.1,52,0.0,medium,Low rainfall,Medium,Rainfall is very low for a climate-sensitive zone.,Recommend irrigation products and soil moisture support.
189,1,Nabeul,2025-08-01,8,25.3,63,0.0,medium,Low rainfall,Medium,Rainfall is very low for a climate-sensitive zone.,Recommend irrigation products and soil moisture support.
190,1,Nabeul,2025-08-02,8,26.3,70,0.0,medium,Low rainfall,Medium,Rainfall is very low for a climate-sensitive zone.,Recommend irrigation products and soil moisture support.
191,1,Nabeul,2025-08-03,8,26.7,54,0.0,medium,Low rainfall,Medium,Rainfall is very low for a climate-sensitive zone.,Recommend irrigation products and soil moisture support.
192,1,Nabeul,2025-08-04,8,25.3,56,0.0,medium,Low rainfall,Medium,Rainfall is very low for a climate-sensitive zone.,Recommend irrigation products and soil moisture support.
193,1,Nabeul,2025-08-05,8,25.3,60,0.0,medium,Low rainfall,Medium,Rainfall is very low for a climate-sensitive zone.,Recommend irrigation products and soil moisture support.
194,1,Nabeul,2025-08-06,8,25.9,67,0.0,medium,Low rainfall,Medium,Rainfall is very low for a climate-sensitive zone.,Recommend irrigation products and soil moisture support.
195,1,Nabeul,2025-08-07,8,25.7,71,0.0,medium,Low rainfall,Medium,Rainfall is very low for a climate-sensitive zone.,Recommend irrigation products and soil moisture support.
196,1,Nabeul,2025-08-08,8,26.2,70,0.0,medium,Low rainfall,Medium,Rainfall is very low for a climate-sensitive zone.,Recommend irrigation products and soil moisture support.
197,1,Nabeul,2025-08-09,8,26.1,70,0.0,medium,Low rainfall,Medium,Rainfall is very low for a climate-sensitive zone.,Recommend irrigation products and soil moisture support.
198,1,Nabeul,2025-08-10,8,27.5,60,0.0,medium,Low rainfall,Medium,Rainfall is very low for a climate-sensitive zone.,Recommend irrigation products and soil moisture support.
199,1,Nabeul,2025-08-11,8,28.2,52,0.0,medium,Low rainfall,Medium,Rainfall is very low for a climate-sensitive zone.,Recommend irrigation products and soil moisture support.
200,1,Nabeul,2025-08-12,8,28.0,54,0.0,medium,Low rainfall,Medium,Rainfall is very low for a climate-sensitive zone.,Recommend irrigation products and soil moisture support.
201,1,Nabeul,2025-08-13,8,27.3,66,0.0,medium,Low rainfall,Medium,Rainfall is very low for a climate-sensitive zone.,Recommend irrigation products and soil moisture support.
202,1,Nabeul,2025-08-14,8,26.8,77,0.0,medium,Low rainfall,Medium,Rainfall is very low for a climate-sensitive zone.,Recommend irrigation products and soil moisture support.
203,1,Nabeul,2025-08-15,8,28.0,56,0.0,medium,Low rainfall,Medium,Rainfall is very low for a climate-sensitive zone.,Recommend irrigation products and soil moisture support.
204,1,Nabeul,2025-08-18,8,27.0,71,0.1,medium,Low rainfall,Medium,Rainfall is very low for a climate-sensitive zone.,Recommend irrigation products and soil moisture support.
205,1,Nabeul,2025-08-19,8,27.0,77,0.0,medium,Low rainfall,Medium,Rainfall is very low for a climate-sensitive zone.,Recommend irrigation products and soil moisture support.
206,1,Nabeul,2025-08-20,8,28.6,73,0.0,medium,Low rainfall,Medium,Rainfall is very low for a climate-sensitive zone.,Recommend irrigation products and soil moisture support.
207,1,Nabeul,2025-08-21,8,28.1,67,0.0,medium,Low rainfall,Medium,Rainfall is very low for a climate-sensitive zone.,Recommend irrigation products and soil moisture support.
208,1,Nabeul,2025-08-22,8,27.4,65,0.0,medium,Low rainfall,Medium,Rainfall is very low for a climate-sensitive zone.,Recommend irrigation products and soil moisture support.
209,1,Nabeul,2025-08-23,8,26.8,60,0.0,medium,Low rainfall,Medium,Rainfall is very low for a climate-sensitive zone.,Recommend irrigation products and soil moisture support.
210,1,Nabeul,2025-08-24,8,26.3,61,0.0,medium,Low rainfall,Medium,Rainfall is very low for a climate-sensitive zone.,Recommend irrigation products and soil moisture support.
211,1,Nabeul,2025-08-25,8,26.5,75,0.0,medium,Low rainfall,Medium,Rainfall is very low for a climate-sensitive zone.,Recommend irrigation products and soil moisture support.
212,1,Nabeul,2025-08-26,8,27.0,77,0.0,medium,Low rainfall,Medium,Rainfall is very low for a climate-sensitive zone.,Recommend irrigation products and soil moisture support.
213,1,Nabeul,2025-08-27,8,28.2,76,0.0,medium,Low rainfall,Medium,Rainfall is very low for a climate-sensitive zone.,Recommend irrigation products and soil moisture support.
214,1,Nabeul,2025-08-28,8,28.4,80,0.0,medium,Low rainfall,Medium,Rainfall is very low for a climate-sensitive zone.,Recommend irrigation products and soil moisture support.
215,1,Nabeul,2025-08-29,8,27.9,68,0.0,medium,Low rainfall,Medium,Rainfall is very low for a climate-sensitive zone.,Recommend irrigation products and soil moisture support.
216,1,Nabeul,2025-08-30,8,27.0,63,0.3,medium,Low rainfall,Medium,Rainfall is very low for a climate-sensitive zone.,Recommend irrigation products and soil moisture support.
217,1,Nabeul,2025-08-31,8,25.9,59,0.0,medium,Low rainfall,Medium,Rainfall is very low for a climate-sensitive zone.,Recommend irrigation products and soil moisture support.
218,1,Nabeul,2025-09-01,9,28.3,69,0.0,medium,Low rainfall,Medium,Rainfall is very low for a climate-sensitive zone.,Recommend irrigation products and soil moisture support.
219,1,Nabeul,2025-09-02,9,27.0,66,0.0,medium,Low rainfall,Medium,Rainfall is very low for a climate-sensitive zone.,Recommend irrigation products and soil moisture support.
220,1,Nabeul,2025-09-03,9,25.9,53,0.0,medium,Low rainfall,Medium,Rainfall is very low for a climate-sensitive zone.,Recommend irrigation products and soil moisture support.
221,1,Nabeul,2025-09-04,9,24.3,68,0.0,medium,Low rainfall,Medium,Rainfall is very low for a climate-sensitive zone.,Recommend irrigation products and soil moisture support.
222,1,Nabeul,2025-09-05,9,26.1,67,0.0,medium,Low rainfall,Medium,Rainfall is very low for a climate-sensitive zone.,Recommend irrigation products and soil moisture support.
223,1,Nabeul,2025-09-06,9,25.8,72,0.0,medium,Low rainfall,Medium,Rainfall is very low for a climate-sensitive zone.,Recommend irrigation products and soil moisture support.
224,1,Nabeul,2025-09-07,9,27.0,81,0.0,medium,Low rainfall,Medium,Rainfall is very low for a climate-sensitive zone.,Recommend irrigation products and soil moisture support.
225,1,Nabeul,2025-09-08,9,27.4,82,0.0,medium,Low rainfall,Medium,Rainfall is very low for a climate-sensitive zone.,Recommend irrigation products and soil moisture support.
226,1,Nabeul,2025-09-10,9,27.2,68,0.0,medium,Low rainfall,Medium,Rainfall is very low for a climate-sensitive zone.,Recommend irrigation products and soil moisture support.
227,1,Nabeul,2025-09-11,9,25.7,65,0.0,medium,Low rainfall,Medium,Rainfall is very low for a climate-sensitive zone.,Recommend irrigation products and soil moisture support.
228,1,Nabeul,2025-09-12,9,25.7,64,0.0,medium,Low rainfall,Medium,Rainfall is very low for a climate-sensitive zone.,Recommend irrigation products and soil moisture support.
229,1,Nabeul,2025-09-13,9,24.8,67,0.0,medium,Low rainfall,Medium,Rainfall is very low for a climate-sensitive zone.,Recommend irrigation products and soil moisture support.
230,1,Nabeul,2025-09-14,9,25.3,72,0.0,medium,Low rainfall,Medium,Rainfall is very low for a climate-sensitive zone.,Recommend irrigation products and soil moisture support.
231,1,Nabeul,2025-09-15,9,26.1,69,0.0,medium,Low rainfall,Medium,Rainfall is very low for a climate-sensitive zone.,Recommend irrigation products and soil moisture support.
232,1,Nabeul,2025-09-16,9,26.2,70,0.0,medium,Low rainfall,Medium,Rainfall is very low for a climate-sensitive zone.,Recommend irrigation products and soil moisture support.
233,1,Nabeul,2025-09-17,9,26.5,60,0.0,medium,Low rainfall,Medium,Rainfall is very low for a climate-sensitive zone.,Recommend irrigation products and soil moisture support.
234,1,Nabeul,2025-09-18,9,25.8,66,0.0,medium,Low rainfall,Medium,Rainfall is very low for a climate-sensitive zone.,Recommend irrigation products and soil moisture support.
235,1,Nabeul,2025-09-19,9,24.6,76,0.5,medium,Low rainfall,Medium,Rainfall is very low for a climate-sensitive zone.,Recommend irrigation products and soil moisture support.
236,1,Nabeul,2025-09-20,9,25.7,68,0.0,medium,Low rainfall,Medium,Rainfall is very low for a climate-sensitive zone.,Recommend irrigation products and soil moisture support.
237,1,Nabeul,2025-09-21,9,25.7,66,0.0,medium,Low rainfall,Medium,Rainfall is very low for a climate-sensitive zone.,Recommend irrigation products and soil moisture support.
238,1,Nabeul,2025-09-25,9,22.9,66,0.0,medium,Low rainfall,Medium,Rainfall is very low for a climate-sensitive zone.,Recommend irrigation products and soil moisture support.
239,1,Nabeul,2025-09-28,9,22.4,63,0.0,medium,Low rainfall,Medium,Rainfall is very low for a climate-sensitive zone.,Recommend irrigation products and soil moisture support.
240,1,Nabeul,2025-09-29,9,22.7,64,0.0,medium,Low rainfall,Medium,Rainfall is very low for a climate-sensitive zone.,Recommend irrigation products and soil moisture support.
241,1,Nabeul,2025-09-30,9,24.6,64,0.0,medium,Low rainfall,Medium,Rainfall is very low for a climate-sensitive zone.,Recommend irrigation products and soil moisture support.
242,1,Nabeul,2025-10-01,10,23.8,58,0.1,medium,Low rainfall,Medium,Rainfall is very low for a climate-sensitive zone.,Recommend irrigation products and soil moisture support.
243,1,Nabeul,2025-10-03,10,19.9,51,0.0,medium,Low rainfall,Medium,Rainfall is very low for a climate-sensitive zone.,Recommend irrigation products and soil moisture support.
244,1,Nabeul,2025-10-04,10,21.1,54,0.0,medium,Low rainfall,Medium,Rainfall is very low for a climate-sensitive zone.,Recommend irrigation products and soil moisture support.
245,1,Nabeul,2025-10-05,10,22.9,62,0.0,medium,Low rainfall,Medium,Rainfall is very low for a climate-sensitive zone.,Recommend irrigation products and soil moisture support.
246,1,Nabeul,2025-10-06,10,21.2,53,0.0,medium,Low rainfall,Medium,Rainfall is very low for a climate-sensitive zone.,Recommend irrigation products and soil moisture support.
247,1,Nabeul,2025-10-07,10,20.3,56,0.0,medium,Low rainfall,Medium,Rainfall is very low for a climate-sensitive zone.,Recommend irrigation products and soil moisture support.
248,1,Nabeul,2025-10-08,10,20.3,60,0.0,medium,Low rainfall,Medium,Rainfall is very low for a climate-sensitive zone.,Recommend irrigation products and soil moisture support.
249,1,Nabeul,2025-10-09,10,22.4,66,0.0,medium,Low rainfall,Medium,Rainfall is very low for a climate-sensitive zone.,Recommend irrigation products and soil moisture support.
250,1,Nabeul,2025-10-10,10,23.2,67,0.1,medium,Low rainfall,Medium,Rainfall is very low for a climate-sensitive zone.,Recommend irrigation products and soil moisture support.
251,1,Nabeul,2025-10-13,10,22.8,75,0.0,medium,Low rainfall,Medium,Rainfall is very low for a climate-sensitive zone.,Recommend irrigation products and soil moisture support.
252,1,Nabeul,2025-10-14,10,22.8,79,0.0,medium,Low rainfall,Medium,Rainfall is very low for a climate-sensitive zone.,Recommend irrigation products and soil moisture support.
253,1,Nabeul,2025-10-16,10,20.7,74,0.4,medium,Low rainfall,Medium,Rainfall is very low for a climate-sensitive zone.,Recommend irrigation products and soil moisture support.
254,1,Nabeul,2025-10-20,10,20.2,72,0.3,medium,Low rainfall,Medium,Rainfall is very low for a climate-sensitive zone.,Recommend irrigation products and soil moisture support.
255,1,Nabeul,2025-10-21,10,22.7,63,0.0,medium,Low rainfall,Medium,Rainfall is very low for a climate-sensitive zone.,Recommend irrigation products and soil moisture support.
256,1,Nabeul,2025-10-23,10,23.6,65,0.0,medium,Low rainfall,Medium,Rainfall is very low for a climate-sensitive zone.,Recommend irrigation products and soil moisture support.
257,1,Nabeul,2025-10-24,10,22.4,70,0.4,medium,Low rainfall,Medium,Rainfall is very low for a climate-sensitive zone.,Recommend irrigation products and soil moisture support.
258,1,Nabeul,2025-10-25,10,22.4,84,0.0,medium,Low rainfall,Medium,Rainfall is very low for a climate-sensitive zone.,Recommend irrigation products and soil moisture support.
259,1,Nabeul,2025-10-26,10,23.9,58,0.0,medium,Low rainfall,Medium,Rainfall is very low for a climate-sensitive zone.,Recommend irrigation products and soil moisture support.
260,1,Nabeul,2025-10-27,10,20.0,58,0.0,medium,Low rainfall,Medium,Rainfall is very low for a climate-sensitive zone.,Recommend irrigation products and soil moisture support.
261,1,Nabeul,2025-10-28,10,19.4,59,0.0,medium,Low rainfall,Medium,Rainfall is very low for a climate-sensitive zone.,Recommend irrigation products and soil moisture support.
262,1,Nabeul,2025-10-29,10,20.1,68,0.0,medium,Low rainfall,Medium,Rainfall is very low for a climate-sensitive zone.,Recommend irrigation products and soil moisture support.
263,1,Nabeul,2025-10-30,10,21.5,85,0.1,medium,High humidity,Medium,Humidity level is high and may increase fungal disease risk.,Recommend fungicides and crop protection products.
264,1,Nabeul,2025-10-30,10,21.5,85,0.1,medium,Low rainfall,Medium,Rainfall is very low for a climate-sensitive zone.,Recommend irrigation products and soil moisture support.
265,1,Nabeul,2025-11-01,11,20.1,72,0.0,medium,Low rainfall,Medium,Rainfall is very low for a climate-sensitive zone.,Recommend irrigation products and soil moisture support.
266,1,Nabeul,2025-11-02,11,19.2,78,0.0,medium,Low rainfall,Medium,Rainfall is very low for a climate-sensitive zone.,Recommend irrigation products and soil moisture support.
267,1,Nabeul,2025-11-03,11,20.0,69,0.0,medium,Low rainfall,Medium,Rainfall is very low for a climate-sensitive zone.,Recommend irrigation products and soil moisture support.
268,1,Nabeul,2025-11-04,11,18.4,65,0.0,medium,Low rainfall,Medium,Rainfall is very low for a climate-sensitive zone.,Recommend irrigation products and soil moisture support.
269,1,Nabeul,2025-11-05,11,17.6,67,0.0,medium,Low rainfall,Medium,Rainfall is very low for a climate-sensitive zone.,Recommend irrigation products and soil moisture support.
270,1,Nabeul,2025-11-06,11,19.1,78,0.0,medium,Low rainfall,Medium,Rainfall is very low for a climate-sensitive zone.,Recommend irrigation products and soil moisture support.
271,1,Nabeul,2025-11-07,11,18.9,67,0.0,medium,Low rainfall,Medium,Rainfall is very low for a climate-sensitive zone.,Recommend irrigation products and soil moisture support.
272,1,Nabeul,2025-11-09,11,17.3,67,0.4,medium,Low rainfall,Medium,Rainfall is very low for a climate-sensitive zone.,Recommend irrigation products and soil moisture support.
273,1,Nabeul,2025-11-10,11,17.8,68,0.0,medium,Low rainfall,Medium,Rainfall is very low for a climate-sensitive zone.,Recommend irrigation products and soil moisture support.
274,1,Nabeul,2025-11-11,11,16.7,70,0.0,medium,Low rainfall,Medium,Rainfall is very low for a climate-sensitive zone.,Recommend irrigation products and soil moisture support.
275,1,Nabeul,2025-11-12,11,18.1,72,0.0,medium,Low rainfall,Medium,Rainfall is very low for a climate-sensitive zone.,Recommend irrigation products and soil moisture support.
276,1,Nabeul,2025-11-13,11,19.5,74,0.0,medium,Low rainfall,Medium,Rainfall is very low for a climate-sensitive zone.,Recommend irrigation products and soil moisture support.
277,1,Nabeul,2025-11-14,11,20.2,61,0.0,medium,Low rainfall,Medium,Rainfall is very low for a climate-sensitive zone.,Recommend irrigation products and soil moisture support.
278,1,Nabeul,2025-11-15,11,20.3,54,0.0,medium,Low rainfall,Medium,Rainfall is very low for a climate-sensitive zone.,Recommend irrigation products and soil moisture support.
279,1,Nabeul,2025-11-16,11,20.8,58,0.0,medium,Low rainfall,Medium,Rainfall is very low for a climate-sensitive zone.,Recommend irrigation products and soil moisture support.
280,1,Nabeul,2025-11-19,11,16.6,60,0.0,medium,Low rainfall,Medium,Rainfall is very low for a climate-sensitive zone.,Recommend irrigation products and soil moisture support.
281,1,Nabeul,2025-11-21,11,14.7,57,0.0,medium,Low rainfall,Medium,Rainfall is very low for a climate-sensitive zone.,Recommend irrigation products and soil moisture support.
282,1,Nabeul,2025-11-22,11,10.5,56,0.0,medium,Low rainfall,Medium,Rainfall is very low for a climate-sensitive zone.,Recommend irrigation products and soil moisture support.
283,1,Nabeul,2025-11-23,11,12.9,54,0.0,medium,Low rainfall,Medium,Rainfall is very low for a climate-sensitive zone.,Recommend irrigation products and soil moisture support.
284,1,Nabeul,2025-11-24,11,14.1,55,0.0,medium,Low rainfall,Medium,Rainfall is very low for a climate-sensitive zone.,Recommend irrigation products and soil moisture support.
285,1,Nabeul,2025-11-26,11,12.8,65,0.0,medium,Low rainfall,Medium,Rainfall is very low for a climate-sensitive zone.,Recommend irrigation products and soil moisture support.
286,1,Nabeul,2025-11-27,11,10.5,63,0.0,medium,Low rainfall,Medium,Rainfall is very low for a climate-sensitive zone.,Recommend irrigation products and soil moisture support.
287,1,Nabeul,2025-11-29,11,13.1,71,0.0,medium,Low rainfall,Medium,Rainfall is very low for a climate-sensitive zone.,Recommend irrigation products and soil moisture support.
288,1,Nabeul,2025-11-30,11,13.4,66,0.0,medium,Low rainfall,Medium,Rainfall is very low for a climate-sensitive zone.,Recommend irrigation products and soil moisture support.
289,1,Nabeul,2025-12-01,12,13.3,62,0.0,medium,Low rainfall,Medium,Rainfall is very low for a climate-sensitive zone.,Recommend irrigation products and soil moisture support.
290,1,Nabeul,2025-12-02,12,13.0,70,0.0,medium,Low rainfall,Medium,Rainfall is very low for a climate-sensitive zone.,Recommend irrigation products and soil moisture support.
291,1,Nabeul,2025-12-06,12,14.5,60,0.0,medium,Low rainfall,Medium,Rainfall is very low for a climate-sensitive zone.,Recommend irrigation products and soil moisture support.
292,1,Nabeul,2025-12-07,12,16.4,74,0.0,medium,Low rainfall,Medium,Rainfall is very low for a climate-sensitive zone.,Recommend irrigation products and soil moisture support.
293,1,Nabeul,2025-12-08,12,16.2,80,0.0,medium,Low rainfall,Medium,Rainfall is very low for a climate-sensitive zone.,Recommend irrigation products and soil moisture support.
294,1,Nabeul,2025-12-09,12,14.2,86,0.0,medium,High humidity,Medium,Humidity level is high and may increase fungal disease risk.,Recommend fungicides and crop protection products.
295,1,Nabeul,2025-12-09,12,14.2,86,0.0,medium,Low rainfall,Medium,Rainfall is very low for a climate-sensitive zone.,Recommend irrigation products and soil moisture support.
296,1,Nabeul,2025-12-10,12,15.1,83,0.0,medium,Low rainfall,Medium,Rainfall is very low for a climate-sensitive zone.,Recommend irrigation products and soil moisture support.
297,1,Nabeul,2025-12-11,12,14.1,84,0.4,medium,Low rainfall,Medium,Rainfall is very low for a climate-sensitive zone.,Recommend irrigation products and soil moisture support.
298,1,Nabeul,2025-12-12,12,14.5,83,0.3,medium,Low rainfall,Medium,Rainfall is very low for a climate-sensitive zone.,Recommend irrigation products and soil moisture support.
299,1,Nabeul,2025-12-17,12,16.1,89,0.5,medium,High humidity,Medium,Humidity level is high and may increase fungal disease risk.,Recommend fungicides and crop protection products.
300,1,Nabeul,2025-12-17,12,16.1,89,0.5,medium,Low rainfall,Medium,Rainfall is very low for a climate-sensitive zone.,Recommend irrigation products and soil moisture support.
301,1,Nabeul,2025-12-18,12,17.7,88,0.5,medium,High humidity,Medium,Humidity level is high and may increase fungal disease risk.,Recommend fungicides and crop protection products.
302,1,Nabeul,2025-12-18,12,17.7,88,0.5,medium,Low rainfall,Medium,Rainfall is very low for a climate-sensitive zone.,Recommend irrigation products and soil moisture support.
303,1,Nabeul,2025-12-19,12,15.5,88,23.7,low,High humidity,Medium,Humidity level is high and may increase fungal disease risk.,Recommend fungicides and crop protection products.
304,1,Nabeul,2025-12-20,12,14.5,86,1.8,medium,High humidity,Medium,Humidity level is high and may increase fungal disease risk.,Recommend fungicides and crop protection products.
305,1,Nabeul,2025-12-22,12,14.8,77,0.1,medium,Low rainfall,Medium,Rainfall is very low for a climate-sensitive zone.,Recommend irrigation products and soil moisture support.
306,1,Nabeul,2025-12-24,12,11.8,62,0.0,medium,Low rainfall,Medium,Rainfall is very low for a climate-sensitive zone.,Recommend irrigation products and soil moisture support.
307,1,Nabeul,2025-12-25,12,13.7,67,0.0,medium,Low rainfall,Medium,Rainfall is very low for a climate-sensitive zone.,Recommend irrigation products and soil moisture support.
308,1,Nabeul,2025-12-27,12,13.6,89,13.0,low,High humidity,Medium,Humidity level is high and may increase fungal disease risk.,Recommend fungicides and crop protection products.
309,1,Nabeul,2025-12-29,12,13.0,79,0.0,medium,Low rainfall,Medium,Rainfall is very low for a climate-sensitive zone.,Recommend irrigation products and soil moisture support.
310,1,Nabeul,2025-12-30,12,12.2,73,0.0,medium,Low rainfall,Medium,Rainfall is very low for a climate-sensitive zone.,Recommend irrigation products and soil moisture support.
311,2,Sfax,2025-01-02,1,13.2,89,14.7,low,High humidity,Medium,Humidity level is high and may increase fungal disease risk.,Recommend fungicides and crop protection products.
312,2,Sfax,2025-01-03,1,13.1,88,13.3,low,High humidity,Medium,Humidity level is high and may increase fungal disease risk.,Recommend fungicides and crop protection products.
313,2,Sfax,2025-01-04,1,13.2,74,0.0,medium,Low rainfall,Medium,Rainfall is very low for a climate-sensitive zone.,Recommend irrigation products and soil moisture support.
314,2,Sfax,2025-01-05,1,12.7,76,0.0,medium,Low rainfall,Medium,Rainfall is very low for a climate-sensitive zone.,Recommend irrigation products and soil moisture support.
315,2,Sfax,2025-01-06,1,13.2,73,0.0,medium,Low rainfall,Medium,Rainfall is very low for a climate-sensitive zone.,Recommend irrigation products and soil moisture support.
316,2,Sfax,2025-01-07,1,14.0,68,0.0,medium,Low rainfall,Medium,Rainfall is very low for a climate-sensitive zone.,Recommend irrigation products and soil moisture support.
317,2,Sfax,2025-01-08,1,12.5,69,0.0,medium,Low rainfall,Medium,Rainfall is very low for a climate-sensitive zone.,Recommend irrigation products and soil moisture support.
318,2,Sfax,2025-01-09,1,12.6,65,0.5,medium,Low rainfall,Medium,Rainfall is very low for a climate-sensitive zone.,Recommend irrigation products and soil moisture support.
319,2,Sfax,2025-01-10,1,14.2,69,0.4,medium,Low rainfall,Medium,Rainfall is very low for a climate-sensitive zone.,Recommend irrigation products and soil moisture support.
320,2,Sfax,2025-01-11,1,13.1,65,0.0,medium,Low rainfall,Medium,Rainfall is very low for a climate-sensitive zone.,Recommend irrigation products and soil moisture support.
321,2,Sfax,2025-01-13,1,10.7,71,0.1,medium,Low rainfall,Medium,Rainfall is very low for a climate-sensitive zone.,Recommend irrigation products and soil moisture support.
322,2,Sfax,2025-01-15,1,10.9,72,0.1,medium,Low rainfall,Medium,Rainfall is very low for a climate-sensitive zone.,Recommend irrigation products and soil moisture support.
323,2,Sfax,2025-01-18,1,11.4,62,0.0,medium,Low rainfall,Medium,Rainfall is very low for a climate-sensitive zone.,Recommend irrigation products and soil moisture support.
324,2,Sfax,2025-01-19,1,11.2,70,0.0,medium,Low rainfall,Medium,Rainfall is very low for a climate-sensitive zone.,Recommend irrigation products and soil moisture support.
325,2,Sfax,2025-01-20,1,11.7,81,0.0,medium,Low rainfall,Medium,Rainfall is very low for a climate-sensitive zone.,Recommend irrigation products and soil moisture support.
326,2,Sfax,2025-01-21,1,11.5,69,0.0,medium,Low rainfall,Medium,Rainfall is very low for a climate-sensitive zone.,Recommend irrigation products and soil moisture support.
327,2,Sfax,2025-01-22,1,14.2,54,0.0,medium,Low rainfall,Medium,Rainfall is very low for a climate-sensitive zone.,Recommend irrigation products and soil moisture support.
328,2,Sfax,2025-01-23,1,14.5,51,0.0,medium,Low rainfall,Medium,Rainfall is very low for a climate-sensitive zone.,Recommend irrigation products and soil moisture support.
329,2,Sfax,2025-01-24,1,14.4,62,0.0,medium,Low rainfall,Medium,Rainfall is very low for a climate-sensitive zone.,Recommend irrigation products and soil moisture support.
330,2,Sfax,2025-01-26,1,15.5,66,0.0,medium,Low rainfall,Medium,Rainfall is very low for a climate-sensitive zone.,Recommend irrigation products and soil moisture support.
331,2,Sfax,2025-01-27,1,15.4,66,0.0,medium,Low rainfall,Medium,Rainfall is very low for a climate-sensitive zone.,Recommend irrigation products and soil moisture support.
332,2,Sfax,2025-01-28,1,16.7,55,0.0,medium,Low rainfall,Medium,Rainfall is very low for a climate-sensitive zone.,Recommend irrigation products and soil moisture support.
333,2,Sfax,2025-01-30,1,11.9,61,0.0,medium,Low rainfall,Medium,Rainfall is very low for a climate-sensitive zone.,Recommend irrigation products and soil moisture support.
334,2,Sfax,2025-01-31,1,13.1,76,0.0,medium,Low rainfall,Medium,Rainfall is very low for a climate-sensitive zone.,Recommend irrigation products and soil moisture support.
335,2,Sfax,2025-02-01,2,14.6,83,0.1,medium,Low rainfall,Medium,Rainfall is very low for a climate-sensitive zone.,Recommend irrigation products and soil moisture support.
336,2,Sfax,2025-02-02,2,12.7,69,0.0,medium,Low rainfall,Medium,Rainfall is very low for a climate-sensitive zone.,Recommend irrigation products and soil moisture support.
337,2,Sfax,2025-02-03,2,11.9,68,0.0,medium,Low rainfall,Medium,Rainfall is very low for a climate-sensitive zone.,Recommend irrigation products and soil moisture support.
338,2,Sfax,2025-02-06,2,11.8,82,0.2,medium,Low rainfall,Medium,Rainfall is very low for a climate-sensitive zone.,Recommend irrigation products and soil moisture support.
339,2,Sfax,2025-02-07,2,11.7,90,19.3,low,High humidity,Medium,Humidity level is high and may increase fungal disease risk.,Recommend fungicides and crop protection products.
340,2,Sfax,2025-02-09,2,12.2,75,0.0,medium,Low rainfall,Medium,Rainfall is very low for a climate-sensitive zone.,Recommend irrigation products and soil moisture support.
341,2,Sfax,2025-02-10,2,12.5,75,0.2,medium,Low rainfall,Medium,Rainfall is very low for a climate-sensitive zone.,Recommend irrigation products and soil moisture support.
342,2,Sfax,2025-02-11,2,12.8,85,0.1,medium,High humidity,Medium,Humidity level is high and may increase fungal disease risk.,Recommend fungicides and crop protection products.
343,2,Sfax,2025-02-11,2,12.8,85,0.1,medium,Low rainfall,Medium,Rainfall is very low for a climate-sensitive zone.,Recommend irrigation products and soil moisture support.
344,2,Sfax,2025-02-12,2,12.7,85,0.0,medium,High humidity,Medium,Humidity level is high and may increase fungal disease risk.,Recommend fungicides and crop protection products.
345,2,Sfax,2025-02-12,2,12.7,85,0.0,medium,Low rainfall,Medium,Rainfall is very low for a climate-sensitive zone.,Recommend irrigation products and soil moisture support.
346,2,Sfax,2025-02-13,2,14.1,86,0.2,medium,High humidity,Medium,Humidity level is high and may increase fungal disease risk.,Recommend fungicides and crop protection products.
347,2,Sfax,2025-02-13,2,14.1,86,0.2,medium,Low rainfall,Medium,Rainfall is very low for a climate-sensitive zone.,Recommend irrigation products and soil moisture support.
348,2,Sfax,2025-02-14,2,14.0,79,0.1,medium,Low rainfall,Medium,Rainfall is very low for a climate-sensitive zone.,Recommend irrigation products and soil moisture support.
349,2,Sfax,2025-02-15,2,14.7,69,0.3,medium,Low rainfall,Medium,Rainfall is very low for a climate-sensitive zone.,Recommend irrigation products and soil moisture support.
350,2,Sfax,2025-02-16,2,12.4,69,0.0,medium,Low rainfall,Medium,Rainfall is very low for a climate-sensitive zone.,Recommend irrigation products and soil moisture support.
351,2,Sfax,2025-02-17,2,14.0,81,0.0,medium,Low rainfall,Medium,Rainfall is very low for a climate-sensitive zone.,Recommend irrigation products and soil moisture support.
352,2,Sfax,2025-02-18,2,13.2,80,0.0,medium,Low rainfall,Medium,Rainfall is very low for a climate-sensitive zone.,Recommend irrigation products and soil moisture support.
353,2,Sfax,2025-02-19,2,12.6,89,0.0,medium,High humidity,Medium,Humidity level is high and may increase fungal disease risk.,Recommend fungicides and crop protection products.
354,2,Sfax,2025-02-19,2,12.6,89,0.0,medium,Low rainfall,Medium,Rainfall is very low for a climate-sensitive zone.,Recommend irrigation products and soil moisture support.
355,2,Sfax,2025-02-20,2,14.2,83,0.0,medium,Low rainfall,Medium,Rainfall is very low for a climate-sensitive zone.,Recommend irrigation products and soil moisture support.
356,2,Sfax,2025-02-22,2,13.9,75,0.2,medium,Low rainfall,Medium,Rainfall is very low for a climate-sensitive zone.,Recommend irrigation products and soil moisture support.
357,2,Sfax,2025-02-23,2,13.7,80,0.5,medium,Low rainfall,Medium,Rainfall is very low for a climate-sensitive zone.,Recommend irrigation products and soil moisture support.
358,2,Sfax,2025-02-24,2,14.4,75,0.4,medium,Low rainfall,Medium,Rainfall is very low for a climate-sensitive zone.,Recommend irrigation products and soil moisture support.
359,2,Sfax,2025-02-25,2,14.9,69,0.0,medium,Low rainfall,Medium,Rainfall is very low for a climate-sensitive zone.,Recommend irrigation products and soil moisture support.
360,2,Sfax,2025-02-27,2,12.7,59,0.0,medium,Low rainfall,Medium,Rainfall is very low for a climate-sensitive zone.,Recommend irrigation products and soil moisture support.
361,2,Sfax,2025-02-28,2,14.5,61,0.0,medium,Low rainfall,Medium,Rainfall is very low for a climate-sensitive zone.,Recommend irrigation products and soil moisture support.
362,2,Sfax,2025-03-01,3,16.3,68,0.0,medium,Low rainfall,Medium,Rainfall is very low for a climate-sensitive zone.,Recommend irrigation products and soil moisture support.
363,2,Sfax,2025-03-02,3,17.0,72,0.0,medium,Low rainfall,Medium,Rainfall is very low for a climate-sensitive zone.,Recommend irrigation products and soil moisture support.
364,2,Sfax,2025-03-03,3,15.9,82,0.1,medium,Low rainfall,Medium,Rainfall is very low for a climate-sensitive zone.,Recommend irrigation products and soil moisture support.
365,2,Sfax,2025-03-08,3,15.6,82,0.1,medium,Low rainfall,Medium,Rainfall is very low for a climate-sensitive zone.,Recommend irrigation products and soil moisture support.
366,2,Sfax,2025-03-09,3,17.5,79,0.0,medium,Low rainfall,Medium,Rainfall is very low for a climate-sensitive zone.,Recommend irrigation products and soil moisture support.
367,2,Sfax,2025-03-10,3,20.4,61,0.0,medium,Low rainfall,Medium,Rainfall is very low for a climate-sensitive zone.,Recommend irrigation products and soil moisture support.
368,2,Sfax,2025-03-11,3,18.5,68,0.0,medium,Low rainfall,Medium,Rainfall is very low for a climate-sensitive zone.,Recommend irrigation products and soil moisture support.
369,2,Sfax,2025-03-12,3,18.0,80,0.0,medium,Low rainfall,Medium,Rainfall is very low for a climate-sensitive zone.,Recommend irrigation products and soil moisture support.
370,2,Sfax,2025-03-13,3,19.0,68,0.0,medium,Low rainfall,Medium,Rainfall is very low for a climate-sensitive zone.,Recommend irrigation products and soil moisture support.
371,2,Sfax,2025-03-14,3,24.2,38,0.0,medium,Low rainfall,Medium,Rainfall is very low for a climate-sensitive zone.,Recommend irrigation products and soil moisture support.
372,2,Sfax,2025-03-15,3,23.3,34,0.0,medium,Low rainfall,Medium,Rainfall is very low for a climate-sensitive zone.,Recommend irrigation products and soil moisture support.
373,2,Sfax,2025-03-16,3,16.5,66,0.0,medium,Low rainfall,Medium,Rainfall is very low for a climate-sensitive zone.,Recommend irrigation products and soil moisture support.
374,2,Sfax,2025-03-17,3,17.9,71,0.0,medium,Low rainfall,Medium,Rainfall is very low for a climate-sensitive zone.,Recommend irrigation products and soil moisture support.
375,2,Sfax,2025-03-18,3,18.7,66,0.0,medium,Low rainfall,Medium,Rainfall is very low for a climate-sensitive zone.,Recommend irrigation products and soil moisture support.
376,2,Sfax,2025-03-20,3,16.7,74,0.1,medium,Low rainfall,Medium,Rainfall is very low for a climate-sensitive zone.,Recommend irrigation products and soil moisture support.
377,2,Sfax,2025-03-21,3,17.7,78,0.0,medium,Low rainfall,Medium,Rainfall is very low for a climate-sensitive zone.,Recommend irrigation products and soil moisture support.
378,2,Sfax,2025-03-22,3,22.2,50,0.0,medium,Low rainfall,Medium,Rainfall is very low for a climate-sensitive zone.,Recommend irrigation products and soil moisture support.
379,2,Sfax,2025-03-23,3,19.3,59,0.0,medium,Low rainfall,Medium,Rainfall is very low for a climate-sensitive zone.,Recommend irrigation products and soil moisture support.
380,2,Sfax,2025-03-24,3,18.0,66,0.0,medium,Low rainfall,Medium,Rainfall is very low for a climate-sensitive zone.,Recommend irrigation products and soil moisture support.
381,2,Sfax,2025-03-26,3,15.6,65,0.2,medium,Low rainfall,Medium,Rainfall is very low for a climate-sensitive zone.,Recommend irrigation products and soil moisture support.
382,2,Sfax,2025-03-27,3,15.4,57,0.0,medium,Low rainfall,Medium,Rainfall is very low for a climate-sensitive zone.,Recommend irrigation products and soil moisture support.
383,2,Sfax,2025-03-28,3,16.2,57,0.0,medium,Low rainfall,Medium,Rainfall is very low for a climate-sensitive zone.,Recommend irrigation products and soil moisture support.
384,2,Sfax,2025-03-31,3,16.5,56,0.0,medium,Low rainfall,Medium,Rainfall is very low for a climate-sensitive zone.,Recommend irrigation products and soil moisture support.
385,2,Sfax,2025-04-01,4,16.1,52,0.0,medium,Low rainfall,Medium,Rainfall is very low for a climate-sensitive zone.,Recommend irrigation products and soil moisture support.
386,2,Sfax,2025-04-02,4,14.7,62,0.0,medium,Low rainfall,Medium,Rainfall is very low for a climate-sensitive zone.,Recommend irrigation products and soil moisture support.
387,2,Sfax,2025-04-03,4,16.8,74,0.0,medium,Low rainfall,Medium,Rainfall is very low for a climate-sensitive zone.,Recommend irrigation products and soil moisture support.
388,2,Sfax,2025-04-04,4,16.7,81,0.0,medium,Low rainfall,Medium,Rainfall is very low for a climate-sensitive zone.,Recommend irrigation products and soil moisture support.
389,2,Sfax,2025-04-05,4,17.7,80,0.0,medium,Low rainfall,Medium,Rainfall is very low for a climate-sensitive zone.,Recommend irrigation products and soil moisture support.
390,2,Sfax,2025-04-09,4,17.1,76,0.0,medium,Low rainfall,Medium,Rainfall is very low for a climate-sensitive zone.,Recommend irrigation products and soil moisture support.
391,2,Sfax,2025-04-10,4,20.9,52,0.0,medium,Low rainfall,Medium,Rainfall is very low for a climate-sensitive zone.,Recommend irrigation products and soil moisture support.
392,2,Sfax,2025-04-11,4,17.1,79,0.0,medium,Low rainfall,Medium,Rainfall is very low for a climate-sensitive zone.,Recommend irrigation products and soil moisture support.
393,2,Sfax,2025-04-12,4,18.9,80,0.0,medium,Low rainfall,Medium,Rainfall is very low for a climate-sensitive zone.,Recommend irrigation products and soil moisture support.
394,2,Sfax,2025-04-13,4,19.9,74,0.0,medium,Low rainfall,Medium,Rainfall is very low for a climate-sensitive zone.,Recommend irrigation products and soil moisture support.
395,2,Sfax,2025-04-14,4,23.3,56,0.1,medium,Low rainfall,Medium,Rainfall is very low for a climate-sensitive zone.,Recommend irrigation products and soil moisture support.
396,2,Sfax,2025-04-15,4,20.5,68,0.0,medium,Low rainfall,Medium,Rainfall is very low for a climate-sensitive zone.,Recommend irrigation products and soil moisture support.
397,2,Sfax,2025-04-17,4,17.4,43,0.0,medium,Low rainfall,Medium,Rainfall is very low for a climate-sensitive zone.,Recommend irrigation products and soil moisture support.
398,2,Sfax,2025-04-18,4,19.2,48,0.0,medium,Low rainfall,Medium,Rainfall is very low for a climate-sensitive zone.,Recommend irrigation products and soil moisture support.
399,2,Sfax,2025-04-19,4,19.7,66,0.0,medium,Low rainfall,Medium,Rainfall is very low for a climate-sensitive zone.,Recommend irrigation products and soil moisture support.
400,2,Sfax,2025-04-20,4,19.3,74,0.0,medium,Low rainfall,Medium,Rainfall is very low for a climate-sensitive zone.,Recommend irrigation products and soil moisture support.
401,2,Sfax,2025-04-22,4,17.1,68,0.3,medium,Low rainfall,Medium,Rainfall is very low for a climate-sensitive zone.,Recommend irrigation products and soil moisture support.
402,2,Sfax,2025-04-23,4,17.8,71,0.3,medium,Low rainfall,Medium,Rainfall is very low for a climate-sensitive zone.,Recommend irrigation products and soil moisture support.
403,2,Sfax,2025-04-24,4,19.0,65,0.0,medium,Low rainfall,Medium,Rainfall is very low for a climate-sensitive zone.,Recommend irrigation products and soil moisture support.
404,2,Sfax,2025-04-25,4,19.2,65,0.0,medium,Low rainfall,Medium,Rainfall is very low for a climate-sensitive zone.,Recommend irrigation products and soil moisture support.
405,2,Sfax,2025-04-26,4,19.9,68,0.0,medium,Low rainfall,Medium,Rainfall is very low for a climate-sensitive zone.,Recommend irrigation products and soil moisture support.
406,2,Sfax,2025-04-27,4,18.7,71,0.1,medium,Low rainfall,Medium,Rainfall is very low for a climate-sensitive zone.,Recommend irrigation products and soil moisture support.
407,2,Sfax,2025-04-30,4,17.6,78,0.0,medium,Low rainfall,Medium,Rainfall is very low for a climate-sensitive zone.,Recommend irrigation products and soil moisture support.
408,2,Sfax,2025-05-01,5,19.7,71,0.1,medium,Low rainfall,Medium,Rainfall is very low for a climate-sensitive zone.,Recommend irrigation products and soil moisture support.
409,2,Sfax,2025-05-02,5,20.8,62,0.0,medium,Low rainfall,Medium,Rainfall is very low for a climate-sensitive zone.,Recommend irrigation products and soil moisture support.
410,2,Sfax,2025-05-03,5,20.8,67,0.0,medium,Low rainfall,Medium,Rainfall is very low for a climate-sensitive zone.,Recommend irrigation products and soil moisture support.
411,2,Sfax,2025-05-04,5,22.0,70,0.0,medium,Low rainfall,Medium,Rainfall is very low for a climate-sensitive zone.,Recommend irrigation products and soil moisture support.
412,2,Sfax,2025-05-05,5,22.0,67,0.2,medium,Low rainfall,Medium,Rainfall is very low for a climate-sensitive zone.,Recommend irrigation products and soil moisture support.
413,2,Sfax,2025-05-06,5,21.4,58,0.0,medium,Low rainfall,Medium,Rainfall is very low for a climate-sensitive zone.,Recommend irrigation products and soil moisture support.
414,2,Sfax,2025-05-07,5,21.0,59,0.0,medium,Low rainfall,Medium,Rainfall is very low for a climate-sensitive zone.,Recommend irrigation products and soil moisture support.
415,2,Sfax,2025-05-08,5,21.0,68,0.0,medium,Low rainfall,Medium,Rainfall is very low for a climate-sensitive zone.,Recommend irrigation products and soil moisture support.
416,2,Sfax,2025-05-09,5,21.8,64,0.0,medium,Low rainfall,Medium,Rainfall is very low for a climate-sensitive zone.,Recommend irrigation products and soil moisture support.
417,2,Sfax,2025-05-10,5,21.0,67,0.0,medium,Low rainfall,Medium,Rainfall is very low for a climate-sensitive zone.,Recommend irrigation products and soil moisture support.
418,2,Sfax,2025-05-11,5,24.4,61,0.0,medium,Low rainfall,Medium,Rainfall is very low for a climate-sensitive zone.,Recommend irrigation products and soil moisture support.
419,2,Sfax,2025-05-13,5,21.2,72,0.0,medium,Low rainfall,Medium,Rainfall is very low for a climate-sensitive zone.,Recommend irrigation products and soil moisture support.
420,2,Sfax,2025-05-16,5,20.3,63,0.1,medium,Low rainfall,Medium,Rainfall is very low for a climate-sensitive zone.,Recommend irrigation products and soil moisture support.
421,2,Sfax,2025-05-17,5,20.5,64,0.0,medium,Low rainfall,Medium,Rainfall is very low for a climate-sensitive zone.,Recommend irrigation products and soil moisture support.
422,2,Sfax,2025-05-18,5,23.0,64,0.0,medium,Low rainfall,Medium,Rainfall is very low for a climate-sensitive zone.,Recommend irrigation products and soil moisture support.
423,2,Sfax,2025-05-19,5,25.7,55,0.0,medium,Low rainfall,Medium,Rainfall is very low for a climate-sensitive zone.,Recommend irrigation products and soil moisture support.
424,2,Sfax,2025-05-20,5,25.7,60,0.0,medium,Low rainfall,Medium,Rainfall is very low for a climate-sensitive zone.,Recommend irrigation products and soil moisture support.
425,2,Sfax,2025-05-21,5,22.8,60,0.0,medium,Low rainfall,Medium,Rainfall is very low for a climate-sensitive zone.,Recommend irrigation products and soil moisture support.
426,2,Sfax,2025-05-22,5,22.4,66,0.3,medium,Low rainfall,Medium,Rainfall is very low for a climate-sensitive zone.,Recommend irrigation products and soil moisture support.
427,2,Sfax,2025-05-23,5,22.6,58,0.0,medium,Low rainfall,Medium,Rainfall is very low for a climate-sensitive zone.,Recommend irrigation products and soil moisture support.
428,2,Sfax,2025-05-25,5,20.8,56,0.0,medium,Low rainfall,Medium,Rainfall is very low for a climate-sensitive zone.,Recommend irrigation products and soil moisture support.
429,2,Sfax,2025-05-26,5,21.3,56,0.0,medium,Low rainfall,Medium,Rainfall is very low for a climate-sensitive zone.,Recommend irrigation products and soil moisture support.
430,2,Sfax,2025-05-27,5,22.6,65,0.0,medium,Low rainfall,Medium,Rainfall is very low for a climate-sensitive zone.,Recommend irrigation products and soil moisture support.
431,2,Sfax,2025-05-28,5,23.1,60,0.0,medium,Low rainfall,Medium,Rainfall is very low for a climate-sensitive zone.,Recommend irrigation products and soil moisture support.
432,2,Sfax,2025-05-29,5,24.9,52,0.0,medium,Low rainfall,Medium,Rainfall is very low for a climate-sensitive zone.,Recommend irrigation products and soil moisture support.
433,2,Sfax,2025-05-30,5,24.3,42,0.0,medium,Low rainfall,Medium,Rainfall is very low for a climate-sensitive zone.,Recommend irrigation products and soil moisture support.
434,2,Sfax,2025-05-31,5,23.0,51,0.0,medium,Low rainfall,Medium,Rainfall is very low for a climate-sensitive zone.,Recommend irrigation products and soil moisture support.
435,2,Sfax,2025-06-01,6,22.2,58,0.0,medium,Low rainfall,Medium,Rainfall is very low for a climate-sensitive zone.,Recommend irrigation products and soil moisture support.
436,2,Sfax,2025-06-02,6,21.9,66,0.0,medium,Low rainfall,Medium,Rainfall is very low for a climate-sensitive zone.,Recommend irrigation products and soil moisture support.
437,2,Sfax,2025-06-03,6,23.3,73,0.0,medium,Low rainfall,Medium,Rainfall is very low for a climate-sensitive zone.,Recommend irrigation products and soil moisture support.
438,2,Sfax,2025-06-04,6,26.0,65,0.0,medium,Low rainfall,Medium,Rainfall is very low for a climate-sensitive zone.,Recommend irrigation products and soil moisture support.
439,2,Sfax,2025-06-05,6,25.8,65,0.0,medium,Low rainfall,Medium,Rainfall is very low for a climate-sensitive zone.,Recommend irrigation products and soil moisture support.
440,2,Sfax,2025-06-06,6,25.4,60,0.0,medium,Low rainfall,Medium,Rainfall is very low for a climate-sensitive zone.,Recommend irrigation products and soil moisture support.
441,2,Sfax,2025-06-07,6,26.1,55,0.0,medium,Low rainfall,Medium,Rainfall is very low for a climate-sensitive zone.,Recommend irrigation products and soil moisture support.
442,2,Sfax,2025-06-08,6,26.9,52,0.0,medium,Low rainfall,Medium,Rainfall is very low for a climate-sensitive zone.,Recommend irrigation products and soil moisture support.
443,2,Sfax,2025-06-09,6,26.9,53,0.0,medium,Low rainfall,Medium,Rainfall is very low for a climate-sensitive zone.,Recommend irrigation products and soil moisture support.
444,2,Sfax,2025-06-10,6,26.4,56,0.0,medium,Low rainfall,Medium,Rainfall is very low for a climate-sensitive zone.,Recommend irrigation products and soil moisture support.
445,2,Sfax,2025-06-11,6,24.8,63,0.0,medium,Low rainfall,Medium,Rainfall is very low for a climate-sensitive zone.,Recommend irrigation products and soil moisture support.
446,2,Sfax,2025-06-12,6,24.2,71,0.0,medium,Low rainfall,Medium,Rainfall is very low for a climate-sensitive zone.,Recommend irrigation products and soil moisture support.
447,2,Sfax,2025-06-13,6,26.0,66,0.0,medium,Low rainfall,Medium,Rainfall is very low for a climate-sensitive zone.,Recommend irrigation products and soil moisture support.
448,2,Sfax,2025-06-14,6,26.9,55,0.0,medium,Low rainfall,Medium,Rainfall is very low for a climate-sensitive zone.,Recommend irrigation products and soil moisture support.
449,2,Sfax,2025-06-15,6,27.4,57,0.0,medium,Low rainfall,Medium,Rainfall is very low for a climate-sensitive zone.,Recommend irrigation products and soil moisture support.
450,2,Sfax,2025-06-16,6,27.9,57,0.0,medium,Low rainfall,Medium,Rainfall is very low for a climate-sensitive zone.,Recommend irrigation products and soil moisture support.
451,2,Sfax,2025-06-17,6,29.0,48,0.0,medium,Low rainfall,Medium,Rainfall is very low for a climate-sensitive zone.,Recommend irrigation products and soil moisture support.
452,2,Sfax,2025-06-18,6,27.0,61,0.0,medium,Low rainfall,Medium,Rainfall is very low for a climate-sensitive zone.,Recommend irrigation products and soil moisture support.
453,2,Sfax,2025-06-19,6,26.4,58,0.0,medium,Low rainfall,Medium,Rainfall is very low for a climate-sensitive zone.,Recommend irrigation products and soil moisture support.
454,2,Sfax,2025-06-20,6,26.7,56,0.0,medium,Low rainfall,Medium,Rainfall is very low for a climate-sensitive zone.,Recommend irrigation products and soil moisture support.
455,2,Sfax,2025-06-21,6,27.0,55,0.0,medium,Low rainfall,Medium,Rainfall is very low for a climate-sensitive zone.,Recommend irrigation products and soil moisture support.
456,2,Sfax,2025-06-22,6,26.8,60,0.0,medium,Low rainfall,Medium,Rainfall is very low for a climate-sensitive zone.,Recommend irrigation products and soil moisture support.
457,2,Sfax,2025-06-23,6,27.4,61,0.0,medium,Low rainfall,Medium,Rainfall is very low for a climate-sensitive zone.,Recommend irrigation products and soil moisture support.
458,2,Sfax,2025-06-24,6,27.7,56,0.0,medium,Low rainfall,Medium,Rainfall is very low for a climate-sensitive zone.,Recommend irrigation products and soil moisture support.
459,2,Sfax,2025-06-25,6,28.6,57,0.0,medium,Low rainfall,Medium,Rainfall is very low for a climate-sensitive zone.,Recommend irrigation products and soil moisture support.
460,2,Sfax,2025-06-26,6,28.9,57,0.0,medium,Low rainfall,Medium,Rainfall is very low for a climate-sensitive zone.,Recommend irrigation products and soil moisture support.
461,2,Sfax,2025-06-27,6,28.5,55,0.0,medium,Low rainfall,Medium,Rainfall is very low for a climate-sensitive zone.,Recommend irrigation products and soil moisture support.
462,2,Sfax,2025-06-28,6,30.6,46,0.0,high,High drought risk,High,The zone is exposed to high drought risk.,Prioritize drought-adapted products and irrigation solutions.
463,2,Sfax,2025-06-28,6,30.6,46,0.0,high,Low rainfall,Medium,Rainfall is very low for a climate-sensitive zone.,Recommend irrigation products and soil moisture support.
464,2,Sfax,2025-06-29,6,29.3,53,0.0,medium,Low rainfall,Medium,Rainfall is very low for a climate-sensitive zone.,Recommend irrigation products and soil moisture support.
465,2,Sfax,2025-06-30,6,27.5,67,0.0,medium,Low rainfall,Medium,Rainfall is very low for a climate-sensitive zone.,Recommend irrigation products and soil moisture support.
466,2,Sfax,2025-07-01,7,27.6,64,0.0,medium,Low rainfall,Medium,Rainfall is very low for a climate-sensitive zone.,Recommend irrigation products and soil moisture support.
467,2,Sfax,2025-07-02,7,27.7,67,0.0,medium,Low rainfall,Medium,Rainfall is very low for a climate-sensitive zone.,Recommend irrigation products and soil moisture support.
468,2,Sfax,2025-07-03,7,28.9,59,0.4,medium,Low rainfall,Medium,Rainfall is very low for a climate-sensitive zone.,Recommend irrigation products and soil moisture support.
469,2,Sfax,2025-07-04,7,29.1,56,0.0,medium,Low rainfall,Medium,Rainfall is very low for a climate-sensitive zone.,Recommend irrigation products and soil moisture support.
470,2,Sfax,2025-07-05,7,28.5,67,0.0,medium,Low rainfall,Medium,Rainfall is very low for a climate-sensitive zone.,Recommend irrigation products and soil moisture support.
471,2,Sfax,2025-07-06,7,28.7,69,0.0,medium,Low rainfall,Medium,Rainfall is very low for a climate-sensitive zone.,Recommend irrigation products and soil moisture support.
472,2,Sfax,2025-07-07,7,30.6,55,0.0,high,High drought risk,High,The zone is exposed to high drought risk.,Prioritize drought-adapted products and irrigation solutions.
473,2,Sfax,2025-07-07,7,30.6,55,0.0,high,Low rainfall,Medium,Rainfall is very low for a climate-sensitive zone.,Recommend irrigation products and soil moisture support.
474,2,Sfax,2025-07-08,7,31.7,49,0.0,high,High drought risk,High,The zone is exposed to high drought risk.,Prioritize drought-adapted products and irrigation solutions.
475,2,Sfax,2025-07-08,7,31.7,49,0.0,high,Low rainfall,Medium,Rainfall is very low for a climate-sensitive zone.,Recommend irrigation products and soil moisture support.
476,2,Sfax,2025-07-09,7,29.5,49,0.0,medium,Low rainfall,Medium,Rainfall is very low for a climate-sensitive zone.,Recommend irrigation products and soil moisture support.
477,2,Sfax,2025-07-10,7,27.1,54,0.0,medium,Low rainfall,Medium,Rainfall is very low for a climate-sensitive zone.,Recommend irrigation products and soil moisture support.
478,2,Sfax,2025-07-11,7,27.0,56,0.0,medium,Low rainfall,Medium,Rainfall is very low for a climate-sensitive zone.,Recommend irrigation products and soil moisture support.
479,2,Sfax,2025-07-12,7,27.3,62,0.0,medium,Low rainfall,Medium,Rainfall is very low for a climate-sensitive zone.,Recommend irrigation products and soil moisture support.
480,2,Sfax,2025-07-13,7,28.8,68,0.0,medium,Low rainfall,Medium,Rainfall is very low for a climate-sensitive zone.,Recommend irrigation products and soil moisture support.
481,2,Sfax,2025-07-14,7,31.7,51,0.0,high,High drought risk,High,The zone is exposed to high drought risk.,Prioritize drought-adapted products and irrigation solutions.
482,2,Sfax,2025-07-14,7,31.7,51,0.0,high,Low rainfall,Medium,Rainfall is very low for a climate-sensitive zone.,Recommend irrigation products and soil moisture support.
483,2,Sfax,2025-07-15,7,29.7,49,0.0,medium,Low rainfall,Medium,Rainfall is very low for a climate-sensitive zone.,Recommend irrigation products and soil moisture support.
484,2,Sfax,2025-07-16,7,29.7,52,0.0,medium,Low rainfall,Medium,Rainfall is very low for a climate-sensitive zone.,Recommend irrigation products and soil moisture support.
485,2,Sfax,2025-07-17,7,29.6,48,0.0,medium,Low rainfall,Medium,Rainfall is very low for a climate-sensitive zone.,Recommend irrigation products and soil moisture support.
486,2,Sfax,2025-07-18,7,29.5,53,0.0,medium,Low rainfall,Medium,Rainfall is very low for a climate-sensitive zone.,Recommend irrigation products and soil moisture support.
487,2,Sfax,2025-07-19,7,28.2,73,0.0,medium,Low rainfall,Medium,Rainfall is very low for a climate-sensitive zone.,Recommend irrigation products and soil moisture support.
488,2,Sfax,2025-07-20,7,29.7,68,0.0,medium,Low rainfall,Medium,Rainfall is very low for a climate-sensitive zone.,Recommend irrigation products and soil moisture support.
489,2,Sfax,2025-07-21,7,34.4,43,0.0,high,High drought risk,High,The zone is exposed to high drought risk.,Prioritize drought-adapted products and irrigation solutions.
490,2,Sfax,2025-07-21,7,34.4,43,0.0,high,Low rainfall,Medium,Rainfall is very low for a climate-sensitive zone.,Recommend irrigation products and soil moisture support.
491,2,Sfax,2025-07-21,7,34.4,43,0.0,high,Heat stress,Medium,Temperature is high and may create crop stress.,Recommend climate-adapted products and field monitoring.
492,2,Sfax,2025-07-22,7,31.8,51,0.0,high,High drought risk,High,The zone is exposed to high drought risk.,Prioritize drought-adapted products and irrigation solutions.
493,2,Sfax,2025-07-22,7,31.8,51,0.0,high,Low rainfall,Medium,Rainfall is very low for a climate-sensitive zone.,Recommend irrigation products and soil moisture support.
494,2,Sfax,2025-07-23,7,30.5,52,0.0,high,High drought risk,High,The zone is exposed to high drought risk.,Prioritize drought-adapted products and irrigation solutions.
495,2,Sfax,2025-07-23,7,30.5,52,0.0,high,Low rainfall,Medium,Rainfall is very low for a climate-sensitive zone.,Recommend irrigation products and soil moisture support.
496,2,Sfax,2025-07-24,7,32.8,52,0.0,high,High drought risk,High,The zone is exposed to high drought risk.,Prioritize drought-adapted products and irrigation solutions.
497,2,Sfax,2025-07-24,7,32.8,52,0.0,high,Low rainfall,Medium,Rainfall is very low for a climate-sensitive zone.,Recommend irrigation products and soil moisture support.
498,2,Sfax,2025-07-24,7,32.8,52,0.0,high,Heat stress,Medium,Temperature is high and may create crop stress.,Recommend climate-adapted products and field monitoring.
499,2,Sfax,2025-07-25,7,33.6,49,0.0,high,High drought risk,High,The zone is exposed to high drought risk.,Prioritize drought-adapted products and irrigation solutions.
500,2,Sfax,2025-07-25,7,33.6,49,0.0,high,Low rainfall,Medium,Rainfall is very low for a climate-sensitive zone.,Recommend irrigation products and soil moisture support.
501,2,Sfax,2025-07-25,7,33.6,49,0.0,high,Heat stress,Medium,Temperature is high and may create crop stress.,Recommend climate-adapted products and field monitoring.
502,2,Sfax,2025-07-26,7,31.3,43,0.0,high,High drought risk,High,The zone is exposed to high drought risk.,Prioritize drought-adapted products and irrigation solutions.
503,2,Sfax,2025-07-26,7,31.3,43,0.0,high,Low rainfall,Medium,Rainfall is very low for a climate-sensitive zone.,Recommend irrigation products and soil moisture support.
504,2,Sfax,2025-07-27,7,28.4,47,0.0,medium,Low rainfall,Medium,Rainfall is very low for a climate-sensitive zone.,Recommend irrigation products and soil moisture support.
505,2,Sfax,2025-07-28,7,28.6,46,0.0,medium,Low rainfall,Medium,Rainfall is very low for a climate-sensitive zone.,Recommend irrigation products and soil moisture support.
506,2,Sfax,2025-07-29,7,28.0,50,0.0,medium,Low rainfall,Medium,Rainfall is very low for a climate-sensitive zone.,Recommend irrigation products and soil moisture support.
507,2,Sfax,2025-07-30,7,27.1,49,0.0,medium,Low rainfall,Medium,Rainfall is very low for a climate-sensitive zone.,Recommend irrigation products and soil moisture support.
508,2,Sfax,2025-07-31,7,26.8,51,0.0,medium,Low rainfall,Medium,Rainfall is very low for a climate-sensitive zone.,Recommend irrigation products and soil moisture support.
509,2,Sfax,2025-08-01,8,27.2,66,0.0,medium,Low rainfall,Medium,Rainfall is very low for a climate-sensitive zone.,Recommend irrigation products and soil moisture support.
510,2,Sfax,2025-08-02,8,28.3,67,0.0,medium,Low rainfall,Medium,Rainfall is very low for a climate-sensitive zone.,Recommend irrigation products and soil moisture support.
511,2,Sfax,2025-08-03,8,28.0,62,0.0,medium,Low rainfall,Medium,Rainfall is very low for a climate-sensitive zone.,Recommend irrigation products and soil moisture support.
512,2,Sfax,2025-08-04,8,27.8,53,0.0,medium,Low rainfall,Medium,Rainfall is very low for a climate-sensitive zone.,Recommend irrigation products and soil moisture support.
513,2,Sfax,2025-08-05,8,26.5,55,0.0,medium,Low rainfall,Medium,Rainfall is very low for a climate-sensitive zone.,Recommend irrigation products and soil moisture support.
514,2,Sfax,2025-08-06,8,26.5,61,0.0,medium,Low rainfall,Medium,Rainfall is very low for a climate-sensitive zone.,Recommend irrigation products and soil moisture support.
515,2,Sfax,2025-08-07,8,27.0,61,0.0,medium,Low rainfall,Medium,Rainfall is very low for a climate-sensitive zone.,Recommend irrigation products and soil moisture support.
516,2,Sfax,2025-08-08,8,27.1,63,0.0,medium,Low rainfall,Medium,Rainfall is very low for a climate-sensitive zone.,Recommend irrigation products and soil moisture support.
517,2,Sfax,2025-08-09,8,27.2,64,0.0,medium,Low rainfall,Medium,Rainfall is very low for a climate-sensitive zone.,Recommend irrigation products and soil moisture support.
518,2,Sfax,2025-08-10,8,28.1,56,0.0,medium,Low rainfall,Medium,Rainfall is very low for a climate-sensitive zone.,Recommend irrigation products and soil moisture support.
519,2,Sfax,2025-08-11,8,28.8,50,0.0,medium,Low rainfall,Medium,Rainfall is very low for a climate-sensitive zone.,Recommend irrigation products and soil moisture support.
520,2,Sfax,2025-08-12,8,28.5,55,0.0,medium,Low rainfall,Medium,Rainfall is very low for a climate-sensitive zone.,Recommend irrigation products and soil moisture support.
521,2,Sfax,2025-08-13,8,27.8,67,0.0,medium,Low rainfall,Medium,Rainfall is very low for a climate-sensitive zone.,Recommend irrigation products and soil moisture support.
522,2,Sfax,2025-08-18,8,28.4,68,0.1,medium,Low rainfall,Medium,Rainfall is very low for a climate-sensitive zone.,Recommend irrigation products and soil moisture support.
523,2,Sfax,2025-08-19,8,27.8,74,0.0,medium,Low rainfall,Medium,Rainfall is very low for a climate-sensitive zone.,Recommend irrigation products and soil moisture support.
524,2,Sfax,2025-08-20,8,30.7,63,0.0,high,High drought risk,High,The zone is exposed to high drought risk.,Prioritize drought-adapted products and irrigation solutions.
525,2,Sfax,2025-08-20,8,30.7,63,0.0,high,Low rainfall,Medium,Rainfall is very low for a climate-sensitive zone.,Recommend irrigation products and soil moisture support.
526,2,Sfax,2025-08-21,8,29.9,66,0.0,medium,Low rainfall,Medium,Rainfall is very low for a climate-sensitive zone.,Recommend irrigation products and soil moisture support.
527,2,Sfax,2025-08-22,8,28.5,62,0.0,medium,Low rainfall,Medium,Rainfall is very low for a climate-sensitive zone.,Recommend irrigation products and soil moisture support.
528,2,Sfax,2025-08-23,8,27.9,61,0.0,medium,Low rainfall,Medium,Rainfall is very low for a climate-sensitive zone.,Recommend irrigation products and soil moisture support.
529,2,Sfax,2025-08-24,8,28.0,66,0.0,medium,Low rainfall,Medium,Rainfall is very low for a climate-sensitive zone.,Recommend irrigation products and soil moisture support.
530,2,Sfax,2025-08-25,8,28.5,73,0.0,medium,Low rainfall,Medium,Rainfall is very low for a climate-sensitive zone.,Recommend irrigation products and soil moisture support.
531,2,Sfax,2025-08-26,8,28.2,71,0.0,medium,Low rainfall,Medium,Rainfall is very low for a climate-sensitive zone.,Recommend irrigation products and soil moisture support.
532,2,Sfax,2025-08-27,8,29.4,71,0.0,medium,Low rainfall,Medium,Rainfall is very low for a climate-sensitive zone.,Recommend irrigation products and soil moisture support.
533,2,Sfax,2025-08-28,8,32.4,60,0.0,high,High drought risk,High,The zone is exposed to high drought risk.,Prioritize drought-adapted products and irrigation solutions.
534,2,Sfax,2025-08-28,8,32.4,60,0.0,high,Low rainfall,Medium,Rainfall is very low for a climate-sensitive zone.,Recommend irrigation products and soil moisture support.
535,2,Sfax,2025-08-28,8,32.4,60,0.0,high,Heat stress,Medium,Temperature is high and may create crop stress.,Recommend climate-adapted products and field monitoring.
536,2,Sfax,2025-08-30,8,28.3,70,0.0,medium,Low rainfall,Medium,Rainfall is very low for a climate-sensitive zone.,Recommend irrigation products and soil moisture support.
537,2,Sfax,2025-08-31,8,27.4,57,0.0,medium,Low rainfall,Medium,Rainfall is very low for a climate-sensitive zone.,Recommend irrigation products and soil moisture support.
538,2,Sfax,2025-09-01,9,28.6,70,0.0,medium,Low rainfall,Medium,Rainfall is very low for a climate-sensitive zone.,Recommend irrigation products and soil moisture support.
539,2,Sfax,2025-09-02,9,28.4,74,0.0,medium,Low rainfall,Medium,Rainfall is very low for a climate-sensitive zone.,Recommend irrigation products and soil moisture support.
540,2,Sfax,2025-09-03,9,27.2,58,0.0,medium,Low rainfall,Medium,Rainfall is very low for a climate-sensitive zone.,Recommend irrigation products and soil moisture support.
541,2,Sfax,2025-09-04,9,26.6,64,0.0,medium,Low rainfall,Medium,Rainfall is very low for a climate-sensitive zone.,Recommend irrigation products and soil moisture support.
542,2,Sfax,2025-09-05,9,27.4,67,0.0,medium,Low rainfall,Medium,Rainfall is very low for a climate-sensitive zone.,Recommend irrigation products and soil moisture support.
543,2,Sfax,2025-09-06,9,26.9,66,0.0,medium,Low rainfall,Medium,Rainfall is very low for a climate-sensitive zone.,Recommend irrigation products and soil moisture support.
544,2,Sfax,2025-09-07,9,29.2,69,0.0,medium,Low rainfall,Medium,Rainfall is very low for a climate-sensitive zone.,Recommend irrigation products and soil moisture support.
545,2,Sfax,2025-09-08,9,29.1,68,0.0,medium,Low rainfall,Medium,Rainfall is very low for a climate-sensitive zone.,Recommend irrigation products and soil moisture support.
546,2,Sfax,2025-09-09,9,29.6,67,0.0,medium,Low rainfall,Medium,Rainfall is very low for a climate-sensitive zone.,Recommend irrigation products and soil moisture support.
547,2,Sfax,2025-09-10,9,31.2,55,0.0,high,High drought risk,High,The zone is exposed to high drought risk.,Prioritize drought-adapted products and irrigation solutions.
548,2,Sfax,2025-09-10,9,31.2,55,0.0,high,Low rainfall,Medium,Rainfall is very low for a climate-sensitive zone.,Recommend irrigation products and soil moisture support.
549,2,Sfax,2025-09-11,9,27.5,56,0.0,medium,Low rainfall,Medium,Rainfall is very low for a climate-sensitive zone.,Recommend irrigation products and soil moisture support.
550,2,Sfax,2025-09-12,9,27.1,58,0.0,medium,Low rainfall,Medium,Rainfall is very low for a climate-sensitive zone.,Recommend irrigation products and soil moisture support.
551,2,Sfax,2025-09-13,9,26.0,65,0.0,medium,Low rainfall,Medium,Rainfall is very low for a climate-sensitive zone.,Recommend irrigation products and soil moisture support.
552,2,Sfax,2025-09-14,9,25.7,71,0.0,medium,Low rainfall,Medium,Rainfall is very low for a climate-sensitive zone.,Recommend irrigation products and soil moisture support.
553,2,Sfax,2025-09-15,9,26.4,69,0.0,medium,Low rainfall,Medium,Rainfall is very low for a climate-sensitive zone.,Recommend irrigation products and soil moisture support.
554,2,Sfax,2025-09-16,9,26.4,70,0.0,medium,Low rainfall,Medium,Rainfall is very low for a climate-sensitive zone.,Recommend irrigation products and soil moisture support.
555,2,Sfax,2025-09-17,9,27.5,60,0.0,medium,Low rainfall,Medium,Rainfall is very low for a climate-sensitive zone.,Recommend irrigation products and soil moisture support.
556,2,Sfax,2025-09-18,9,26.8,61,0.0,medium,Low rainfall,Medium,Rainfall is very low for a climate-sensitive zone.,Recommend irrigation products and soil moisture support.
557,2,Sfax,2025-09-20,9,26.3,62,0.0,medium,Low rainfall,Medium,Rainfall is very low for a climate-sensitive zone.,Recommend irrigation products and soil moisture support.
558,2,Sfax,2025-09-25,9,24.0,69,0.0,medium,Low rainfall,Medium,Rainfall is very low for a climate-sensitive zone.,Recommend irrigation products and soil moisture support.
559,2,Sfax,2025-09-28,9,23.5,59,0.0,medium,Low rainfall,Medium,Rainfall is very low for a climate-sensitive zone.,Recommend irrigation products and soil moisture support.
560,2,Sfax,2025-09-29,9,24.4,54,0.0,medium,Low rainfall,Medium,Rainfall is very low for a climate-sensitive zone.,Recommend irrigation products and soil moisture support.
561,2,Sfax,2025-09-30,9,25.0,59,0.0,medium,Low rainfall,Medium,Rainfall is very low for a climate-sensitive zone.,Recommend irrigation products and soil moisture support.
562,2,Sfax,2025-10-01,10,25.7,54,0.1,medium,Low rainfall,Medium,Rainfall is very low for a climate-sensitive zone.,Recommend irrigation products and soil moisture support.
563,2,Sfax,2025-10-02,10,23.0,52,0.1,medium,Low rainfall,Medium,Rainfall is very low for a climate-sensitive zone.,Recommend irrigation products and soil moisture support.
564,2,Sfax,2025-10-03,10,20.9,50,0.0,medium,Low rainfall,Medium,Rainfall is very low for a climate-sensitive zone.,Recommend irrigation products and soil moisture support.
565,2,Sfax,2025-10-04,10,21.6,49,0.0,medium,Low rainfall,Medium,Rainfall is very low for a climate-sensitive zone.,Recommend irrigation products and soil moisture support.
566,2,Sfax,2025-10-05,10,24.8,42,0.0,medium,Low rainfall,Medium,Rainfall is very low for a climate-sensitive zone.,Recommend irrigation products and soil moisture support.
567,2,Sfax,2025-10-06,10,23.4,47,0.0,medium,Low rainfall,Medium,Rainfall is very low for a climate-sensitive zone.,Recommend irrigation products and soil moisture support.
568,2,Sfax,2025-10-07,10,21.4,50,0.1,medium,Low rainfall,Medium,Rainfall is very low for a climate-sensitive zone.,Recommend irrigation products and soil moisture support.
569,2,Sfax,2025-10-08,10,21.5,58,0.0,medium,Low rainfall,Medium,Rainfall is very low for a climate-sensitive zone.,Recommend irrigation products and soil moisture support.
570,2,Sfax,2025-10-09,10,23.4,60,0.0,medium,Low rainfall,Medium,Rainfall is very low for a climate-sensitive zone.,Recommend irrigation products and soil moisture support.
571,2,Sfax,2025-10-10,10,24.1,66,0.0,medium,Low rainfall,Medium,Rainfall is very low for a climate-sensitive zone.,Recommend irrigation products and soil moisture support.
572,2,Sfax,2025-10-11,10,23.8,70,0.0,medium,Low rainfall,Medium,Rainfall is very low for a climate-sensitive zone.,Recommend irrigation products and soil moisture support.
573,2,Sfax,2025-10-13,10,23.7,68,0.0,medium,Low rainfall,Medium,Rainfall is very low for a climate-sensitive zone.,Recommend irrigation products and soil moisture support.
574,2,Sfax,2025-10-14,10,24.2,72,0.0,medium,Low rainfall,Medium,Rainfall is very low for a climate-sensitive zone.,Recommend irrigation products and soil moisture support.
575,2,Sfax,2025-10-16,10,23.2,70,0.0,medium,Low rainfall,Medium,Rainfall is very low for a climate-sensitive zone.,Recommend irrigation products and soil moisture support.
576,2,Sfax,2025-10-17,10,21.8,65,0.0,medium,Low rainfall,Medium,Rainfall is very low for a climate-sensitive zone.,Recommend irrigation products and soil moisture support.
577,2,Sfax,2025-10-20,10,20.0,80,0.1,medium,Low rainfall,Medium,Rainfall is very low for a climate-sensitive zone.,Recommend irrigation products and soil moisture support.
578,2,Sfax,2025-10-21,10,22.6,70,0.0,medium,Low rainfall,Medium,Rainfall is very low for a climate-sensitive zone.,Recommend irrigation products and soil moisture support.
579,2,Sfax,2025-10-22,10,22.9,82,0.0,medium,Low rainfall,Medium,Rainfall is very low for a climate-sensitive zone.,Recommend irrigation products and soil moisture support.
580,2,Sfax,2025-10-23,10,22.9,82,0.0,medium,Low rainfall,Medium,Rainfall is very low for a climate-sensitive zone.,Recommend irrigation products and soil moisture support.
581,2,Sfax,2025-10-24,10,23.9,62,0.0,medium,Low rainfall,Medium,Rainfall is very low for a climate-sensitive zone.,Recommend irrigation products and soil moisture support.
582,2,Sfax,2025-10-25,10,25.7,56,0.0,medium,Low rainfall,Medium,Rainfall is very low for a climate-sensitive zone.,Recommend irrigation products and soil moisture support.
583,2,Sfax,2025-10-26,10,27.7,28,0.0,medium,Low rainfall,Medium,Rainfall is very low for a climate-sensitive zone.,Recommend irrigation products and soil moisture support.
584,2,Sfax,2025-10-27,10,22.1,55,0.0,medium,Low rainfall,Medium,Rainfall is very low for a climate-sensitive zone.,Recommend irrigation products and soil moisture support.
585,2,Sfax,2025-10-28,10,19.8,55,0.0,medium,Low rainfall,Medium,Rainfall is very low for a climate-sensitive zone.,Recommend irrigation products and soil moisture support.
586,2,Sfax,2025-10-29,10,20.2,72,0.0,medium,Low rainfall,Medium,Rainfall is very low for a climate-sensitive zone.,Recommend irrigation products and soil moisture support.
587,2,Sfax,2025-10-30,10,22.9,78,0.0,medium,Low rainfall,Medium,Rainfall is very low for a climate-sensitive zone.,Recommend irrigation products and soil moisture support.
588,2,Sfax,2025-10-31,10,23.2,52,0.0,medium,Low rainfall,Medium,Rainfall is very low for a climate-sensitive zone.,Recommend irrigation products and soil moisture support.
589,2,Sfax,2025-11-01,11,21.3,64,0.0,medium,Low rainfall,Medium,Rainfall is very low for a climate-sensitive zone.,Recommend irrigation products and soil moisture support.
590,2,Sfax,2025-11-02,11,20.2,79,0.0,medium,Low rainfall,Medium,Rainfall is very low for a climate-sensitive zone.,Recommend irrigation products and soil moisture support.
591,2,Sfax,2025-11-04,11,19.7,60,0.0,medium,Low rainfall,Medium,Rainfall is very low for a climate-sensitive zone.,Recommend irrigation products and soil moisture support.
592,2,Sfax,2025-11-05,11,19.1,70,0.0,medium,Low rainfall,Medium,Rainfall is very low for a climate-sensitive zone.,Recommend irrigation products and soil moisture support.
593,2,Sfax,2025-11-06,11,20.8,65,0.0,medium,Low rainfall,Medium,Rainfall is very low for a climate-sensitive zone.,Recommend irrigation products and soil moisture support.
594,2,Sfax,2025-11-08,11,19.3,65,0.2,medium,Low rainfall,Medium,Rainfall is very low for a climate-sensitive zone.,Recommend irrigation products and soil moisture support.
595,2,Sfax,2025-11-09,11,19.0,47,0.0,medium,Low rainfall,Medium,Rainfall is very low for a climate-sensitive zone.,Recommend irrigation products and soil moisture support.
596,2,Sfax,2025-11-10,11,19.0,56,0.0,medium,Low rainfall,Medium,Rainfall is very low for a climate-sensitive zone.,Recommend irrigation products and soil moisture support.
597,2,Sfax,2025-11-11,11,17.8,53,0.0,medium,Low rainfall,Medium,Rainfall is very low for a climate-sensitive zone.,Recommend irrigation products and soil moisture support.
598,2,Sfax,2025-11-12,11,18.8,66,0.0,medium,Low rainfall,Medium,Rainfall is very low for a climate-sensitive zone.,Recommend irrigation products and soil moisture support.
599,2,Sfax,2025-11-13,11,18.9,68,0.0,medium,Low rainfall,Medium,Rainfall is very low for a climate-sensitive zone.,Recommend irrigation products and soil moisture support.
600,2,Sfax,2025-11-14,11,19.9,69,0.0,medium,Low rainfall,Medium,Rainfall is very low for a climate-sensitive zone.,Recommend irrigation products and soil moisture support.
601,2,Sfax,2025-11-15,11,20.3,49,0.0,medium,Low rainfall,Medium,Rainfall is very low for a climate-sensitive zone.,Recommend irrigation products and soil moisture support.
602,2,Sfax,2025-11-16,11,21.4,34,0.0,medium,Low rainfall,Medium,Rainfall is very low for a climate-sensitive zone.,Recommend irrigation products and soil moisture support.
603,2,Sfax,2025-11-17,11,20.1,48,0.4,medium,Low rainfall,Medium,Rainfall is very low for a climate-sensitive zone.,Recommend irrigation products and soil moisture support.
604,2,Sfax,2025-11-20,11,16.0,74,0.0,medium,Low rainfall,Medium,Rainfall is very low for a climate-sensitive zone.,Recommend irrigation products and soil moisture support.
605,2,Sfax,2025-11-21,11,15.9,58,0.0,medium,Low rainfall,Medium,Rainfall is very low for a climate-sensitive zone.,Recommend irrigation products and soil moisture support.
606,2,Sfax,2025-11-22,11,12.1,44,0.0,medium,Low rainfall,Medium,Rainfall is very low for a climate-sensitive zone.,Recommend irrigation products and soil moisture support.
607,2,Sfax,2025-11-23,11,11.3,52,0.0,medium,Low rainfall,Medium,Rainfall is very low for a climate-sensitive zone.,Recommend irrigation products and soil moisture support.
608,2,Sfax,2025-11-24,11,11.4,42,0.0,medium,Low rainfall,Medium,Rainfall is very low for a climate-sensitive zone.,Recommend irrigation products and soil moisture support.
609,2,Sfax,2025-11-25,11,13.0,40,0.0,medium,Low rainfall,Medium,Rainfall is very low for a climate-sensitive zone.,Recommend irrigation products and soil moisture support.
610,2,Sfax,2025-11-26,11,14.2,57,0.3,medium,Low rainfall,Medium,Rainfall is very low for a climate-sensitive zone.,Recommend irrigation products and soil moisture support.
611,2,Sfax,2025-11-27,11,11.7,48,0.0,medium,Low rainfall,Medium,Rainfall is very low for a climate-sensitive zone.,Recommend irrigation products and soil moisture support.
612,2,Sfax,2025-11-28,11,12.2,53,0.0,medium,Low rainfall,Medium,Rainfall is very low for a climate-sensitive zone.,Recommend irrigation products and soil moisture support.
613,2,Sfax,2025-11-30,11,11.4,46,0.0,medium,Low rainfall,Medium,Rainfall is very low for a climate-sensitive zone.,Recommend irrigation products and soil moisture support.
614,2,Sfax,2025-12-01,12,11.2,51,0.0,medium,Low rainfall,Medium,Rainfall is very low for a climate-sensitive zone.,Recommend irrigation products and soil moisture support.
615,2,Sfax,2025-12-02,12,14.5,60,0.0,medium,Low rainfall,Medium,Rainfall is very low for a climate-sensitive zone.,Recommend irrigation products and soil moisture support.
616,2,Sfax,2025-12-03,12,15.0,63,0.0,medium,Low rainfall,Medium,Rainfall is very low for a climate-sensitive zone.,Recommend irrigation products and soil moisture support.
617,2,Sfax,2025-12-04,12,13.9,59,0.0,medium,Low rainfall,Medium,Rainfall is very low for a climate-sensitive zone.,Recommend irrigation products and soil moisture support.
618,2,Sfax,2025-12-05,12,13.7,53,0.0,medium,Low rainfall,Medium,Rainfall is very low for a climate-sensitive zone.,Recommend irrigation products and soil moisture support.
619,2,Sfax,2025-12-06,12,14.3,51,0.0,medium,Low rainfall,Medium,Rainfall is very low for a climate-sensitive zone.,Recommend irrigation products and soil moisture support.
620,2,Sfax,2025-12-07,12,16.6,54,0.0,medium,Low rainfall,Medium,Rainfall is very low for a climate-sensitive zone.,Recommend irrigation products and soil moisture support.
621,2,Sfax,2025-12-08,12,16.5,63,0.0,medium,Low rainfall,Medium,Rainfall is very low for a climate-sensitive zone.,Recommend irrigation products and soil moisture support.
622,2,Sfax,2025-12-09,12,15.0,78,0.0,medium,Low rainfall,Medium,Rainfall is very low for a climate-sensitive zone.,Recommend irrigation products and soil moisture support.
623,2,Sfax,2025-12-10,12,14.2,84,0.0,medium,Low rainfall,Medium,Rainfall is very low for a climate-sensitive zone.,Recommend irrigation products and soil moisture support.
624,2,Sfax,2025-12-11,12,14.2,87,0.2,medium,High humidity,Medium,Humidity level is high and may increase fungal disease risk.,Recommend fungicides and crop protection products.
625,2,Sfax,2025-12-11,12,14.2,87,0.2,medium,Low rainfall,Medium,Rainfall is very low for a climate-sensitive zone.,Recommend irrigation products and soil moisture support.
626,2,Sfax,2025-12-12,12,14.7,87,0.3,medium,High humidity,Medium,Humidity level is high and may increase fungal disease risk.,Recommend fungicides and crop protection products.
627,2,Sfax,2025-12-12,12,14.7,87,0.3,medium,Low rainfall,Medium,Rainfall is very low for a climate-sensitive zone.,Recommend irrigation products and soil moisture support.
628,2,Sfax,2025-12-13,12,15.6,78,0.2,medium,Low rainfall,Medium,Rainfall is very low for a climate-sensitive zone.,Recommend irrigation products and soil moisture support.
629,2,Sfax,2025-12-14,12,16.3,83,0.0,medium,Low rainfall,Medium,Rainfall is very low for a climate-sensitive zone.,Recommend irrigation products and soil moisture support.
630,2,Sfax,2025-12-16,12,16.4,85,3.3,low,High humidity,Medium,Humidity level is high and may increase fungal disease risk.,Recommend fungicides and crop protection products.
631,2,Sfax,2025-12-17,12,16.6,91,0.1,medium,High humidity,Medium,Humidity level is high and may increase fungal disease risk.,Recommend fungicides and crop protection products.
632,2,Sfax,2025-12-17,12,16.6,91,0.1,medium,Low rainfall,Medium,Rainfall is very low for a climate-sensitive zone.,Recommend irrigation products and soil moisture support.
633,2,Sfax,2025-12-18,12,18.0,83,0.0,medium,Low rainfall,Medium,Rainfall is very low for a climate-sensitive zone.,Recommend irrigation products and soil moisture support.
634,2,Sfax,2025-12-19,12,15.4,90,14.2,low,High humidity,Medium,Humidity level is high and may increase fungal disease risk.,Recommend fungicides and crop protection products.
635,2,Sfax,2025-12-20,12,14.2,83,0.3,medium,Low rainfall,Medium,Rainfall is very low for a climate-sensitive zone.,Recommend irrigation products and soil moisture support.
636,2,Sfax,2025-12-21,12,13.3,86,0.4,medium,High humidity,Medium,Humidity level is high and may increase fungal disease risk.,Recommend fungicides and crop protection products.
637,2,Sfax,2025-12-21,12,13.3,86,0.4,medium,Low rainfall,Medium,Rainfall is very low for a climate-sensitive zone.,Recommend irrigation products and soil moisture support.
638,2,Sfax,2025-12-22,12,12.7,81,0.0,medium,Low rainfall,Medium,Rainfall is very low for a climate-sensitive zone.,Recommend irrigation products and soil moisture support.
639,2,Sfax,2025-12-24,12,10.6,72,0.0,medium,Low rainfall,Medium,Rainfall is very low for a climate-sensitive zone.,Recommend irrigation products and soil moisture support.
640,2,Sfax,2025-12-25,12,12.5,67,0.0,medium,Low rainfall,Medium,Rainfall is very low for a climate-sensitive zone.,Recommend irrigation products and soil moisture support.
641,2,Sfax,2025-12-27,12,13.5,85,0.1,medium,High humidity,Medium,Humidity level is high and may increase fungal disease risk.,Recommend fungicides and crop protection products.
642,2,Sfax,2025-12-27,12,13.5,85,0.1,medium,Low rainfall,Medium,Rainfall is very low for a climate-sensitive zone.,Recommend irrigation products and soil moisture support.
643,2,Sfax,2025-12-28,12,12.3,88,0.0,medium,High humidity,Medium,Humidity level is high and may increase fungal disease risk.,Recommend fungicides and crop protection products.
644,2,Sfax,2025-12-28,12,12.3,88,0.0,medium,Low rainfall,Medium,Rainfall is very low for a climate-sensitive zone.,Recommend irrigation products and soil moisture support.
645,2,Sfax,2025-12-29,12,10.9,84,0.0,medium,Low rainfall,Medium,Rainfall is very low for a climate-sensitive zone.,Recommend irrigation products and soil moisture support.
646,2,Sfax,2025-12-30,12,11.5,68,0.0,medium,Low rainfall,Medium,Rainfall is very low for a climate-sensitive zone.,Recommend irrigation products and soil moisture support.
647,2,Sfax,2025-12-31,12,12.1,64,0.0,medium,Low rainfall,Medium,Rainfall is very low for a climate-sensitive zone.,Recommend irrigation products and soil moisture support.
648,3,Beja,2025-01-01,1,9.3,93,0.3,medium,High humidity,Medium,Humidity level is high and may increase fungal disease risk.,Recommend fungicides and crop protection products.
649,3,Beja,2025-01-01,1,9.3,93,0.3,medium,Low rainfall,Medium,Rainfall is very low for a climate-sensitive zone.,Recommend irrigation products and soil moisture support.
650,3,Beja,2025-01-02,1,9.5,90,1.1,medium,High humidity,Medium,Humidity level is high and may increase fungal disease risk.,Recommend fungicides and crop protection products.
651,3,Beja,2025-01-03,1,9.2,88,0.0,medium,High humidity,Medium,Humidity level is high and may increase fungal disease risk.,Recommend fungicides and crop protection products.
652,3,Beja,2025-01-03,1,9.2,88,0.0,medium,Low rainfall,Medium,Rainfall is very low for a climate-sensitive zone.,Recommend irrigation products and soil moisture support.
653,3,Beja,2025-01-04,1,10.8,86,0.0,medium,High humidity,Medium,Humidity level is high and may increase fungal disease risk.,Recommend fungicides and crop protection products.
654,3,Beja,2025-01-04,1,10.8,86,0.0,medium,Low rainfall,Medium,Rainfall is very low for a climate-sensitive zone.,Recommend irrigation products and soil moisture support.
655,3,Beja,2025-01-05,1,9.9,87,0.0,medium,High humidity,Medium,Humidity level is high and may increase fungal disease risk.,Recommend fungicides and crop protection products.
656,3,Beja,2025-01-05,1,9.9,87,0.0,medium,Low rainfall,Medium,Rainfall is very low for a climate-sensitive zone.,Recommend irrigation products and soil moisture support.
657,3,Beja,2025-01-06,1,11.3,62,0.0,medium,Low rainfall,Medium,Rainfall is very low for a climate-sensitive zone.,Recommend irrigation products and soil moisture support.
658,3,Beja,2025-01-08,1,9.2,81,0.0,medium,Low rainfall,Medium,Rainfall is very low for a climate-sensitive zone.,Recommend irrigation products and soil moisture support.
659,3,Beja,2025-01-10,1,12.5,83,0.0,medium,Low rainfall,Medium,Rainfall is very low for a climate-sensitive zone.,Recommend irrigation products and soil moisture support.
660,3,Beja,2025-01-11,1,11.7,81,0.3,medium,Low rainfall,Medium,Rainfall is very low for a climate-sensitive zone.,Recommend irrigation products and soil moisture support.
661,3,Beja,2025-01-12,1,10.2,86,7.7,low,High humidity,Medium,Humidity level is high and may increase fungal disease risk.,Recommend fungicides and crop protection products.
662,3,Beja,2025-01-13,1,7.3,89,10.2,low,High humidity,Medium,Humidity level is high and may increase fungal disease risk.,Recommend fungicides and crop protection products.
663,3,Beja,2025-01-14,1,7.7,88,3.4,low,High humidity,Medium,Humidity level is high and may increase fungal disease risk.,Recommend fungicides and crop protection products.
664,3,Beja,2025-01-15,1,7.1,89,2.1,low,High humidity,Medium,Humidity level is high and may increase fungal disease risk.,Recommend fungicides and crop protection products.
665,3,Beja,2025-01-16,1,6.3,90,0.3,medium,High humidity,Medium,Humidity level is high and may increase fungal disease risk.,Recommend fungicides and crop protection products.
666,3,Beja,2025-01-16,1,6.3,90,0.3,medium,Low rainfall,Medium,Rainfall is very low for a climate-sensitive zone.,Recommend irrigation products and soil moisture support.
667,3,Beja,2025-01-17,1,7.2,90,37.1,low,High humidity,Medium,Humidity level is high and may increase fungal disease risk.,Recommend fungicides and crop protection products.
668,3,Beja,2025-01-18,1,7.6,85,0.6,medium,High humidity,Medium,Humidity level is high and may increase fungal disease risk.,Recommend fungicides and crop protection products.
669,3,Beja,2025-01-19,1,7.5,90,0.1,medium,High humidity,Medium,Humidity level is high and may increase fungal disease risk.,Recommend fungicides and crop protection products.
670,3,Beja,2025-01-19,1,7.5,90,0.1,medium,Low rainfall,Medium,Rainfall is very low for a climate-sensitive zone.,Recommend irrigation products and soil moisture support.
671,3,Beja,2025-01-20,1,8.6,84,0.1,medium,Low rainfall,Medium,Rainfall is very low for a climate-sensitive zone.,Recommend irrigation products and soil moisture support.
672,3,Beja,2025-01-21,1,8.3,81,0.0,medium,Low rainfall,Medium,Rainfall is very low for a climate-sensitive zone.,Recommend irrigation products and soil moisture support.
673,3,Beja,2025-01-22,1,11.2,77,0.0,medium,Low rainfall,Medium,Rainfall is very low for a climate-sensitive zone.,Recommend irrigation products and soil moisture support.
674,3,Beja,2025-01-23,1,12.4,65,0.0,medium,Low rainfall,Medium,Rainfall is very low for a climate-sensitive zone.,Recommend irrigation products and soil moisture support.
675,3,Beja,2025-01-24,1,10.9,77,0.0,medium,Low rainfall,Medium,Rainfall is very low for a climate-sensitive zone.,Recommend irrigation products and soil moisture support.
676,3,Beja,2025-01-25,1,10.3,82,0.0,medium,Low rainfall,Medium,Rainfall is very low for a climate-sensitive zone.,Recommend irrigation products and soil moisture support.
677,3,Beja,2025-01-26,1,12.0,80,0.0,medium,Low rainfall,Medium,Rainfall is very low for a climate-sensitive zone.,Recommend irrigation products and soil moisture support.
678,3,Beja,2025-01-27,1,11.5,80,0.0,medium,Low rainfall,Medium,Rainfall is very low for a climate-sensitive zone.,Recommend irrigation products and soil moisture support.
679,3,Beja,2025-01-30,1,9.5,81,0.0,medium,Low rainfall,Medium,Rainfall is very low for a climate-sensitive zone.,Recommend irrigation products and soil moisture support.
680,3,Beja,2025-01-31,1,10.3,84,0.0,medium,Low rainfall,Medium,Rainfall is very low for a climate-sensitive zone.,Recommend irrigation products and soil moisture support.
681,3,Beja,2025-02-01,2,10.5,93,17.4,low,High humidity,Medium,Humidity level is high and may increase fungal disease risk.,Recommend fungicides and crop protection products.
682,3,Beja,2025-02-02,2,9.6,85,1.5,medium,High humidity,Medium,Humidity level is high and may increase fungal disease risk.,Recommend fungicides and crop protection products.
683,3,Beja,2025-02-03,2,8.6,87,1.5,medium,High humidity,Medium,Humidity level is high and may increase fungal disease risk.,Recommend fungicides and crop protection products.
684,3,Beja,2025-02-04,2,10.6,87,0.8,medium,High humidity,Medium,Humidity level is high and may increase fungal disease risk.,Recommend fungicides and crop protection products.
685,3,Beja,2025-02-05,2,9.7,87,2.4,low,High humidity,Medium,Humidity level is high and may increase fungal disease risk.,Recommend fungicides and crop protection products.
686,3,Beja,2025-02-06,2,8.9,88,0.8,medium,High humidity,Medium,Humidity level is high and may increase fungal disease risk.,Recommend fungicides and crop protection products.
687,3,Beja,2025-02-07,2,8.1,89,1.0,medium,High humidity,Medium,Humidity level is high and may increase fungal disease risk.,Recommend fungicides and crop protection products.
688,3,Beja,2025-02-08,2,9.9,86,0.8,medium,High humidity,Medium,Humidity level is high and may increase fungal disease risk.,Recommend fungicides and crop protection products.
689,3,Beja,2025-02-09,2,8.9,86,3.3,low,High humidity,Medium,Humidity level is high and may increase fungal disease risk.,Recommend fungicides and crop protection products.
690,3,Beja,2025-02-10,2,9.7,87,0.3,medium,High humidity,Medium,Humidity level is high and may increase fungal disease risk.,Recommend fungicides and crop protection products.
691,3,Beja,2025-02-10,2,9.7,87,0.3,medium,Low rainfall,Medium,Rainfall is very low for a climate-sensitive zone.,Recommend irrigation products and soil moisture support.
692,3,Beja,2025-02-11,2,9.8,86,0.0,medium,High humidity,Medium,Humidity level is high and may increase fungal disease risk.,Recommend fungicides and crop protection products.
693,3,Beja,2025-02-11,2,9.8,86,0.0,medium,Low rainfall,Medium,Rainfall is very low for a climate-sensitive zone.,Recommend irrigation products and soil moisture support.
694,3,Beja,2025-02-12,2,10.4,85,0.0,medium,High humidity,Medium,Humidity level is high and may increase fungal disease risk.,Recommend fungicides and crop protection products.
695,3,Beja,2025-02-12,2,10.4,85,0.0,medium,Low rainfall,Medium,Rainfall is very low for a climate-sensitive zone.,Recommend irrigation products and soil moisture support.
696,3,Beja,2025-02-13,2,10.6,86,1.0,medium,High humidity,Medium,Humidity level is high and may increase fungal disease risk.,Recommend fungicides and crop protection products.
697,3,Beja,2025-02-14,2,10.6,87,1.3,medium,High humidity,Medium,Humidity level is high and may increase fungal disease risk.,Recommend fungicides and crop protection products.
698,3,Beja,2025-02-16,2,8.8,81,0.0,medium,Low rainfall,Medium,Rainfall is very low for a climate-sensitive zone.,Recommend irrigation products and soil moisture support.
699,3,Beja,2025-02-17,2,9.5,84,0.0,medium,Low rainfall,Medium,Rainfall is very low for a climate-sensitive zone.,Recommend irrigation products and soil moisture support.
700,3,Beja,2025-02-18,2,9.2,86,0.0,medium,High humidity,Medium,Humidity level is high and may increase fungal disease risk.,Recommend fungicides and crop protection products.
701,3,Beja,2025-02-18,2,9.2,86,0.0,medium,Low rainfall,Medium,Rainfall is very low for a climate-sensitive zone.,Recommend irrigation products and soil moisture support.
702,3,Beja,2025-02-19,2,10.6,85,0.0,medium,High humidity,Medium,Humidity level is high and may increase fungal disease risk.,Recommend fungicides and crop protection products.
703,3,Beja,2025-02-19,2,10.6,85,0.0,medium,Low rainfall,Medium,Rainfall is very low for a climate-sensitive zone.,Recommend irrigation products and soil moisture support.
704,3,Beja,2025-02-20,2,11.2,85,0.0,medium,High humidity,Medium,Humidity level is high and may increase fungal disease risk.,Recommend fungicides and crop protection products.
705,3,Beja,2025-02-20,2,11.2,85,0.0,medium,Low rainfall,Medium,Rainfall is very low for a climate-sensitive zone.,Recommend irrigation products and soil moisture support.
706,3,Beja,2025-02-21,2,11.4,87,0.0,medium,High humidity,Medium,Humidity level is high and may increase fungal disease risk.,Recommend fungicides and crop protection products.
707,3,Beja,2025-02-21,2,11.4,87,0.0,medium,Low rainfall,Medium,Rainfall is very low for a climate-sensitive zone.,Recommend irrigation products and soil moisture support.
708,3,Beja,2025-02-22,2,11.6,84,0.0,medium,Low rainfall,Medium,Rainfall is very low for a climate-sensitive zone.,Recommend irrigation products and soil moisture support.
709,3,Beja,2025-02-23,2,11.2,84,0.3,medium,Low rainfall,Medium,Rainfall is very low for a climate-sensitive zone.,Recommend irrigation products and soil moisture support.
710,3,Beja,2025-02-24,2,10.9,91,2.9,low,High humidity,Medium,Humidity level is high and may increase fungal disease risk.,Recommend fungicides and crop protection products.
711,3,Beja,2025-02-25,2,12.1,85,0.4,medium,High humidity,Medium,Humidity level is high and may increase fungal disease risk.,Recommend fungicides and crop protection products.
712,3,Beja,2025-02-25,2,12.1,85,0.4,medium,Low rainfall,Medium,Rainfall is very low for a climate-sensitive zone.,Recommend irrigation products and soil moisture support.
713,3,Beja,2025-02-27,2,10.0,77,0.0,medium,Low rainfall,Medium,Rainfall is very low for a climate-sensitive zone.,Recommend irrigation products and soil moisture support.
714,3,Beja,2025-02-28,2,10.0,85,0.0,medium,High humidity,Medium,Humidity level is high and may increase fungal disease risk.,Recommend fungicides and crop protection products.
715,3,Beja,2025-02-28,2,10.0,85,0.0,medium,Low rainfall,Medium,Rainfall is very low for a climate-sensitive zone.,Recommend irrigation products and soil moisture support.
716,3,Beja,2025-03-01,3,12.6,75,0.2,medium,Low rainfall,Medium,Rainfall is very low for a climate-sensitive zone.,Recommend irrigation products and soil moisture support.
717,3,Beja,2025-03-03,3,12.7,83,0.3,medium,Low rainfall,Medium,Rainfall is very low for a climate-sensitive zone.,Recommend irrigation products and soil moisture support.
718,3,Beja,2025-03-04,3,12.4,83,0.0,medium,Low rainfall,Medium,Rainfall is very low for a climate-sensitive zone.,Recommend irrigation products and soil moisture support.
719,3,Beja,2025-03-05,3,12.3,82,0.3,medium,Low rainfall,Medium,Rainfall is very low for a climate-sensitive zone.,Recommend irrigation products and soil moisture support.
720,3,Beja,2025-03-06,3,12.4,87,4.7,low,High humidity,Medium,Humidity level is high and may increase fungal disease risk.,Recommend fungicides and crop protection products.
721,3,Beja,2025-03-07,3,13.2,89,4.7,low,High humidity,Medium,Humidity level is high and may increase fungal disease risk.,Recommend fungicides and crop protection products.
722,3,Beja,2025-03-08,3,14.1,85,0.0,medium,High humidity,Medium,Humidity level is high and may increase fungal disease risk.,Recommend fungicides and crop protection products.
723,3,Beja,2025-03-08,3,14.1,85,0.0,medium,Low rainfall,Medium,Rainfall is very low for a climate-sensitive zone.,Recommend irrigation products and soil moisture support.
724,3,Beja,2025-03-09,3,14.4,82,0.0,medium,Low rainfall,Medium,Rainfall is very low for a climate-sensitive zone.,Recommend irrigation products and soil moisture support.
725,3,Beja,2025-03-10,3,14.0,86,4.8,low,High humidity,Medium,Humidity level is high and may increase fungal disease risk.,Recommend fungicides and crop protection products.
726,3,Beja,2025-03-11,3,14.3,85,0.0,medium,High humidity,Medium,Humidity level is high and may increase fungal disease risk.,Recommend fungicides and crop protection products.
727,3,Beja,2025-03-11,3,14.3,85,0.0,medium,Low rainfall,Medium,Rainfall is very low for a climate-sensitive zone.,Recommend irrigation products and soil moisture support.
728,3,Beja,2025-03-13,3,14.1,78,0.0,medium,Low rainfall,Medium,Rainfall is very low for a climate-sensitive zone.,Recommend irrigation products and soil moisture support.
729,3,Beja,2025-03-14,3,15.7,82,0.0,medium,Low rainfall,Medium,Rainfall is very low for a climate-sensitive zone.,Recommend irrigation products and soil moisture support.
730,3,Beja,2025-03-15,3,13.3,79,0.0,medium,Low rainfall,Medium,Rainfall is very low for a climate-sensitive zone.,Recommend irrigation products and soil moisture support.
731,3,Beja,2025-03-16,3,11.4,81,0.0,medium,Low rainfall,Medium,Rainfall is very low for a climate-sensitive zone.,Recommend irrigation products and soil moisture support.
732,3,Beja,2025-03-17,3,12.8,80,0.0,medium,Low rainfall,Medium,Rainfall is very low for a climate-sensitive zone.,Recommend irrigation products and soil moisture support.
733,3,Beja,2025-03-18,3,14.1,80,0.4,medium,Low rainfall,Medium,Rainfall is very low for a climate-sensitive zone.,Recommend irrigation products and soil moisture support.
734,3,Beja,2025-03-19,3,15.0,83,0.0,medium,Low rainfall,Medium,Rainfall is very low for a climate-sensitive zone.,Recommend irrigation products and soil moisture support.
735,3,Beja,2025-03-20,3,15.1,78,0.0,medium,Low rainfall,Medium,Rainfall is very low for a climate-sensitive zone.,Recommend irrigation products and soil moisture support.
736,3,Beja,2025-03-21,3,15.6,78,0.0,medium,Low rainfall,Medium,Rainfall is very low for a climate-sensitive zone.,Recommend irrigation products and soil moisture support.
737,3,Beja,2025-03-22,3,15.8,84,0.0,medium,Low rainfall,Medium,Rainfall is very low for a climate-sensitive zone.,Recommend irrigation products and soil moisture support.
738,3,Beja,2025-03-23,3,14.6,71,0.0,medium,Low rainfall,Medium,Rainfall is very low for a climate-sensitive zone.,Recommend irrigation products and soil moisture support.
739,3,Beja,2025-03-24,3,14.0,73,0.5,medium,Low rainfall,Medium,Rainfall is very low for a climate-sensitive zone.,Recommend irrigation products and soil moisture support.
740,3,Beja,2025-03-25,3,12.5,79,0.2,medium,Low rainfall,Medium,Rainfall is very low for a climate-sensitive zone.,Recommend irrigation products and soil moisture support.
741,3,Beja,2025-04-02,4,11.5,75,0.0,medium,Low rainfall,Medium,Rainfall is very low for a climate-sensitive zone.,Recommend irrigation products and soil moisture support.
742,3,Beja,2025-04-03,4,13.9,77,0.0,medium,Low rainfall,Medium,Rainfall is very low for a climate-sensitive zone.,Recommend irrigation products and soil moisture support.
743,3,Beja,2025-04-04,4,14.9,82,0.0,medium,Low rainfall,Medium,Rainfall is very low for a climate-sensitive zone.,Recommend irrigation products and soil moisture support.
744,3,Beja,2025-04-05,4,14.7,81,0.1,medium,Low rainfall,Medium,Rainfall is very low for a climate-sensitive zone.,Recommend irrigation products and soil moisture support.
745,3,Beja,2025-04-08,4,13.0,85,1.5,medium,High humidity,Medium,Humidity level is high and may increase fungal disease risk.,Recommend fungicides and crop protection products.
746,3,Beja,2025-04-09,4,14.1,81,0.0,medium,Low rainfall,Medium,Rainfall is very low for a climate-sensitive zone.,Recommend irrigation products and soil moisture support.
747,3,Beja,2025-04-10,4,15.3,83,0.0,medium,Low rainfall,Medium,Rainfall is very low for a climate-sensitive zone.,Recommend irrigation products and soil moisture support.
748,3,Beja,2025-04-11,4,14.9,73,0.0,medium,Low rainfall,Medium,Rainfall is very low for a climate-sensitive zone.,Recommend irrigation products and soil moisture support.
749,3,Beja,2025-04-12,4,19.9,67,0.0,medium,Low rainfall,Medium,Rainfall is very low for a climate-sensitive zone.,Recommend irrigation products and soil moisture support.
750,3,Beja,2025-04-13,4,20.0,72,0.0,medium,Low rainfall,Medium,Rainfall is very low for a climate-sensitive zone.,Recommend irrigation products and soil moisture support.
751,3,Beja,2025-04-15,4,16.8,80,0.2,medium,Low rainfall,Medium,Rainfall is very low for a climate-sensitive zone.,Recommend irrigation products and soil moisture support.
752,3,Beja,2025-04-16,4,13.2,90,17.5,low,High humidity,Medium,Humidity level is high and may increase fungal disease risk.,Recommend fungicides and crop protection products.
753,3,Beja,2025-04-17,4,12.5,72,0.3,medium,Low rainfall,Medium,Rainfall is very low for a climate-sensitive zone.,Recommend irrigation products and soil moisture support.
754,3,Beja,2025-04-18,4,14.7,77,0.0,medium,Low rainfall,Medium,Rainfall is very low for a climate-sensitive zone.,Recommend irrigation products and soil moisture support.
755,3,Beja,2025-04-19,4,16.9,75,0.0,medium,Low rainfall,Medium,Rainfall is very low for a climate-sensitive zone.,Recommend irrigation products and soil moisture support.
756,3,Beja,2025-04-21,4,12.3,87,7.4,low,High humidity,Medium,Humidity level is high and may increase fungal disease risk.,Recommend fungicides and crop protection products.
757,3,Beja,2025-04-22,4,13.7,78,0.1,medium,Low rainfall,Medium,Rainfall is very low for a climate-sensitive zone.,Recommend irrigation products and soil moisture support.
758,3,Beja,2025-04-23,4,13.2,78,0.0,medium,Low rainfall,Medium,Rainfall is very low for a climate-sensitive zone.,Recommend irrigation products and soil moisture support.
759,3,Beja,2025-04-24,4,14.1,78,0.0,medium,Low rainfall,Medium,Rainfall is very low for a climate-sensitive zone.,Recommend irrigation products and soil moisture support.
760,3,Beja,2025-04-25,4,14.7,73,0.0,medium,Low rainfall,Medium,Rainfall is very low for a climate-sensitive zone.,Recommend irrigation products and soil moisture support.
761,3,Beja,2025-04-26,4,14.6,78,0.0,medium,Low rainfall,Medium,Rainfall is very low for a climate-sensitive zone.,Recommend irrigation products and soil moisture support.
762,3,Beja,2025-04-28,4,13.7,86,13.2,low,High humidity,Medium,Humidity level is high and may increase fungal disease risk.,Recommend fungicides and crop protection products.
763,3,Beja,2025-04-29,4,14.6,79,0.3,medium,Low rainfall,Medium,Rainfall is very low for a climate-sensitive zone.,Recommend irrigation products and soil moisture support.
764,3,Beja,2025-04-30,4,16.6,75,0.0,medium,Low rainfall,Medium,Rainfall is very low for a climate-sensitive zone.,Recommend irrigation products and soil moisture support.
765,3,Beja,2025-05-01,5,18.5,70,0.0,medium,Low rainfall,Medium,Rainfall is very low for a climate-sensitive zone.,Recommend irrigation products and soil moisture support.
766,3,Beja,2025-05-02,5,19.9,66,0.0,medium,Low rainfall,Medium,Rainfall is very low for a climate-sensitive zone.,Recommend irrigation products and soil moisture support.
767,3,Beja,2025-05-05,5,18.8,69,0.5,medium,Low rainfall,Medium,Rainfall is very low for a climate-sensitive zone.,Recommend irrigation products and soil moisture support.
768,3,Beja,2025-05-13,5,17.7,69,0.0,medium,Low rainfall,Medium,Rainfall is very low for a climate-sensitive zone.,Recommend irrigation products and soil moisture support.
769,3,Beja,2025-05-15,5,16.2,85,5.2,low,High humidity,Medium,Humidity level is high and may increase fungal disease risk.,Recommend fungicides and crop protection products.
770,3,Beja,2025-05-17,5,16.9,74,0.5,medium,Low rainfall,Medium,Rainfall is very low for a climate-sensitive zone.,Recommend irrigation products and soil moisture support.
771,3,Beja,2025-05-18,5,19.9,69,0.0,medium,Low rainfall,Medium,Rainfall is very low for a climate-sensitive zone.,Recommend irrigation products and soil moisture support.
772,3,Beja,2025-05-19,5,23.9,58,0.0,medium,Low rainfall,Medium,Rainfall is very low for a climate-sensitive zone.,Recommend irrigation products and soil moisture support.
773,3,Beja,2025-05-20,5,20.9,71,0.2,medium,Low rainfall,Medium,Rainfall is very low for a climate-sensitive zone.,Recommend irrigation products and soil moisture support.
774,3,Beja,2025-05-21,5,18.3,73,0.0,medium,Low rainfall,Medium,Rainfall is very low for a climate-sensitive zone.,Recommend irrigation products and soil moisture support.
775,3,Beja,2025-05-23,5,17.4,74,0.0,medium,Low rainfall,Medium,Rainfall is very low for a climate-sensitive zone.,Recommend irrigation products and soil moisture support.
776,3,Beja,2025-05-24,5,16.5,70,0.1,medium,Low rainfall,Medium,Rainfall is very low for a climate-sensitive zone.,Recommend irrigation products and soil moisture support.
777,3,Beja,2025-05-25,5,17.2,70,0.0,medium,Low rainfall,Medium,Rainfall is very low for a climate-sensitive zone.,Recommend irrigation products and soil moisture support.
778,3,Beja,2025-05-26,5,17.9,64,0.0,medium,Low rainfall,Medium,Rainfall is very low for a climate-sensitive zone.,Recommend irrigation products and soil moisture support.
779,3,Beja,2025-05-27,5,19.0,59,0.0,medium,Low rainfall,Medium,Rainfall is very low for a climate-sensitive zone.,Recommend irrigation products and soil moisture support.
780,3,Beja,2025-05-28,5,18.7,63,0.0,medium,Low rainfall,Medium,Rainfall is very low for a climate-sensitive zone.,Recommend irrigation products and soil moisture support.
781,3,Beja,2025-05-29,5,19.7,63,0.0,medium,Low rainfall,Medium,Rainfall is very low for a climate-sensitive zone.,Recommend irrigation products and soil moisture support.
782,3,Beja,2025-05-30,5,21.3,71,0.0,medium,Low rainfall,Medium,Rainfall is very low for a climate-sensitive zone.,Recommend irrigation products and soil moisture support.
783,3,Beja,2025-05-31,5,21.8,60,0.0,medium,Low rainfall,Medium,Rainfall is very low for a climate-sensitive zone.,Recommend irrigation products and soil moisture support.
784,3,Beja,2025-06-01,6,23.1,46,0.0,medium,Low rainfall,Medium,Rainfall is very low for a climate-sensitive zone.,Recommend irrigation products and soil moisture support.
785,3,Beja,2025-06-02,6,24.3,42,0.0,medium,Low rainfall,Medium,Rainfall is very low for a climate-sensitive zone.,Recommend irrigation products and soil moisture support.
786,3,Beja,2025-06-03,6,26.0,44,0.0,medium,Low rainfall,Medium,Rainfall is very low for a climate-sensitive zone.,Recommend irrigation products and soil moisture support.
787,3,Beja,2025-06-04,6,25.2,59,0.0,medium,Low rainfall,Medium,Rainfall is very low for a climate-sensitive zone.,Recommend irrigation products and soil moisture support.
788,3,Beja,2025-06-06,6,28.2,43,0.0,medium,Low rainfall,Medium,Rainfall is very low for a climate-sensitive zone.,Recommend irrigation products and soil moisture support.
789,3,Beja,2025-06-07,6,27.7,45,0.0,medium,Low rainfall,Medium,Rainfall is very low for a climate-sensitive zone.,Recommend irrigation products and soil moisture support.
790,3,Beja,2025-06-08,6,26.3,56,0.0,medium,Low rainfall,Medium,Rainfall is very low for a climate-sensitive zone.,Recommend irrigation products and soil moisture support.
791,3,Beja,2025-06-09,6,24.1,60,0.0,medium,Low rainfall,Medium,Rainfall is very low for a climate-sensitive zone.,Recommend irrigation products and soil moisture support.
792,3,Beja,2025-06-10,6,23.7,47,0.0,medium,Low rainfall,Medium,Rainfall is very low for a climate-sensitive zone.,Recommend irrigation products and soil moisture support.
793,3,Beja,2025-06-11,6,23.5,52,0.0,medium,Low rainfall,Medium,Rainfall is very low for a climate-sensitive zone.,Recommend irrigation products and soil moisture support.
794,3,Beja,2025-06-12,6,25.3,55,0.0,medium,Low rainfall,Medium,Rainfall is very low for a climate-sensitive zone.,Recommend irrigation products and soil moisture support.
795,3,Beja,2025-06-13,6,27.0,46,0.0,medium,Low rainfall,Medium,Rainfall is very low for a climate-sensitive zone.,Recommend irrigation products and soil moisture support.
796,3,Beja,2025-06-14,6,27.9,35,0.0,medium,Low rainfall,Medium,Rainfall is very low for a climate-sensitive zone.,Recommend irrigation products and soil moisture support.
797,3,Beja,2025-06-15,6,28.7,32,0.0,medium,Low rainfall,Medium,Rainfall is very low for a climate-sensitive zone.,Recommend irrigation products and soil moisture support.
798,3,Beja,2025-06-16,6,28.8,33,0.0,medium,Low rainfall,Medium,Rainfall is very low for a climate-sensitive zone.,Recommend irrigation products and soil moisture support.
799,3,Beja,2025-06-17,6,25.8,44,0.0,medium,Low rainfall,Medium,Rainfall is very low for a climate-sensitive zone.,Recommend irrigation products and soil moisture support.
800,3,Beja,2025-06-18,6,23.3,62,0.0,medium,Low rainfall,Medium,Rainfall is very low for a climate-sensitive zone.,Recommend irrigation products and soil moisture support.
801,3,Beja,2025-06-19,6,23.2,69,0.1,medium,Low rainfall,Medium,Rainfall is very low for a climate-sensitive zone.,Recommend irrigation products and soil moisture support.
802,3,Beja,2025-06-20,6,24.0,66,0.2,medium,Low rainfall,Medium,Rainfall is very low for a climate-sensitive zone.,Recommend irrigation products and soil moisture support.
803,3,Beja,2025-06-21,6,25.3,50,0.0,medium,Low rainfall,Medium,Rainfall is very low for a climate-sensitive zone.,Recommend irrigation products and soil moisture support.
804,3,Beja,2025-06-22,6,27.9,46,0.0,medium,Low rainfall,Medium,Rainfall is very low for a climate-sensitive zone.,Recommend irrigation products and soil moisture support.
805,3,Beja,2025-06-23,6,28.3,41,0.1,medium,Low rainfall,Medium,Rainfall is very low for a climate-sensitive zone.,Recommend irrigation products and soil moisture support.
806,3,Beja,2025-06-24,6,28.2,44,0.0,medium,Low rainfall,Medium,Rainfall is very low for a climate-sensitive zone.,Recommend irrigation products and soil moisture support.
807,3,Beja,2025-06-25,6,30.7,33,0.0,high,High drought risk,High,The zone is exposed to high drought risk.,Prioritize drought-adapted products and irrigation solutions.
808,3,Beja,2025-06-25,6,30.7,33,0.0,high,Low rainfall,Medium,Rainfall is very low for a climate-sensitive zone.,Recommend irrigation products and soil moisture support.
809,3,Beja,2025-06-26,6,28.5,50,0.0,medium,Low rainfall,Medium,Rainfall is very low for a climate-sensitive zone.,Recommend irrigation products and soil moisture support.
810,3,Beja,2025-06-27,6,25.9,65,0.0,medium,Low rainfall,Medium,Rainfall is very low for a climate-sensitive zone.,Recommend irrigation products and soil moisture support.
811,3,Beja,2025-06-28,6,25.2,71,0.0,medium,Low rainfall,Medium,Rainfall is very low for a climate-sensitive zone.,Recommend irrigation products and soil moisture support.
812,3,Beja,2025-06-29,6,25.8,69,0.0,medium,Low rainfall,Medium,Rainfall is very low for a climate-sensitive zone.,Recommend irrigation products and soil moisture support.
813,3,Beja,2025-06-30,6,27.3,59,0.0,medium,Low rainfall,Medium,Rainfall is very low for a climate-sensitive zone.,Recommend irrigation products and soil moisture support.
814,3,Beja,2025-07-01,7,28.9,49,0.2,medium,Low rainfall,Medium,Rainfall is very low for a climate-sensitive zone.,Recommend irrigation products and soil moisture support.
815,3,Beja,2025-07-02,7,30.4,40,0.0,high,High drought risk,High,The zone is exposed to high drought risk.,Prioritize drought-adapted products and irrigation solutions.
816,3,Beja,2025-07-02,7,30.4,40,0.0,high,Low rainfall,Medium,Rainfall is very low for a climate-sensitive zone.,Recommend irrigation products and soil moisture support.
817,3,Beja,2025-07-03,7,28.8,49,0.0,medium,Low rainfall,Medium,Rainfall is very low for a climate-sensitive zone.,Recommend irrigation products and soil moisture support.
818,3,Beja,2025-07-04,7,26.9,61,0.0,medium,Low rainfall,Medium,Rainfall is very low for a climate-sensitive zone.,Recommend irrigation products and soil moisture support.
819,3,Beja,2025-07-05,7,27.6,60,0.0,medium,Low rainfall,Medium,Rainfall is very low for a climate-sensitive zone.,Recommend irrigation products and soil moisture support.
820,3,Beja,2025-07-06,7,29.0,55,0.0,medium,Low rainfall,Medium,Rainfall is very low for a climate-sensitive zone.,Recommend irrigation products and soil moisture support.
821,3,Beja,2025-07-07,7,30.0,54,0.0,high,High drought risk,High,The zone is exposed to high drought risk.,Prioritize drought-adapted products and irrigation solutions.
822,3,Beja,2025-07-07,7,30.0,54,0.0,high,Low rainfall,Medium,Rainfall is very low for a climate-sensitive zone.,Recommend irrigation products and soil moisture support.
823,3,Beja,2025-07-08,7,27.6,64,0.0,medium,Low rainfall,Medium,Rainfall is very low for a climate-sensitive zone.,Recommend irrigation products and soil moisture support.
824,3,Beja,2025-07-09,7,25.5,57,0.0,medium,Low rainfall,Medium,Rainfall is very low for a climate-sensitive zone.,Recommend irrigation products and soil moisture support.
825,3,Beja,2025-07-10,7,24.7,59,0.1,medium,Low rainfall,Medium,Rainfall is very low for a climate-sensitive zone.,Recommend irrigation products and soil moisture support.
826,3,Beja,2025-07-11,7,25.5,55,0.0,medium,Low rainfall,Medium,Rainfall is very low for a climate-sensitive zone.,Recommend irrigation products and soil moisture support.
827,3,Beja,2025-07-12,7,29.6,41,0.0,medium,Low rainfall,Medium,Rainfall is very low for a climate-sensitive zone.,Recommend irrigation products and soil moisture support.
828,3,Beja,2025-07-13,7,30.9,40,0.0,high,High drought risk,High,The zone is exposed to high drought risk.,Prioritize drought-adapted products and irrigation solutions.
829,3,Beja,2025-07-13,7,30.9,40,0.0,high,Low rainfall,Medium,Rainfall is very low for a climate-sensitive zone.,Recommend irrigation products and soil moisture support.
830,3,Beja,2025-07-14,7,30.2,53,0.0,high,High drought risk,High,The zone is exposed to high drought risk.,Prioritize drought-adapted products and irrigation solutions.
831,3,Beja,2025-07-14,7,30.2,53,0.0,high,Low rainfall,Medium,Rainfall is very low for a climate-sensitive zone.,Recommend irrigation products and soil moisture support.
832,3,Beja,2025-07-15,7,31.2,40,0.0,high,High drought risk,High,The zone is exposed to high drought risk.,Prioritize drought-adapted products and irrigation solutions.
833,3,Beja,2025-07-15,7,31.2,40,0.0,high,Low rainfall,Medium,Rainfall is very low for a climate-sensitive zone.,Recommend irrigation products and soil moisture support.
834,3,Beja,2025-07-16,7,27.1,63,0.0,medium,Low rainfall,Medium,Rainfall is very low for a climate-sensitive zone.,Recommend irrigation products and soil moisture support.
835,3,Beja,2025-07-17,7,26.5,56,0.0,medium,Low rainfall,Medium,Rainfall is very low for a climate-sensitive zone.,Recommend irrigation products and soil moisture support.
836,3,Beja,2025-07-18,7,27.3,51,0.0,medium,Low rainfall,Medium,Rainfall is very low for a climate-sensitive zone.,Recommend irrigation products and soil moisture support.
837,3,Beja,2025-07-19,7,31.0,46,0.0,high,High drought risk,High,The zone is exposed to high drought risk.,Prioritize drought-adapted products and irrigation solutions.
838,3,Beja,2025-07-19,7,31.0,46,0.0,high,Low rainfall,Medium,Rainfall is very low for a climate-sensitive zone.,Recommend irrigation products and soil moisture support.
839,3,Beja,2025-07-20,7,31.4,36,0.0,high,High drought risk,High,The zone is exposed to high drought risk.,Prioritize drought-adapted products and irrigation solutions.
840,3,Beja,2025-07-20,7,31.4,36,0.0,high,Low rainfall,Medium,Rainfall is very low for a climate-sensitive zone.,Recommend irrigation products and soil moisture support.
841,3,Beja,2025-07-21,7,32.2,41,0.0,high,High drought risk,High,The zone is exposed to high drought risk.,Prioritize drought-adapted products and irrigation solutions.
842,3,Beja,2025-07-21,7,32.2,41,0.0,high,Low rainfall,Medium,Rainfall is very low for a climate-sensitive zone.,Recommend irrigation products and soil moisture support.
843,3,Beja,2025-07-21,7,32.2,41,0.0,high,Heat stress,Medium,Temperature is high and may create crop stress.,Recommend climate-adapted products and field monitoring.
844,3,Beja,2025-07-22,7,28.8,51,0.0,medium,Low rainfall,Medium,Rainfall is very low for a climate-sensitive zone.,Recommend irrigation products and soil moisture support.
845,3,Beja,2025-07-23,7,32.4,39,0.0,high,High drought risk,High,The zone is exposed to high drought risk.,Prioritize drought-adapted products and irrigation solutions.
846,3,Beja,2025-07-23,7,32.4,39,0.0,high,Low rainfall,Medium,Rainfall is very low for a climate-sensitive zone.,Recommend irrigation products and soil moisture support.
847,3,Beja,2025-07-23,7,32.4,39,0.0,high,Heat stress,Medium,Temperature is high and may create crop stress.,Recommend climate-adapted products and field monitoring.
848,3,Beja,2025-07-24,7,34.3,34,0.0,high,High drought risk,High,The zone is exposed to high drought risk.,Prioritize drought-adapted products and irrigation solutions.
849,3,Beja,2025-07-24,7,34.3,34,0.0,high,Low rainfall,Medium,Rainfall is very low for a climate-sensitive zone.,Recommend irrigation products and soil moisture support.
850,3,Beja,2025-07-24,7,34.3,34,0.0,high,Heat stress,Medium,Temperature is high and may create crop stress.,Recommend climate-adapted products and field monitoring.
851,3,Beja,2025-07-25,7,30.3,44,0.0,high,High drought risk,High,The zone is exposed to high drought risk.,Prioritize drought-adapted products and irrigation solutions.
852,3,Beja,2025-07-25,7,30.3,44,0.0,high,Low rainfall,Medium,Rainfall is very low for a climate-sensitive zone.,Recommend irrigation products and soil moisture support.
853,3,Beja,2025-07-27,7,24.4,61,0.0,medium,Low rainfall,Medium,Rainfall is very low for a climate-sensitive zone.,Recommend irrigation products and soil moisture support.
854,3,Beja,2025-07-28,7,24.2,64,0.0,medium,Low rainfall,Medium,Rainfall is very low for a climate-sensitive zone.,Recommend irrigation products and soil moisture support.
855,3,Beja,2025-07-29,7,24.1,56,0.0,medium,Low rainfall,Medium,Rainfall is very low for a climate-sensitive zone.,Recommend irrigation products and soil moisture support.
856,3,Beja,2025-07-30,7,23.3,58,0.0,medium,Low rainfall,Medium,Rainfall is very low for a climate-sensitive zone.,Recommend irrigation products and soil moisture support.
857,3,Beja,2025-07-31,7,23.3,63,0.0,medium,Low rainfall,Medium,Rainfall is very low for a climate-sensitive zone.,Recommend irrigation products and soil moisture support.
858,3,Beja,2025-08-01,8,25.2,56,0.0,medium,Low rainfall,Medium,Rainfall is very low for a climate-sensitive zone.,Recommend irrigation products and soil moisture support.
859,3,Beja,2025-08-02,8,25.4,57,0.0,medium,Low rainfall,Medium,Rainfall is very low for a climate-sensitive zone.,Recommend irrigation products and soil moisture support.
860,3,Beja,2025-08-03,8,24.4,63,0.0,medium,Low rainfall,Medium,Rainfall is very low for a climate-sensitive zone.,Recommend irrigation products and soil moisture support.
861,3,Beja,2025-08-04,8,23.2,64,0.0,medium,Low rainfall,Medium,Rainfall is very low for a climate-sensitive zone.,Recommend irrigation products and soil moisture support.
862,3,Beja,2025-08-05,8,22.8,68,0.0,medium,Low rainfall,Medium,Rainfall is very low for a climate-sensitive zone.,Recommend irrigation products and soil moisture support.
863,3,Beja,2025-08-06,8,24.3,66,0.0,medium,Low rainfall,Medium,Rainfall is very low for a climate-sensitive zone.,Recommend irrigation products and soil moisture support.
864,3,Beja,2025-08-07,8,27.0,49,0.0,medium,Low rainfall,Medium,Rainfall is very low for a climate-sensitive zone.,Recommend irrigation products and soil moisture support.
865,3,Beja,2025-08-08,8,27.8,48,0.0,medium,Low rainfall,Medium,Rainfall is very low for a climate-sensitive zone.,Recommend irrigation products and soil moisture support.
866,3,Beja,2025-08-09,8,27.5,52,0.0,medium,Low rainfall,Medium,Rainfall is very low for a climate-sensitive zone.,Recommend irrigation products and soil moisture support.
867,3,Beja,2025-08-10,8,27.7,49,0.0,medium,Low rainfall,Medium,Rainfall is very low for a climate-sensitive zone.,Recommend irrigation products and soil moisture support.
868,3,Beja,2025-08-11,8,26.2,64,0.0,medium,Low rainfall,Medium,Rainfall is very low for a climate-sensitive zone.,Recommend irrigation products and soil moisture support.
869,3,Beja,2025-08-12,8,25.6,56,0.0,medium,Low rainfall,Medium,Rainfall is very low for a climate-sensitive zone.,Recommend irrigation products and soil moisture support.
870,3,Beja,2025-08-13,8,26.0,57,0.4,medium,Low rainfall,Medium,Rainfall is very low for a climate-sensitive zone.,Recommend irrigation products and soil moisture support.
871,3,Beja,2025-08-14,8,26.6,58,0.0,medium,Low rainfall,Medium,Rainfall is very low for a climate-sensitive zone.,Recommend irrigation products and soil moisture support.
872,3,Beja,2025-08-15,8,26.7,51,0.0,medium,Low rainfall,Medium,Rainfall is very low for a climate-sensitive zone.,Recommend irrigation products and soil moisture support.
873,3,Beja,2025-08-17,8,26.1,68,0.0,medium,Low rainfall,Medium,Rainfall is very low for a climate-sensitive zone.,Recommend irrigation products and soil moisture support.
874,3,Beja,2025-08-18,8,26.2,66,0.0,medium,Low rainfall,Medium,Rainfall is very low for a climate-sensitive zone.,Recommend irrigation products and soil moisture support.
875,3,Beja,2025-08-19,8,28.1,56,0.0,medium,Low rainfall,Medium,Rainfall is very low for a climate-sensitive zone.,Recommend irrigation products and soil moisture support.
876,3,Beja,2025-08-20,8,28.5,54,0.0,medium,Low rainfall,Medium,Rainfall is very low for a climate-sensitive zone.,Recommend irrigation products and soil moisture support.
877,3,Beja,2025-08-21,8,26.2,70,0.0,medium,Low rainfall,Medium,Rainfall is very low for a climate-sensitive zone.,Recommend irrigation products and soil moisture support.
878,3,Beja,2025-08-22,8,25.5,73,0.0,medium,Low rainfall,Medium,Rainfall is very low for a climate-sensitive zone.,Recommend irrigation products and soil moisture support.
879,3,Beja,2025-08-23,8,24.8,66,0.1,medium,Low rainfall,Medium,Rainfall is very low for a climate-sensitive zone.,Recommend irrigation products and soil moisture support.
880,3,Beja,2025-08-24,8,25.7,61,0.0,medium,Low rainfall,Medium,Rainfall is very low for a climate-sensitive zone.,Recommend irrigation products and soil moisture support.
881,3,Beja,2025-08-25,8,28.2,53,0.0,medium,Low rainfall,Medium,Rainfall is very low for a climate-sensitive zone.,Recommend irrigation products and soil moisture support.
882,3,Beja,2025-08-26,8,29.7,46,0.2,medium,Low rainfall,Medium,Rainfall is very low for a climate-sensitive zone.,Recommend irrigation products and soil moisture support.
883,3,Beja,2025-08-27,8,32.7,36,0.0,high,High drought risk,High,The zone is exposed to high drought risk.,Prioritize drought-adapted products and irrigation solutions.
884,3,Beja,2025-08-27,8,32.7,36,0.0,high,Low rainfall,Medium,Rainfall is very low for a climate-sensitive zone.,Recommend irrigation products and soil moisture support.
885,3,Beja,2025-08-27,8,32.7,36,0.0,high,Heat stress,Medium,Temperature is high and may create crop stress.,Recommend climate-adapted products and field monitoring.
886,3,Beja,2025-08-28,8,29.9,54,0.0,medium,Low rainfall,Medium,Rainfall is very low for a climate-sensitive zone.,Recommend irrigation products and soil moisture support.
887,3,Beja,2025-08-30,8,24.9,69,0.0,medium,Low rainfall,Medium,Rainfall is very low for a climate-sensitive zone.,Recommend irrigation products and soil moisture support.
888,3,Beja,2025-08-31,8,26.5,55,0.0,medium,Low rainfall,Medium,Rainfall is very low for a climate-sensitive zone.,Recommend irrigation products and soil moisture support.
889,3,Beja,2025-09-01,9,28.2,52,0.0,medium,Low rainfall,Medium,Rainfall is very low for a climate-sensitive zone.,Recommend irrigation products and soil moisture support.
890,3,Beja,2025-09-03,9,24.3,61,0.0,medium,Low rainfall,Medium,Rainfall is very low for a climate-sensitive zone.,Recommend irrigation products and soil moisture support.
891,3,Beja,2025-09-04,9,25.9,59,0.0,medium,Low rainfall,Medium,Rainfall is very low for a climate-sensitive zone.,Recommend irrigation products and soil moisture support.
892,3,Beja,2025-09-05,9,26.6,58,0.0,medium,Low rainfall,Medium,Rainfall is very low for a climate-sensitive zone.,Recommend irrigation products and soil moisture support.
893,3,Beja,2025-09-06,9,28.2,50,0.0,medium,Low rainfall,Medium,Rainfall is very low for a climate-sensitive zone.,Recommend irrigation products and soil moisture support.
894,3,Beja,2025-09-07,9,29.2,54,0.0,medium,Low rainfall,Medium,Rainfall is very low for a climate-sensitive zone.,Recommend irrigation products and soil moisture support.
895,3,Beja,2025-09-11,9,22.7,76,0.0,medium,Low rainfall,Medium,Rainfall is very low for a climate-sensitive zone.,Recommend irrigation products and soil moisture support.
896,3,Beja,2025-09-12,9,22.7,75,0.0,medium,Low rainfall,Medium,Rainfall is very low for a climate-sensitive zone.,Recommend irrigation products and soil moisture support.
897,3,Beja,2025-09-13,9,22.9,68,0.0,medium,Low rainfall,Medium,Rainfall is very low for a climate-sensitive zone.,Recommend irrigation products and soil moisture support.
898,3,Beja,2025-09-14,9,24.9,65,0.0,medium,Low rainfall,Medium,Rainfall is very low for a climate-sensitive zone.,Recommend irrigation products and soil moisture support.
899,3,Beja,2025-09-15,9,25.3,64,0.0,medium,Low rainfall,Medium,Rainfall is very low for a climate-sensitive zone.,Recommend irrigation products and soil moisture support.
900,3,Beja,2025-09-16,9,26.4,58,0.0,medium,Low rainfall,Medium,Rainfall is very low for a climate-sensitive zone.,Recommend irrigation products and soil moisture support.
901,3,Beja,2025-09-17,9,23.6,74,0.0,medium,Low rainfall,Medium,Rainfall is very low for a climate-sensitive zone.,Recommend irrigation products and soil moisture support.
902,3,Beja,2025-09-18,9,23.9,71,0.0,medium,Low rainfall,Medium,Rainfall is very low for a climate-sensitive zone.,Recommend irrigation products and soil moisture support.
903,3,Beja,2025-09-19,9,24.4,68,0.0,medium,Low rainfall,Medium,Rainfall is very low for a climate-sensitive zone.,Recommend irrigation products and soil moisture support.
904,3,Beja,2025-09-20,9,25.6,62,0.0,medium,Low rainfall,Medium,Rainfall is very low for a climate-sensitive zone.,Recommend irrigation products and soil moisture support.
905,3,Beja,2025-09-21,9,25.7,57,0.0,medium,Low rainfall,Medium,Rainfall is very low for a climate-sensitive zone.,Recommend irrigation products and soil moisture support.
906,3,Beja,2025-09-23,9,22.7,77,0.3,medium,Low rainfall,Medium,Rainfall is very low for a climate-sensitive zone.,Recommend irrigation products and soil moisture support.
907,3,Beja,2025-09-25,9,20.4,71,0.1,medium,Low rainfall,Medium,Rainfall is very low for a climate-sensitive zone.,Recommend irrigation products and soil moisture support.
908,3,Beja,2025-09-28,9,19.4,73,0.0,medium,Low rainfall,Medium,Rainfall is very low for a climate-sensitive zone.,Recommend irrigation products and soil moisture support.
909,3,Beja,2025-09-29,9,20.4,66,0.0,medium,Low rainfall,Medium,Rainfall is very low for a climate-sensitive zone.,Recommend irrigation products and soil moisture support.
910,3,Beja,2025-09-30,9,20.4,69,0.0,medium,Low rainfall,Medium,Rainfall is very low for a climate-sensitive zone.,Recommend irrigation products and soil moisture support.
911,3,Beja,2025-10-03,10,16.8,73,0.5,medium,Low rainfall,Medium,Rainfall is very low for a climate-sensitive zone.,Recommend irrigation products and soil moisture support.
912,3,Beja,2025-10-05,10,19.8,75,0.0,medium,Low rainfall,Medium,Rainfall is very low for a climate-sensitive zone.,Recommend irrigation products and soil moisture support.
913,3,Beja,2025-10-06,10,18.9,60,0.2,medium,Low rainfall,Medium,Rainfall is very low for a climate-sensitive zone.,Recommend irrigation products and soil moisture support.
914,3,Beja,2025-10-07,10,17.2,69,0.0,medium,Low rainfall,Medium,Rainfall is very low for a climate-sensitive zone.,Recommend irrigation products and soil moisture support.
915,3,Beja,2025-10-08,10,17.8,71,0.0,medium,Low rainfall,Medium,Rainfall is very low for a climate-sensitive zone.,Recommend irrigation products and soil moisture support.
916,3,Beja,2025-10-09,10,19.3,72,0.0,medium,Low rainfall,Medium,Rainfall is very low for a climate-sensitive zone.,Recommend irrigation products and soil moisture support.
917,3,Beja,2025-10-10,10,20.2,74,0.2,medium,Low rainfall,Medium,Rainfall is very low for a climate-sensitive zone.,Recommend irrigation products and soil moisture support.
918,3,Beja,2025-10-13,10,21.8,61,0.0,medium,Low rainfall,Medium,Rainfall is very low for a climate-sensitive zone.,Recommend irrigation products and soil moisture support.
919,3,Beja,2025-10-14,10,21.9,55,0.0,medium,Low rainfall,Medium,Rainfall is very low for a climate-sensitive zone.,Recommend irrigation products and soil moisture support.
920,3,Beja,2025-10-17,10,18.1,75,0.0,medium,Low rainfall,Medium,Rainfall is very low for a climate-sensitive zone.,Recommend irrigation products and soil moisture support.
921,3,Beja,2025-10-19,10,17.2,85,9.0,low,High humidity,Medium,Humidity level is high and may increase fungal disease risk.,Recommend fungicides and crop protection products.
922,3,Beja,2025-10-20,10,17.9,71,0.0,medium,Low rainfall,Medium,Rainfall is very low for a climate-sensitive zone.,Recommend irrigation products and soil moisture support.
923,3,Beja,2025-10-21,10,19.2,67,0.0,medium,Low rainfall,Medium,Rainfall is very low for a climate-sensitive zone.,Recommend irrigation products and soil moisture support.
924,3,Beja,2025-10-23,10,21.5,68,0.1,medium,Low rainfall,Medium,Rainfall is very low for a climate-sensitive zone.,Recommend irrigation products and soil moisture support.
925,3,Beja,2025-10-25,10,21.1,68,0.0,medium,Low rainfall,Medium,Rainfall is very low for a climate-sensitive zone.,Recommend irrigation products and soil moisture support.
926,3,Beja,2025-10-26,10,22.2,57,0.0,medium,Low rainfall,Medium,Rainfall is very low for a climate-sensitive zone.,Recommend irrigation products and soil moisture support.
927,3,Beja,2025-10-27,10,17.4,67,0.2,medium,Low rainfall,Medium,Rainfall is very low for a climate-sensitive zone.,Recommend irrigation products and soil moisture support.
928,3,Beja,2025-10-28,10,16.1,71,0.0,medium,Low rainfall,Medium,Rainfall is very low for a climate-sensitive zone.,Recommend irrigation products and soil moisture support.
929,3,Beja,2025-10-29,10,17.6,66,0.0,medium,Low rainfall,Medium,Rainfall is very low for a climate-sensitive zone.,Recommend irrigation products and soil moisture support.
930,3,Beja,2025-10-31,10,17.9,78,0.3,medium,Low rainfall,Medium,Rainfall is very low for a climate-sensitive zone.,Recommend irrigation products and soil moisture support.
931,3,Beja,2025-11-01,11,17.1,77,0.0,medium,Low rainfall,Medium,Rainfall is very low for a climate-sensitive zone.,Recommend irrigation products and soil moisture support.
932,3,Beja,2025-11-02,11,17.6,79,0.0,medium,Low rainfall,Medium,Rainfall is very low for a climate-sensitive zone.,Recommend irrigation products and soil moisture support.
933,3,Beja,2025-11-04,11,15.4,76,0.0,medium,Low rainfall,Medium,Rainfall is very low for a climate-sensitive zone.,Recommend irrigation products and soil moisture support.
934,3,Beja,2025-11-05,11,15.5,71,0.0,medium,Low rainfall,Medium,Rainfall is very low for a climate-sensitive zone.,Recommend irrigation products and soil moisture support.
935,3,Beja,2025-11-06,11,16.7,76,0.0,medium,Low rainfall,Medium,Rainfall is very low for a climate-sensitive zone.,Recommend irrigation products and soil moisture support.
936,3,Beja,2025-11-11,11,13.2,79,0.0,medium,Low rainfall,Medium,Rainfall is very low for a climate-sensitive zone.,Recommend irrigation products and soil moisture support.
937,3,Beja,2025-11-12,11,14.1,68,0.0,medium,Low rainfall,Medium,Rainfall is very low for a climate-sensitive zone.,Recommend irrigation products and soil moisture support.
938,3,Beja,2025-11-13,11,14.5,69,0.0,medium,Low rainfall,Medium,Rainfall is very low for a climate-sensitive zone.,Recommend irrigation products and soil moisture support.
939,3,Beja,2025-11-14,11,16.7,46,0.0,medium,Low rainfall,Medium,Rainfall is very low for a climate-sensitive zone.,Recommend irrigation products and soil moisture support.
940,3,Beja,2025-11-15,11,17.7,44,0.0,medium,Low rainfall,Medium,Rainfall is very low for a climate-sensitive zone.,Recommend irrigation products and soil moisture support.
941,3,Beja,2025-11-16,11,16.6,52,0.0,medium,Low rainfall,Medium,Rainfall is very low for a climate-sensitive zone.,Recommend irrigation products and soil moisture support.
942,3,Beja,2025-11-19,11,12.8,80,0.0,medium,Low rainfall,Medium,Rainfall is very low for a climate-sensitive zone.,Recommend irrigation products and soil moisture support.
943,3,Beja,2025-11-20,11,12.0,79,0.0,medium,Low rainfall,Medium,Rainfall is very low for a climate-sensitive zone.,Recommend irrigation products and soil moisture support.
944,3,Beja,2025-11-24,11,9.3,64,0.0,medium,Low rainfall,Medium,Rainfall is very low for a climate-sensitive zone.,Recommend irrigation products and soil moisture support.
945,3,Beja,2025-11-28,11,8.8,85,7.4,low,High humidity,Medium,Humidity level is high and may increase fungal disease risk.,Recommend fungicides and crop protection products.
946,3,Beja,2025-11-29,11,10.3,86,2.1,low,High humidity,Medium,Humidity level is high and may increase fungal disease risk.,Recommend fungicides and crop protection products.
947,3,Beja,2025-11-30,11,9.0,77,0.0,medium,Low rainfall,Medium,Rainfall is very low for a climate-sensitive zone.,Recommend irrigation products and soil moisture support.
948,3,Beja,2025-12-01,12,8.9,73,0.0,medium,Low rainfall,Medium,Rainfall is very low for a climate-sensitive zone.,Recommend irrigation products and soil moisture support.
949,3,Beja,2025-12-02,12,9.2,86,0.3,medium,High humidity,Medium,Humidity level is high and may increase fungal disease risk.,Recommend fungicides and crop protection products.
950,3,Beja,2025-12-02,12,9.2,86,0.3,medium,Low rainfall,Medium,Rainfall is very low for a climate-sensitive zone.,Recommend irrigation products and soil moisture support.
951,3,Beja,2025-12-03,12,9.8,84,0.5,medium,Low rainfall,Medium,Rainfall is very low for a climate-sensitive zone.,Recommend irrigation products and soil moisture support.
952,3,Beja,2025-12-08,12,13.3,86,0.0,medium,High humidity,Medium,Humidity level is high and may increase fungal disease risk.,Recommend fungicides and crop protection products.
953,3,Beja,2025-12-08,12,13.3,86,0.0,medium,Low rainfall,Medium,Rainfall is very low for a climate-sensitive zone.,Recommend irrigation products and soil moisture support.
954,3,Beja,2025-12-09,12,11.6,86,0.0,medium,High humidity,Medium,Humidity level is high and may increase fungal disease risk.,Recommend fungicides and crop protection products.
955,3,Beja,2025-12-09,12,11.6,86,0.0,medium,Low rainfall,Medium,Rainfall is very low for a climate-sensitive zone.,Recommend irrigation products and soil moisture support.
956,3,Beja,2025-12-10,12,10.9,89,0.0,medium,High humidity,Medium,Humidity level is high and may increase fungal disease risk.,Recommend fungicides and crop protection products.
957,3,Beja,2025-12-10,12,10.9,89,0.0,medium,Low rainfall,Medium,Rainfall is very low for a climate-sensitive zone.,Recommend irrigation products and soil moisture support.
958,3,Beja,2025-12-11,12,9.8,93,0.0,medium,High humidity,Medium,Humidity level is high and may increase fungal disease risk.,Recommend fungicides and crop protection products.
959,3,Beja,2025-12-11,12,9.8,93,0.0,medium,Low rainfall,Medium,Rainfall is very low for a climate-sensitive zone.,Recommend irrigation products and soil moisture support.
960,3,Beja,2025-12-12,12,10.8,91,0.0,medium,High humidity,Medium,Humidity level is high and may increase fungal disease risk.,Recommend fungicides and crop protection products.
961,3,Beja,2025-12-12,12,10.8,91,0.0,medium,Low rainfall,Medium,Rainfall is very low for a climate-sensitive zone.,Recommend irrigation products and soil moisture support.
962,3,Beja,2025-12-13,12,11.5,91,0.0,medium,High humidity,Medium,Humidity level is high and may increase fungal disease risk.,Recommend fungicides and crop protection products.
963,3,Beja,2025-12-13,12,11.5,91,0.0,medium,Low rainfall,Medium,Rainfall is very low for a climate-sensitive zone.,Recommend irrigation products and soil moisture support.
964,3,Beja,2025-12-14,12,12.3,85,0.0,medium,High humidity,Medium,Humidity level is high and may increase fungal disease risk.,Recommend fungicides and crop protection products.
965,3,Beja,2025-12-14,12,12.3,85,0.0,medium,Low rainfall,Medium,Rainfall is very low for a climate-sensitive zone.,Recommend irrigation products and soil moisture support.
966,3,Beja,2025-12-15,12,13.8,93,3.0,low,High humidity,Medium,Humidity level is high and may increase fungal disease risk.,Recommend fungicides and crop protection products.
967,3,Beja,2025-12-17,12,12.3,83,0.0,medium,Low rainfall,Medium,Rainfall is very low for a climate-sensitive zone.,Recommend irrigation products and soil moisture support.
968,3,Beja,2025-12-18,12,14.7,89,0.4,medium,High humidity,Medium,Humidity level is high and may increase fungal disease risk.,Recommend fungicides and crop protection products.
969,3,Beja,2025-12-18,12,14.7,89,0.4,medium,Low rainfall,Medium,Rainfall is very low for a climate-sensitive zone.,Recommend irrigation products and soil moisture support.
970,3,Beja,2025-12-19,12,13.4,92,12.7,low,High humidity,Medium,Humidity level is high and may increase fungal disease risk.,Recommend fungicides and crop protection products.
971,3,Beja,2025-12-20,12,11.5,90,1.1,medium,High humidity,Medium,Humidity level is high and may increase fungal disease risk.,Recommend fungicides and crop protection products.
972,3,Beja,2025-12-21,12,11.1,94,11.7,low,High humidity,Medium,Humidity level is high and may increase fungal disease risk.,Recommend fungicides and crop protection products.
973,3,Beja,2025-12-22,12,10.6,80,0.0,medium,Low rainfall,Medium,Rainfall is very low for a climate-sensitive zone.,Recommend irrigation products and soil moisture support.
974,3,Beja,2025-12-23,12,8.4,76,0.2,medium,Low rainfall,Medium,Rainfall is very low for a climate-sensitive zone.,Recommend irrigation products and soil moisture support.
975,3,Beja,2025-12-24,12,8.0,70,0.0,medium,Low rainfall,Medium,Rainfall is very low for a climate-sensitive zone.,Recommend irrigation products and soil moisture support.
976,3,Beja,2025-12-25,12,10.0,76,0.0,medium,Low rainfall,Medium,Rainfall is very low for a climate-sensitive zone.,Recommend irrigation products and soil moisture support.
977,3,Beja,2025-12-27,12,9.7,90,0.9,medium,High humidity,Medium,Humidity level is high and may increase fungal disease risk.,Recommend fungicides and crop protection products.
978,3,Beja,2025-12-28,12,10.0,86,0.0,medium,High humidity,Medium,Humidity level is high and may increase fungal disease risk.,Recommend fungicides and crop protection products.
979,3,Beja,2025-12-28,12,10.0,86,0.0,medium,Low rainfall,Medium,Rainfall is very low for a climate-sensitive zone.,Recommend irrigation products and soil moisture support.
980,3,Beja,2025-12-29,12,8.7,86,0.0,medium,High humidity,Medium,Humidity level is high and may increase fungal disease risk.,Recommend fungicides and crop protection products.
981,3,Beja,2025-12-29,12,8.7,86,0.0,medium,Low rainfall,Medium,Rainfall is very low for a climate-sensitive zone.,Recommend irrigation products and soil moisture support.
982,3,Beja,2025-12-30,12,8.5,86,0.2,medium,High humidity,Medium,Humidity level is high and may increase fungal disease risk.,Recommend fungicides and crop protection products.
983,3,Beja,2025-12-30,12,8.5,86,0.2,medium,Low rainfall,Medium,Rainfall is very low for a climate-sensitive zone.,Recommend irrigation products and soil moisture support.
984,3,Beja,2025-12-31,12,9.4,88,0.6,medium,High humidity,Medium,Humidity level is high and may increase fungal disease risk.,Recommend fungicides and crop protection products.
985,4,Kairouan,2025-01-02,1,12.3,91,12.8,low,High humidity,Medium,Humidity level is high and may increase fungal disease risk.,Recommend fungicides and crop protection products.
986,4,Kairouan,2025-01-03,1,12.9,77,0.3,medium,Low rainfall,Medium,Rainfall is very low for a climate-sensitive zone.,Recommend irrigation products and soil moisture support.
987,4,Kairouan,2025-01-04,1,12.6,74,0.0,medium,Low rainfall,Medium,Rainfall is very low for a climate-sensitive zone.,Recommend irrigation products and soil moisture support.
988,4,Kairouan,2025-01-05,1,13.3,67,0.0,medium,Low rainfall,Medium,Rainfall is very low for a climate-sensitive zone.,Recommend irrigation products and soil moisture support.
989,4,Kairouan,2025-01-06,1,15.1,50,0.0,medium,Low rainfall,Medium,Rainfall is very low for a climate-sensitive zone.,Recommend irrigation products and soil moisture support.
990,4,Kairouan,2025-01-07,1,13.3,65,0.0,medium,Low rainfall,Medium,Rainfall is very low for a climate-sensitive zone.,Recommend irrigation products and soil moisture support.
991,4,Kairouan,2025-01-08,1,11.9,67,0.0,medium,Low rainfall,Medium,Rainfall is very low for a climate-sensitive zone.,Recommend irrigation products and soil moisture support.
992,4,Kairouan,2025-01-09,1,12.4,61,0.0,medium,Low rainfall,Medium,Rainfall is very low for a climate-sensitive zone.,Recommend irrigation products and soil moisture support.
993,4,Kairouan,2025-01-10,1,14.3,68,0.0,medium,Low rainfall,Medium,Rainfall is very low for a climate-sensitive zone.,Recommend irrigation products and soil moisture support.
994,4,Kairouan,2025-01-11,1,14.3,64,0.0,medium,Low rainfall,Medium,Rainfall is very low for a climate-sensitive zone.,Recommend irrigation products and soil moisture support.
995,4,Kairouan,2025-01-15,1,10.3,74,0.0,medium,Low rainfall,Medium,Rainfall is very low for a climate-sensitive zone.,Recommend irrigation products and soil moisture support.
996,4,Kairouan,2025-01-20,1,11.4,73,0.0,medium,Low rainfall,Medium,Rainfall is very low for a climate-sensitive zone.,Recommend irrigation products and soil moisture support.
997,4,Kairouan,2025-01-21,1,11.8,67,0.0,medium,Low rainfall,Medium,Rainfall is very low for a climate-sensitive zone.,Recommend irrigation products and soil moisture support.
998,4,Kairouan,2025-01-22,1,13.6,67,0.0,medium,Low rainfall,Medium,Rainfall is very low for a climate-sensitive zone.,Recommend irrigation products and soil moisture support.
999,4,Kairouan,2025-01-23,1,16.0,46,0.0,medium,Low rainfall,Medium,Rainfall is very low for a climate-sensitive zone.,Recommend irrigation products and soil moisture support.
1000,4,Kairouan,2025-01-24,1,13.9,67,0.0,medium,Low rainfall,Medium,Rainfall is very low for a climate-sensitive zone.,Recommend irrigation products and soil moisture support.
1001,4,Kairouan,2025-01-25,1,14.2,64,0.0,medium,Low rainfall,Medium,Rainfall is very low for a climate-sensitive zone.,Recommend irrigation products and soil moisture support.
1002,4,Kairouan,2025-01-26,1,16.3,62,0.0,medium,Low rainfall,Medium,Rainfall is very low for a climate-sensitive zone.,Recommend irrigation products and soil moisture support.
1003,4,Kairouan,2025-01-27,1,16.4,55,0.0,medium,Low rainfall,Medium,Rainfall is very low for a climate-sensitive zone.,Recommend irrigation products and soil moisture support.
1004,4,Kairouan,2025-01-28,1,17.3,54,0.0,medium,Low rainfall,Medium,Rainfall is very low for a climate-sensitive zone.,Recommend irrigation products and soil moisture support.
1005,4,Kairouan,2025-01-30,1,12.7,57,0.0,medium,Low rainfall,Medium,Rainfall is very low for a climate-sensitive zone.,Recommend irrigation products and soil moisture support.
1006,4,Kairouan,2025-01-31,1,12.2,71,0.0,medium,Low rainfall,Medium,Rainfall is very low for a climate-sensitive zone.,Recommend irrigation products and soil moisture support.
1007,4,Kairouan,2025-02-01,2,12.1,89,28.5,low,High humidity,Medium,Humidity level is high and may increase fungal disease risk.,Recommend fungicides and crop protection products.
1008,4,Kairouan,2025-02-03,2,11.7,70,0.0,medium,Low rainfall,Medium,Rainfall is very low for a climate-sensitive zone.,Recommend irrigation products and soil moisture support.
1009,4,Kairouan,2025-02-04,2,12.5,76,0.3,medium,Low rainfall,Medium,Rainfall is very low for a climate-sensitive zone.,Recommend irrigation products and soil moisture support.
1010,4,Kairouan,2025-02-05,2,12.2,79,0.2,medium,Low rainfall,Medium,Rainfall is very low for a climate-sensitive zone.,Recommend irrigation products and soil moisture support.
1011,4,Kairouan,2025-02-06,2,11.4,76,0.0,medium,Low rainfall,Medium,Rainfall is very low for a climate-sensitive zone.,Recommend irrigation products and soil moisture support.
1012,4,Kairouan,2025-02-07,2,9.9,91,13.2,low,High humidity,Medium,Humidity level is high and may increase fungal disease risk.,Recommend fungicides and crop protection products.
1013,4,Kairouan,2025-02-09,2,11.7,70,0.0,medium,Low rainfall,Medium,Rainfall is very low for a climate-sensitive zone.,Recommend irrigation products and soil moisture support.
1014,4,Kairouan,2025-02-10,2,12.3,75,0.0,medium,Low rainfall,Medium,Rainfall is very low for a climate-sensitive zone.,Recommend irrigation products and soil moisture support.
1015,4,Kairouan,2025-02-11,2,12.6,80,0.0,medium,Low rainfall,Medium,Rainfall is very low for a climate-sensitive zone.,Recommend irrigation products and soil moisture support.
1016,4,Kairouan,2025-02-12,2,13.1,72,0.0,medium,Low rainfall,Medium,Rainfall is very low for a climate-sensitive zone.,Recommend irrigation products and soil moisture support.
1017,4,Kairouan,2025-02-13,2,12.9,76,0.1,medium,Low rainfall,Medium,Rainfall is very low for a climate-sensitive zone.,Recommend irrigation products and soil moisture support.
1018,4,Kairouan,2025-02-14,2,13.5,74,0.2,medium,Low rainfall,Medium,Rainfall is very low for a climate-sensitive zone.,Recommend irrigation products and soil moisture support.
1019,4,Kairouan,2025-02-15,2,13.8,65,0.0,medium,Low rainfall,Medium,Rainfall is very low for a climate-sensitive zone.,Recommend irrigation products and soil moisture support.
1020,4,Kairouan,2025-02-16,2,12.0,64,0.0,medium,Low rainfall,Medium,Rainfall is very low for a climate-sensitive zone.,Recommend irrigation products and soil moisture support.
1021,4,Kairouan,2025-02-17,2,13.0,74,0.0,medium,Low rainfall,Medium,Rainfall is very low for a climate-sensitive zone.,Recommend irrigation products and soil moisture support.
1022,4,Kairouan,2025-02-18,2,12.3,75,0.0,medium,Low rainfall,Medium,Rainfall is very low for a climate-sensitive zone.,Recommend irrigation products and soil moisture support.
1023,4,Kairouan,2025-02-19,2,13.4,75,0.0,medium,Low rainfall,Medium,Rainfall is very low for a climate-sensitive zone.,Recommend irrigation products and soil moisture support.
1024,4,Kairouan,2025-02-20,2,13.2,82,0.0,medium,Low rainfall,Medium,Rainfall is very low for a climate-sensitive zone.,Recommend irrigation products and soil moisture support.
1025,4,Kairouan,2025-02-21,2,13.0,86,2.6,low,High humidity,Medium,Humidity level is high and may increase fungal disease risk.,Recommend fungicides and crop protection products.
1026,4,Kairouan,2025-02-22,2,13.9,72,0.0,medium,Low rainfall,Medium,Rainfall is very low for a climate-sensitive zone.,Recommend irrigation products and soil moisture support.
1027,4,Kairouan,2025-02-23,2,13.5,73,0.0,medium,Low rainfall,Medium,Rainfall is very low for a climate-sensitive zone.,Recommend irrigation products and soil moisture support.
1028,4,Kairouan,2025-02-24,2,14.1,75,0.0,medium,Low rainfall,Medium,Rainfall is very low for a climate-sensitive zone.,Recommend irrigation products and soil moisture support.
1029,4,Kairouan,2025-02-25,2,14.4,71,0.0,medium,Low rainfall,Medium,Rainfall is very low for a climate-sensitive zone.,Recommend irrigation products and soil moisture support.
1030,4,Kairouan,2025-02-27,2,12.9,57,0.0,medium,Low rainfall,Medium,Rainfall is very low for a climate-sensitive zone.,Recommend irrigation products and soil moisture support.
1031,4,Kairouan,2025-02-28,2,13.8,62,0.0,medium,Low rainfall,Medium,Rainfall is very low for a climate-sensitive zone.,Recommend irrigation products and soil moisture support.
1032,4,Kairouan,2025-03-01,3,16.1,48,0.0,medium,Low rainfall,Medium,Rainfall is very low for a climate-sensitive zone.,Recommend irrigation products and soil moisture support.
1033,4,Kairouan,2025-03-04,3,14.3,77,0.1,medium,Low rainfall,Medium,Rainfall is very low for a climate-sensitive zone.,Recommend irrigation products and soil moisture support.
1034,4,Kairouan,2025-03-08,3,16.0,75,0.0,medium,Low rainfall,Medium,Rainfall is very low for a climate-sensitive zone.,Recommend irrigation products and soil moisture support.
1035,4,Kairouan,2025-03-09,3,17.6,72,0.0,medium,Low rainfall,Medium,Rainfall is very low for a climate-sensitive zone.,Recommend irrigation products and soil moisture support.
1036,4,Kairouan,2025-03-10,3,18.2,67,0.0,medium,Low rainfall,Medium,Rainfall is very low for a climate-sensitive zone.,Recommend irrigation products and soil moisture support.
1037,4,Kairouan,2025-03-11,3,18.1,70,0.0,medium,Low rainfall,Medium,Rainfall is very low for a climate-sensitive zone.,Recommend irrigation products and soil moisture support.
1038,4,Kairouan,2025-03-13,3,18.5,63,0.0,medium,Low rainfall,Medium,Rainfall is very low for a climate-sensitive zone.,Recommend irrigation products and soil moisture support.
1039,4,Kairouan,2025-03-14,3,22.1,44,0.0,medium,Low rainfall,Medium,Rainfall is very low for a climate-sensitive zone.,Recommend irrigation products and soil moisture support.
1040,4,Kairouan,2025-03-15,3,18.7,57,0.1,medium,Low rainfall,Medium,Rainfall is very low for a climate-sensitive zone.,Recommend irrigation products and soil moisture support.
1041,4,Kairouan,2025-03-16,3,16.6,59,0.0,medium,Low rainfall,Medium,Rainfall is very low for a climate-sensitive zone.,Recommend irrigation products and soil moisture support.
1042,4,Kairouan,2025-03-17,3,16.9,69,0.0,medium,Low rainfall,Medium,Rainfall is very low for a climate-sensitive zone.,Recommend irrigation products and soil moisture support.
1043,4,Kairouan,2025-03-20,3,16.3,73,0.0,medium,Low rainfall,Medium,Rainfall is very low for a climate-sensitive zone.,Recommend irrigation products and soil moisture support.
1044,4,Kairouan,2025-03-21,3,17.6,70,0.0,medium,Low rainfall,Medium,Rainfall is very low for a climate-sensitive zone.,Recommend irrigation products and soil moisture support.
1045,4,Kairouan,2025-03-23,3,18.5,57,0.0,medium,Low rainfall,Medium,Rainfall is very low for a climate-sensitive zone.,Recommend irrigation products and soil moisture support.
1046,4,Kairouan,2025-03-24,3,17.6,59,0.0,medium,Low rainfall,Medium,Rainfall is very low for a climate-sensitive zone.,Recommend irrigation products and soil moisture support.
1047,4,Kairouan,2025-03-25,3,16.1,61,0.1,medium,Low rainfall,Medium,Rainfall is very low for a climate-sensitive zone.,Recommend irrigation products and soil moisture support.
1048,4,Kairouan,2025-03-26,3,15.3,58,0.3,medium,Low rainfall,Medium,Rainfall is very low for a climate-sensitive zone.,Recommend irrigation products and soil moisture support.
1049,4,Kairouan,2025-03-27,3,15.2,54,0.0,medium,Low rainfall,Medium,Rainfall is very low for a climate-sensitive zone.,Recommend irrigation products and soil moisture support.
1050,4,Kairouan,2025-03-28,3,16.3,50,0.1,medium,Low rainfall,Medium,Rainfall is very low for a climate-sensitive zone.,Recommend irrigation products and soil moisture support.
1051,4,Kairouan,2025-03-31,3,16.1,57,0.0,medium,Low rainfall,Medium,Rainfall is very low for a climate-sensitive zone.,Recommend irrigation products and soil moisture support.
1052,4,Kairouan,2025-04-01,4,15.7,53,0.0,medium,Low rainfall,Medium,Rainfall is very low for a climate-sensitive zone.,Recommend irrigation products and soil moisture support.
1053,4,Kairouan,2025-04-02,4,14.9,59,0.0,medium,Low rainfall,Medium,Rainfall is very low for a climate-sensitive zone.,Recommend irrigation products and soil moisture support.
1054,4,Kairouan,2025-04-03,4,16.1,68,0.0,medium,Low rainfall,Medium,Rainfall is very low for a climate-sensitive zone.,Recommend irrigation products and soil moisture support.
1055,4,Kairouan,2025-04-04,4,17.8,66,0.0,medium,Low rainfall,Medium,Rainfall is very low for a climate-sensitive zone.,Recommend irrigation products and soil moisture support.
1056,4,Kairouan,2025-04-07,4,15.8,70,0.3,medium,Low rainfall,Medium,Rainfall is very low for a climate-sensitive zone.,Recommend irrigation products and soil moisture support.
1057,4,Kairouan,2025-04-08,4,16.0,73,0.0,medium,Low rainfall,Medium,Rainfall is very low for a climate-sensitive zone.,Recommend irrigation products and soil moisture support.
1058,4,Kairouan,2025-04-09,4,17.6,68,0.0,medium,Low rainfall,Medium,Rainfall is very low for a climate-sensitive zone.,Recommend irrigation products and soil moisture support.
1059,4,Kairouan,2025-04-10,4,18.0,71,0.0,medium,Low rainfall,Medium,Rainfall is very low for a climate-sensitive zone.,Recommend irrigation products and soil moisture support.
1060,4,Kairouan,2025-04-11,4,17.7,65,0.0,medium,Low rainfall,Medium,Rainfall is very low for a climate-sensitive zone.,Recommend irrigation products and soil moisture support.
1061,4,Kairouan,2025-04-12,4,21.8,64,0.0,medium,Low rainfall,Medium,Rainfall is very low for a climate-sensitive zone.,Recommend irrigation products and soil moisture support.
1062,4,Kairouan,2025-04-13,4,20.6,65,0.0,medium,Low rainfall,Medium,Rainfall is very low for a climate-sensitive zone.,Recommend irrigation products and soil moisture support.
1063,4,Kairouan,2025-04-15,4,20.0,69,0.0,medium,Low rainfall,Medium,Rainfall is very low for a climate-sensitive zone.,Recommend irrigation products and soil moisture support.
1064,4,Kairouan,2025-04-17,4,16.2,51,0.0,medium,Low rainfall,Medium,Rainfall is very low for a climate-sensitive zone.,Recommend irrigation products and soil moisture support.
1065,4,Kairouan,2025-04-18,4,18.4,55,0.0,medium,Low rainfall,Medium,Rainfall is very low for a climate-sensitive zone.,Recommend irrigation products and soil moisture support.
1066,4,Kairouan,2025-04-19,4,20.4,48,0.0,medium,Low rainfall,Medium,Rainfall is very low for a climate-sensitive zone.,Recommend irrigation products and soil moisture support.
1067,4,Kairouan,2025-04-20,4,19.3,63,0.0,medium,Low rainfall,Medium,Rainfall is very low for a climate-sensitive zone.,Recommend irrigation products and soil moisture support.
1068,4,Kairouan,2025-04-22,4,17.8,61,0.0,medium,Low rainfall,Medium,Rainfall is very low for a climate-sensitive zone.,Recommend irrigation products and soil moisture support.
1069,4,Kairouan,2025-04-23,4,17.6,61,0.0,medium,Low rainfall,Medium,Rainfall is very low for a climate-sensitive zone.,Recommend irrigation products and soil moisture support.
1070,4,Kairouan,2025-04-24,4,18.6,58,0.0,medium,Low rainfall,Medium,Rainfall is very low for a climate-sensitive zone.,Recommend irrigation products and soil moisture support.
1071,4,Kairouan,2025-04-25,4,19.6,61,0.0,medium,Low rainfall,Medium,Rainfall is very low for a climate-sensitive zone.,Recommend irrigation products and soil moisture support.
1072,4,Kairouan,2025-04-26,4,19.5,64,0.2,medium,Low rainfall,Medium,Rainfall is very low for a climate-sensitive zone.,Recommend irrigation products and soil moisture support.
1073,4,Kairouan,2025-04-30,4,18.8,65,0.0,medium,Low rainfall,Medium,Rainfall is very low for a climate-sensitive zone.,Recommend irrigation products and soil moisture support.
1074,4,Kairouan,2025-05-01,5,21.0,59,0.0,medium,Low rainfall,Medium,Rainfall is very low for a climate-sensitive zone.,Recommend irrigation products and soil moisture support.
1075,4,Kairouan,2025-05-02,5,22.2,48,0.0,medium,Low rainfall,Medium,Rainfall is very low for a climate-sensitive zone.,Recommend irrigation products and soil moisture support.
1076,4,Kairouan,2025-05-03,5,23.0,46,0.0,medium,Low rainfall,Medium,Rainfall is very low for a climate-sensitive zone.,Recommend irrigation products and soil moisture support.
1077,4,Kairouan,2025-05-04,5,21.9,56,0.0,medium,Low rainfall,Medium,Rainfall is very low for a climate-sensitive zone.,Recommend irrigation products and soil moisture support.
1078,4,Kairouan,2025-05-05,5,21.4,65,0.0,medium,Low rainfall,Medium,Rainfall is very low for a climate-sensitive zone.,Recommend irrigation products and soil moisture support.
1079,4,Kairouan,2025-05-06,5,20.2,69,0.2,medium,Low rainfall,Medium,Rainfall is very low for a climate-sensitive zone.,Recommend irrigation products and soil moisture support.
1080,4,Kairouan,2025-05-07,5,20.8,67,0.0,medium,Low rainfall,Medium,Rainfall is very low for a climate-sensitive zone.,Recommend irrigation products and soil moisture support.
1081,4,Kairouan,2025-05-08,5,20.6,65,0.1,medium,Low rainfall,Medium,Rainfall is very low for a climate-sensitive zone.,Recommend irrigation products and soil moisture support.
1082,4,Kairouan,2025-05-09,5,21.7,61,0.5,medium,Low rainfall,Medium,Rainfall is very low for a climate-sensitive zone.,Recommend irrigation products and soil moisture support.
1083,4,Kairouan,2025-05-10,5,23.1,56,0.0,medium,Low rainfall,Medium,Rainfall is very low for a climate-sensitive zone.,Recommend irrigation products and soil moisture support.
1084,4,Kairouan,2025-05-13,5,21.9,55,0.0,medium,Low rainfall,Medium,Rainfall is very low for a climate-sensitive zone.,Recommend irrigation products and soil moisture support.
1085,4,Kairouan,2025-05-14,5,20.8,61,0.0,medium,Low rainfall,Medium,Rainfall is very low for a climate-sensitive zone.,Recommend irrigation products and soil moisture support.
1086,4,Kairouan,2025-05-17,5,21.4,53,0.0,medium,Low rainfall,Medium,Rainfall is very low for a climate-sensitive zone.,Recommend irrigation products and soil moisture support.
1087,4,Kairouan,2025-05-18,5,24.3,53,0.0,medium,Low rainfall,Medium,Rainfall is very low for a climate-sensitive zone.,Recommend irrigation products and soil moisture support.
1088,4,Kairouan,2025-05-19,5,28.2,39,0.0,medium,Low rainfall,Medium,Rainfall is very low for a climate-sensitive zone.,Recommend irrigation products and soil moisture support.
1089,4,Kairouan,2025-05-20,5,27.2,46,0.1,medium,Low rainfall,Medium,Rainfall is very low for a climate-sensitive zone.,Recommend irrigation products and soil moisture support.
1090,4,Kairouan,2025-05-21,5,23.7,54,0.0,medium,Low rainfall,Medium,Rainfall is very low for a climate-sensitive zone.,Recommend irrigation products and soil moisture support.
1091,4,Kairouan,2025-05-23,5,22.3,55,0.5,medium,Low rainfall,Medium,Rainfall is very low for a climate-sensitive zone.,Recommend irrigation products and soil moisture support.
1092,4,Kairouan,2025-05-24,5,20.1,53,0.1,medium,Low rainfall,Medium,Rainfall is very low for a climate-sensitive zone.,Recommend irrigation products and soil moisture support.
1093,4,Kairouan,2025-05-25,5,21.5,46,0.0,medium,Low rainfall,Medium,Rainfall is very low for a climate-sensitive zone.,Recommend irrigation products and soil moisture support.
1094,4,Kairouan,2025-05-26,5,22.3,41,0.0,medium,Low rainfall,Medium,Rainfall is very low for a climate-sensitive zone.,Recommend irrigation products and soil moisture support.
1095,4,Kairouan,2025-05-27,5,24.4,40,0.0,medium,Low rainfall,Medium,Rainfall is very low for a climate-sensitive zone.,Recommend irrigation products and soil moisture support.
1096,4,Kairouan,2025-05-28,5,24.5,39,0.0,medium,Low rainfall,Medium,Rainfall is very low for a climate-sensitive zone.,Recommend irrigation products and soil moisture support.
1097,4,Kairouan,2025-05-29,5,25.2,37,0.0,medium,Low rainfall,Medium,Rainfall is very low for a climate-sensitive zone.,Recommend irrigation products and soil moisture support.
1098,4,Kairouan,2025-05-30,5,24.8,44,0.0,medium,Low rainfall,Medium,Rainfall is very low for a climate-sensitive zone.,Recommend irrigation products and soil moisture support.
1099,4,Kairouan,2025-05-31,5,24.4,47,0.0,medium,Low rainfall,Medium,Rainfall is very low for a climate-sensitive zone.,Recommend irrigation products and soil moisture support.
1100,4,Kairouan,2025-06-01,6,24.6,46,0.0,medium,Low rainfall,Medium,Rainfall is very low for a climate-sensitive zone.,Recommend irrigation products and soil moisture support.
1101,4,Kairouan,2025-06-02,6,24.6,42,0.0,medium,Low rainfall,Medium,Rainfall is very low for a climate-sensitive zone.,Recommend irrigation products and soil moisture support.
1102,4,Kairouan,2025-06-03,6,26.1,50,0.0,medium,Low rainfall,Medium,Rainfall is very low for a climate-sensitive zone.,Recommend irrigation products and soil moisture support.
1103,4,Kairouan,2025-06-04,6,27.2,53,0.0,medium,Low rainfall,Medium,Rainfall is very low for a climate-sensitive zone.,Recommend irrigation products and soil moisture support.
1104,4,Kairouan,2025-06-05,6,26.8,61,0.0,medium,Low rainfall,Medium,Rainfall is very low for a climate-sensitive zone.,Recommend irrigation products and soil moisture support.
1105,4,Kairouan,2025-06-06,6,27.5,52,0.0,medium,Low rainfall,Medium,Rainfall is very low for a climate-sensitive zone.,Recommend irrigation products and soil moisture support.
1106,4,Kairouan,2025-06-07,6,30.2,30,0.0,high,High drought risk,High,The zone is exposed to high drought risk.,Prioritize drought-adapted products and irrigation solutions.
1107,4,Kairouan,2025-06-07,6,30.2,30,0.0,high,Low rainfall,Medium,Rainfall is very low for a climate-sensitive zone.,Recommend irrigation products and soil moisture support.
1108,4,Kairouan,2025-06-08,6,30.8,28,0.0,high,High drought risk,High,The zone is exposed to high drought risk.,Prioritize drought-adapted products and irrigation solutions.
1109,4,Kairouan,2025-06-08,6,30.8,28,0.0,high,Low rainfall,Medium,Rainfall is very low for a climate-sensitive zone.,Recommend irrigation products and soil moisture support.
1110,4,Kairouan,2025-06-09,6,29.5,40,0.0,medium,Low rainfall,Medium,Rainfall is very low for a climate-sensitive zone.,Recommend irrigation products and soil moisture support.
1111,4,Kairouan,2025-06-10,6,29.0,39,0.0,medium,Low rainfall,Medium,Rainfall is very low for a climate-sensitive zone.,Recommend irrigation products and soil moisture support.
1112,4,Kairouan,2025-06-11,6,26.8,47,0.0,medium,Low rainfall,Medium,Rainfall is very low for a climate-sensitive zone.,Recommend irrigation products and soil moisture support.
1113,4,Kairouan,2025-06-12,6,27.2,53,0.0,medium,Low rainfall,Medium,Rainfall is very low for a climate-sensitive zone.,Recommend irrigation products and soil moisture support.
1114,4,Kairouan,2025-06-13,6,27.8,50,0.0,medium,Low rainfall,Medium,Rainfall is very low for a climate-sensitive zone.,Recommend irrigation products and soil moisture support.
1115,4,Kairouan,2025-06-14,6,28.7,39,0.0,medium,Low rainfall,Medium,Rainfall is very low for a climate-sensitive zone.,Recommend irrigation products and soil moisture support.
1116,4,Kairouan,2025-06-15,6,29.6,40,0.0,medium,Low rainfall,Medium,Rainfall is very low for a climate-sensitive zone.,Recommend irrigation products and soil moisture support.
1117,4,Kairouan,2025-06-16,6,31.0,35,0.0,high,High drought risk,High,The zone is exposed to high drought risk.,Prioritize drought-adapted products and irrigation solutions.
1118,4,Kairouan,2025-06-16,6,31.0,35,0.0,high,Low rainfall,Medium,Rainfall is very low for a climate-sensitive zone.,Recommend irrigation products and soil moisture support.
1119,4,Kairouan,2025-06-17,6,31.5,30,0.0,high,High drought risk,High,The zone is exposed to high drought risk.,Prioritize drought-adapted products and irrigation solutions.
1120,4,Kairouan,2025-06-17,6,31.5,30,0.0,high,Low rainfall,Medium,Rainfall is very low for a climate-sensitive zone.,Recommend irrigation products and soil moisture support.
1121,4,Kairouan,2025-06-18,6,29.1,43,0.2,medium,Low rainfall,Medium,Rainfall is very low for a climate-sensitive zone.,Recommend irrigation products and soil moisture support.
1122,4,Kairouan,2025-06-21,6,28.8,42,0.0,medium,Low rainfall,Medium,Rainfall is very low for a climate-sensitive zone.,Recommend irrigation products and soil moisture support.
1123,4,Kairouan,2025-06-22,6,29.6,44,0.0,medium,Low rainfall,Medium,Rainfall is very low for a climate-sensitive zone.,Recommend irrigation products and soil moisture support.
1124,4,Kairouan,2025-06-23,6,31.1,34,0.0,high,High drought risk,High,The zone is exposed to high drought risk.,Prioritize drought-adapted products and irrigation solutions.
1125,4,Kairouan,2025-06-23,6,31.1,34,0.0,high,Low rainfall,Medium,Rainfall is very low for a climate-sensitive zone.,Recommend irrigation products and soil moisture support.
1126,4,Kairouan,2025-06-24,6,31.1,32,0.0,high,High drought risk,High,The zone is exposed to high drought risk.,Prioritize drought-adapted products and irrigation solutions.
1127,4,Kairouan,2025-06-24,6,31.1,32,0.0,high,Low rainfall,Medium,Rainfall is very low for a climate-sensitive zone.,Recommend irrigation products and soil moisture support.
1128,4,Kairouan,2025-06-25,6,32.9,28,0.0,high,High drought risk,High,The zone is exposed to high drought risk.,Prioritize drought-adapted products and irrigation solutions.
1129,4,Kairouan,2025-06-25,6,32.9,28,0.0,high,Low rainfall,Medium,Rainfall is very low for a climate-sensitive zone.,Recommend irrigation products and soil moisture support.
1130,4,Kairouan,2025-06-25,6,32.9,28,0.0,high,Heat stress,Medium,Temperature is high and may create crop stress.,Recommend climate-adapted products and field monitoring.
1131,4,Kairouan,2025-06-26,6,32.2,33,0.0,high,High drought risk,High,The zone is exposed to high drought risk.,Prioritize drought-adapted products and irrigation solutions.
1132,4,Kairouan,2025-06-26,6,32.2,33,0.0,high,Low rainfall,Medium,Rainfall is very low for a climate-sensitive zone.,Recommend irrigation products and soil moisture support.
1133,4,Kairouan,2025-06-26,6,32.2,33,0.0,high,Heat stress,Medium,Temperature is high and may create crop stress.,Recommend climate-adapted products and field monitoring.
1134,4,Kairouan,2025-06-27,6,31.3,44,0.0,high,High drought risk,High,The zone is exposed to high drought risk.,Prioritize drought-adapted products and irrigation solutions.
1135,4,Kairouan,2025-06-27,6,31.3,44,0.0,high,Low rainfall,Medium,Rainfall is very low for a climate-sensitive zone.,Recommend irrigation products and soil moisture support.
1136,4,Kairouan,2025-06-28,6,30.8,41,0.0,high,High drought risk,High,The zone is exposed to high drought risk.,Prioritize drought-adapted products and irrigation solutions.
1137,4,Kairouan,2025-06-28,6,30.8,41,0.0,high,Low rainfall,Medium,Rainfall is very low for a climate-sensitive zone.,Recommend irrigation products and soil moisture support.
1138,4,Kairouan,2025-06-29,6,30.4,45,0.0,high,High drought risk,High,The zone is exposed to high drought risk.,Prioritize drought-adapted products and irrigation solutions.
1139,4,Kairouan,2025-06-29,6,30.4,45,0.0,high,Low rainfall,Medium,Rainfall is very low for a climate-sensitive zone.,Recommend irrigation products and soil moisture support.
1140,4,Kairouan,2025-06-30,6,29.7,47,0.0,medium,Low rainfall,Medium,Rainfall is very low for a climate-sensitive zone.,Recommend irrigation products and soil moisture support.
1141,4,Kairouan,2025-07-01,7,30.2,53,0.0,high,High drought risk,High,The zone is exposed to high drought risk.,Prioritize drought-adapted products and irrigation solutions.
1142,4,Kairouan,2025-07-01,7,30.2,53,0.0,high,Low rainfall,Medium,Rainfall is very low for a climate-sensitive zone.,Recommend irrigation products and soil moisture support.
1143,4,Kairouan,2025-07-02,7,32.3,35,0.0,high,High drought risk,High,The zone is exposed to high drought risk.,Prioritize drought-adapted products and irrigation solutions.
1144,4,Kairouan,2025-07-02,7,32.3,35,0.0,high,Low rainfall,Medium,Rainfall is very low for a climate-sensitive zone.,Recommend irrigation products and soil moisture support.
1145,4,Kairouan,2025-07-02,7,32.3,35,0.0,high,Heat stress,Medium,Temperature is high and may create crop stress.,Recommend climate-adapted products and field monitoring.
1146,4,Kairouan,2025-07-03,7,31.9,35,0.0,high,High drought risk,High,The zone is exposed to high drought risk.,Prioritize drought-adapted products and irrigation solutions.
1147,4,Kairouan,2025-07-03,7,31.9,35,0.0,high,Low rainfall,Medium,Rainfall is very low for a climate-sensitive zone.,Recommend irrigation products and soil moisture support.
1148,4,Kairouan,2025-07-04,7,30.9,46,0.0,high,High drought risk,High,The zone is exposed to high drought risk.,Prioritize drought-adapted products and irrigation solutions.
1149,4,Kairouan,2025-07-04,7,30.9,46,0.0,high,Low rainfall,Medium,Rainfall is very low for a climate-sensitive zone.,Recommend irrigation products and soil moisture support.
1150,4,Kairouan,2025-07-05,7,31.2,47,0.0,high,High drought risk,High,The zone is exposed to high drought risk.,Prioritize drought-adapted products and irrigation solutions.
1151,4,Kairouan,2025-07-05,7,31.2,47,0.0,high,Low rainfall,Medium,Rainfall is very low for a climate-sensitive zone.,Recommend irrigation products and soil moisture support.
1152,4,Kairouan,2025-07-06,7,32.7,39,0.0,high,High drought risk,High,The zone is exposed to high drought risk.,Prioritize drought-adapted products and irrigation solutions.
1153,4,Kairouan,2025-07-06,7,32.7,39,0.0,high,Low rainfall,Medium,Rainfall is very low for a climate-sensitive zone.,Recommend irrigation products and soil moisture support.
1154,4,Kairouan,2025-07-06,7,32.7,39,0.0,high,Heat stress,Medium,Temperature is high and may create crop stress.,Recommend climate-adapted products and field monitoring.
1155,4,Kairouan,2025-07-07,7,34.6,28,0.0,high,High drought risk,High,The zone is exposed to high drought risk.,Prioritize drought-adapted products and irrigation solutions.
1156,4,Kairouan,2025-07-07,7,34.6,28,0.0,high,Low rainfall,Medium,Rainfall is very low for a climate-sensitive zone.,Recommend irrigation products and soil moisture support.
1157,4,Kairouan,2025-07-07,7,34.6,28,0.0,high,Heat stress,Medium,Temperature is high and may create crop stress.,Recommend climate-adapted products and field monitoring.
1158,4,Kairouan,2025-07-08,7,32.0,45,0.0,high,High drought risk,High,The zone is exposed to high drought risk.,Prioritize drought-adapted products and irrigation solutions.
1159,4,Kairouan,2025-07-08,7,32.0,45,0.0,high,Low rainfall,Medium,Rainfall is very low for a climate-sensitive zone.,Recommend irrigation products and soil moisture support.
1160,4,Kairouan,2025-07-08,7,32.0,45,0.0,high,Heat stress,Medium,Temperature is high and may create crop stress.,Recommend climate-adapted products and field monitoring.
1161,4,Kairouan,2025-07-09,7,30.5,39,0.0,high,High drought risk,High,The zone is exposed to high drought risk.,Prioritize drought-adapted products and irrigation solutions.
1162,4,Kairouan,2025-07-09,7,30.5,39,0.0,high,Low rainfall,Medium,Rainfall is very low for a climate-sensitive zone.,Recommend irrigation products and soil moisture support.
1163,4,Kairouan,2025-07-10,7,28.5,46,0.0,medium,Low rainfall,Medium,Rainfall is very low for a climate-sensitive zone.,Recommend irrigation products and soil moisture support.
1164,4,Kairouan,2025-07-11,7,28.2,47,0.0,medium,Low rainfall,Medium,Rainfall is very low for a climate-sensitive zone.,Recommend irrigation products and soil moisture support.
1165,4,Kairouan,2025-07-12,7,30.0,47,0.0,high,High drought risk,High,The zone is exposed to high drought risk.,Prioritize drought-adapted products and irrigation solutions.
1166,4,Kairouan,2025-07-12,7,30.0,47,0.0,high,Low rainfall,Medium,Rainfall is very low for a climate-sensitive zone.,Recommend irrigation products and soil moisture support.
1167,4,Kairouan,2025-07-13,7,33.1,39,0.0,high,High drought risk,High,The zone is exposed to high drought risk.,Prioritize drought-adapted products and irrigation solutions.
1168,4,Kairouan,2025-07-13,7,33.1,39,0.0,high,Low rainfall,Medium,Rainfall is very low for a climate-sensitive zone.,Recommend irrigation products and soil moisture support.
1169,4,Kairouan,2025-07-13,7,33.1,39,0.0,high,Heat stress,Medium,Temperature is high and may create crop stress.,Recommend climate-adapted products and field monitoring.
1170,4,Kairouan,2025-07-14,7,32.9,42,0.0,high,High drought risk,High,The zone is exposed to high drought risk.,Prioritize drought-adapted products and irrigation solutions.
1171,4,Kairouan,2025-07-14,7,32.9,42,0.0,high,Low rainfall,Medium,Rainfall is very low for a climate-sensitive zone.,Recommend irrigation products and soil moisture support.
1172,4,Kairouan,2025-07-14,7,32.9,42,0.0,high,Heat stress,Medium,Temperature is high and may create crop stress.,Recommend climate-adapted products and field monitoring.
1173,4,Kairouan,2025-07-15,7,31.8,43,0.0,high,High drought risk,High,The zone is exposed to high drought risk.,Prioritize drought-adapted products and irrigation solutions.
1174,4,Kairouan,2025-07-15,7,31.8,43,0.0,high,Low rainfall,Medium,Rainfall is very low for a climate-sensitive zone.,Recommend irrigation products and soil moisture support.
1175,4,Kairouan,2025-07-16,7,32.3,37,0.0,high,High drought risk,High,The zone is exposed to high drought risk.,Prioritize drought-adapted products and irrigation solutions.
1176,4,Kairouan,2025-07-16,7,32.3,37,0.0,high,Low rainfall,Medium,Rainfall is very low for a climate-sensitive zone.,Recommend irrigation products and soil moisture support.
1177,4,Kairouan,2025-07-16,7,32.3,37,0.0,high,Heat stress,Medium,Temperature is high and may create crop stress.,Recommend climate-adapted products and field monitoring.
1178,4,Kairouan,2025-07-17,7,31.4,31,0.0,high,High drought risk,High,The zone is exposed to high drought risk.,Prioritize drought-adapted products and irrigation solutions.
1179,4,Kairouan,2025-07-17,7,31.4,31,0.0,high,Low rainfall,Medium,Rainfall is very low for a climate-sensitive zone.,Recommend irrigation products and soil moisture support.
1180,4,Kairouan,2025-07-18,7,31.0,33,0.0,high,High drought risk,High,The zone is exposed to high drought risk.,Prioritize drought-adapted products and irrigation solutions.
1181,4,Kairouan,2025-07-18,7,31.0,33,0.0,high,Low rainfall,Medium,Rainfall is very low for a climate-sensitive zone.,Recommend irrigation products and soil moisture support.
1182,4,Kairouan,2025-07-19,7,32.4,48,0.0,high,High drought risk,High,The zone is exposed to high drought risk.,Prioritize drought-adapted products and irrigation solutions.
1183,4,Kairouan,2025-07-19,7,32.4,48,0.0,high,Low rainfall,Medium,Rainfall is very low for a climate-sensitive zone.,Recommend irrigation products and soil moisture support.
1184,4,Kairouan,2025-07-19,7,32.4,48,0.0,high,Heat stress,Medium,Temperature is high and may create crop stress.,Recommend climate-adapted products and field monitoring.
1185,4,Kairouan,2025-07-20,7,34.8,41,0.0,high,High drought risk,High,The zone is exposed to high drought risk.,Prioritize drought-adapted products and irrigation solutions.
1186,4,Kairouan,2025-07-20,7,34.8,41,0.0,high,Low rainfall,Medium,Rainfall is very low for a climate-sensitive zone.,Recommend irrigation products and soil moisture support.
1187,4,Kairouan,2025-07-20,7,34.8,41,0.0,high,Heat stress,Medium,Temperature is high and may create crop stress.,Recommend climate-adapted products and field monitoring.
1188,4,Kairouan,2025-07-21,7,37.2,28,0.0,high,High drought risk,High,The zone is exposed to high drought risk.,Prioritize drought-adapted products and irrigation solutions.
1189,4,Kairouan,2025-07-21,7,37.2,28,0.0,high,Low rainfall,Medium,Rainfall is very low for a climate-sensitive zone.,Recommend irrigation products and soil moisture support.
1190,4,Kairouan,2025-07-21,7,37.2,28,0.0,high,Heat stress,Medium,Temperature is high and may create crop stress.,Recommend climate-adapted products and field monitoring.
1191,4,Kairouan,2025-07-22,7,33.5,41,0.0,high,High drought risk,High,The zone is exposed to high drought risk.,Prioritize drought-adapted products and irrigation solutions.
1192,4,Kairouan,2025-07-22,7,33.5,41,0.0,high,Low rainfall,Medium,Rainfall is very low for a climate-sensitive zone.,Recommend irrigation products and soil moisture support.
1193,4,Kairouan,2025-07-22,7,33.5,41,0.0,high,Heat stress,Medium,Temperature is high and may create crop stress.,Recommend climate-adapted products and field monitoring.
1194,4,Kairouan,2025-07-23,7,34.9,38,0.0,high,High drought risk,High,The zone is exposed to high drought risk.,Prioritize drought-adapted products and irrigation solutions.
1195,4,Kairouan,2025-07-23,7,34.9,38,0.0,high,Low rainfall,Medium,Rainfall is very low for a climate-sensitive zone.,Recommend irrigation products and soil moisture support.
1196,4,Kairouan,2025-07-23,7,34.9,38,0.0,high,Heat stress,Medium,Temperature is high and may create crop stress.,Recommend climate-adapted products and field monitoring.
1197,4,Kairouan,2025-07-24,7,38.2,23,0.0,high,High drought risk,High,The zone is exposed to high drought risk.,Prioritize drought-adapted products and irrigation solutions.
1198,4,Kairouan,2025-07-24,7,38.2,23,0.0,high,Low rainfall,Medium,Rainfall is very low for a climate-sensitive zone.,Recommend irrigation products and soil moisture support.
1199,4,Kairouan,2025-07-24,7,38.2,23,0.0,high,Heat stress,Medium,Temperature is high and may create crop stress.,Recommend climate-adapted products and field monitoring.
1200,4,Kairouan,2025-07-25,7,35.0,38,0.0,high,High drought risk,High,The zone is exposed to high drought risk.,Prioritize drought-adapted products and irrigation solutions.
1201,4,Kairouan,2025-07-25,7,35.0,38,0.0,high,Low rainfall,Medium,Rainfall is very low for a climate-sensitive zone.,Recommend irrigation products and soil moisture support.
1202,4,Kairouan,2025-07-25,7,35.0,38,0.0,high,Heat stress,Medium,Temperature is high and may create crop stress.,Recommend climate-adapted products and field monitoring.
1203,4,Kairouan,2025-07-26,7,29.6,45,0.0,medium,Low rainfall,Medium,Rainfall is very low for a climate-sensitive zone.,Recommend irrigation products and soil moisture support.
1204,4,Kairouan,2025-07-27,7,28.6,43,0.0,medium,Low rainfall,Medium,Rainfall is very low for a climate-sensitive zone.,Recommend irrigation products and soil moisture support.
1205,4,Kairouan,2025-07-28,7,29.6,36,0.0,medium,Low rainfall,Medium,Rainfall is very low for a climate-sensitive zone.,Recommend irrigation products and soil moisture support.
1206,4,Kairouan,2025-07-29,7,28.6,40,0.0,medium,Low rainfall,Medium,Rainfall is very low for a climate-sensitive zone.,Recommend irrigation products and soil moisture support.
1207,4,Kairouan,2025-07-30,7,27.8,38,0.0,medium,Low rainfall,Medium,Rainfall is very low for a climate-sensitive zone.,Recommend irrigation products and soil moisture support.
1208,4,Kairouan,2025-07-31,7,28.4,41,0.0,medium,Low rainfall,Medium,Rainfall is very low for a climate-sensitive zone.,Recommend irrigation products and soil moisture support.
1209,4,Kairouan,2025-08-01,8,29.5,52,0.1,medium,Low rainfall,Medium,Rainfall is very low for a climate-sensitive zone.,Recommend irrigation products and soil moisture support.
1210,4,Kairouan,2025-08-02,8,29.4,59,0.4,medium,Low rainfall,Medium,Rainfall is very low for a climate-sensitive zone.,Recommend irrigation products and soil moisture support.
1211,4,Kairouan,2025-08-03,8,29.6,53,0.0,medium,Low rainfall,Medium,Rainfall is very low for a climate-sensitive zone.,Recommend irrigation products and soil moisture support.
1212,4,Kairouan,2025-08-04,8,28.0,45,0.0,medium,Low rainfall,Medium,Rainfall is very low for a climate-sensitive zone.,Recommend irrigation products and soil moisture support.
1213,4,Kairouan,2025-08-05,8,27.4,48,0.0,medium,Low rainfall,Medium,Rainfall is very low for a climate-sensitive zone.,Recommend irrigation products and soil moisture support.
1214,4,Kairouan,2025-08-06,8,28.3,48,0.0,medium,Low rainfall,Medium,Rainfall is very low for a climate-sensitive zone.,Recommend irrigation products and soil moisture support.
1215,4,Kairouan,2025-08-07,8,29.9,44,0.0,medium,Low rainfall,Medium,Rainfall is very low for a climate-sensitive zone.,Recommend irrigation products and soil moisture support.
1216,4,Kairouan,2025-08-08,8,29.2,51,0.0,medium,Low rainfall,Medium,Rainfall is very low for a climate-sensitive zone.,Recommend irrigation products and soil moisture support.
1217,4,Kairouan,2025-08-09,8,28.9,53,0.0,medium,Low rainfall,Medium,Rainfall is very low for a climate-sensitive zone.,Recommend irrigation products and soil moisture support.
1218,4,Kairouan,2025-08-10,8,30.1,39,0.0,high,High drought risk,High,The zone is exposed to high drought risk.,Prioritize drought-adapted products and irrigation solutions.
1219,4,Kairouan,2025-08-10,8,30.1,39,0.0,high,Low rainfall,Medium,Rainfall is very low for a climate-sensitive zone.,Recommend irrigation products and soil moisture support.
1220,4,Kairouan,2025-08-11,8,30.3,40,0.0,high,High drought risk,High,The zone is exposed to high drought risk.,Prioritize drought-adapted products and irrigation solutions.
1221,4,Kairouan,2025-08-11,8,30.3,40,0.0,high,Low rainfall,Medium,Rainfall is very low for a climate-sensitive zone.,Recommend irrigation products and soil moisture support.
1222,4,Kairouan,2025-08-12,8,30.3,38,0.0,high,High drought risk,High,The zone is exposed to high drought risk.,Prioritize drought-adapted products and irrigation solutions.
1223,4,Kairouan,2025-08-12,8,30.3,38,0.0,high,Low rainfall,Medium,Rainfall is very low for a climate-sensitive zone.,Recommend irrigation products and soil moisture support.
1224,4,Kairouan,2025-08-13,8,30.2,46,0.0,high,High drought risk,High,The zone is exposed to high drought risk.,Prioritize drought-adapted products and irrigation solutions.
1225,4,Kairouan,2025-08-13,8,30.2,46,0.0,high,Low rainfall,Medium,Rainfall is very low for a climate-sensitive zone.,Recommend irrigation products and soil moisture support.
1226,4,Kairouan,2025-08-14,8,30.4,47,0.0,high,High drought risk,High,The zone is exposed to high drought risk.,Prioritize drought-adapted products and irrigation solutions.
1227,4,Kairouan,2025-08-14,8,30.4,47,0.0,high,Low rainfall,Medium,Rainfall is very low for a climate-sensitive zone.,Recommend irrigation products and soil moisture support.
1228,4,Kairouan,2025-08-15,8,30.5,50,0.0,high,High drought risk,High,The zone is exposed to high drought risk.,Prioritize drought-adapted products and irrigation solutions.
1229,4,Kairouan,2025-08-15,8,30.5,50,0.0,high,Low rainfall,Medium,Rainfall is very low for a climate-sensitive zone.,Recommend irrigation products and soil moisture support.
1230,4,Kairouan,2025-08-16,8,28.8,45,0.5,medium,Low rainfall,Medium,Rainfall is very low for a climate-sensitive zone.,Recommend irrigation products and soil moisture support.
1231,4,Kairouan,2025-08-17,8,30.3,46,0.0,high,High drought risk,High,The zone is exposed to high drought risk.,Prioritize drought-adapted products and irrigation solutions.
1232,4,Kairouan,2025-08-17,8,30.3,46,0.0,high,Low rainfall,Medium,Rainfall is very low for a climate-sensitive zone.,Recommend irrigation products and soil moisture support.
1233,4,Kairouan,2025-08-18,8,29.9,50,0.0,medium,Low rainfall,Medium,Rainfall is very low for a climate-sensitive zone.,Recommend irrigation products and soil moisture support.
1234,4,Kairouan,2025-08-19,8,31.2,50,0.0,high,High drought risk,High,The zone is exposed to high drought risk.,Prioritize drought-adapted products and irrigation solutions.
1235,4,Kairouan,2025-08-19,8,31.2,50,0.0,high,Low rainfall,Medium,Rainfall is very low for a climate-sensitive zone.,Recommend irrigation products and soil moisture support.
1236,4,Kairouan,2025-08-20,8,33.8,45,0.0,high,High drought risk,High,The zone is exposed to high drought risk.,Prioritize drought-adapted products and irrigation solutions.
1237,4,Kairouan,2025-08-20,8,33.8,45,0.0,high,Low rainfall,Medium,Rainfall is very low for a climate-sensitive zone.,Recommend irrigation products and soil moisture support.
1238,4,Kairouan,2025-08-20,8,33.8,45,0.0,high,Heat stress,Medium,Temperature is high and may create crop stress.,Recommend climate-adapted products and field monitoring.
1239,4,Kairouan,2025-08-21,8,30.4,49,0.0,high,High drought risk,High,The zone is exposed to high drought risk.,Prioritize drought-adapted products and irrigation solutions.
1240,4,Kairouan,2025-08-21,8,30.4,49,0.0,high,Low rainfall,Medium,Rainfall is very low for a climate-sensitive zone.,Recommend irrigation products and soil moisture support.
1241,4,Kairouan,2025-08-22,8,29.6,58,0.0,medium,Low rainfall,Medium,Rainfall is very low for a climate-sensitive zone.,Recommend irrigation products and soil moisture support.
1242,4,Kairouan,2025-08-23,8,29.1,57,0.0,medium,Low rainfall,Medium,Rainfall is very low for a climate-sensitive zone.,Recommend irrigation products and soil moisture support.
1243,4,Kairouan,2025-08-24,8,29.8,54,0.5,medium,Low rainfall,Medium,Rainfall is very low for a climate-sensitive zone.,Recommend irrigation products and soil moisture support.
1244,4,Kairouan,2025-08-25,8,29.6,55,0.4,medium,Low rainfall,Medium,Rainfall is very low for a climate-sensitive zone.,Recommend irrigation products and soil moisture support.
1245,4,Kairouan,2025-08-26,8,32.0,47,0.0,high,High drought risk,High,The zone is exposed to high drought risk.,Prioritize drought-adapted products and irrigation solutions.
1246,4,Kairouan,2025-08-26,8,32.0,47,0.0,high,Low rainfall,Medium,Rainfall is very low for a climate-sensitive zone.,Recommend irrigation products and soil moisture support.
1247,4,Kairouan,2025-08-26,8,32.0,47,0.0,high,Heat stress,Medium,Temperature is high and may create crop stress.,Recommend climate-adapted products and field monitoring.
1248,4,Kairouan,2025-08-27,8,33.8,37,0.0,high,High drought risk,High,The zone is exposed to high drought risk.,Prioritize drought-adapted products and irrigation solutions.
1249,4,Kairouan,2025-08-27,8,33.8,37,0.0,high,Low rainfall,Medium,Rainfall is very low for a climate-sensitive zone.,Recommend irrigation products and soil moisture support.
1250,4,Kairouan,2025-08-27,8,33.8,37,0.0,high,Heat stress,Medium,Temperature is high and may create crop stress.,Recommend climate-adapted products and field monitoring.
1251,4,Kairouan,2025-08-28,8,32.5,54,0.0,high,High drought risk,High,The zone is exposed to high drought risk.,Prioritize drought-adapted products and irrigation solutions.
1252,4,Kairouan,2025-08-28,8,32.5,54,0.0,high,Low rainfall,Medium,Rainfall is very low for a climate-sensitive zone.,Recommend irrigation products and soil moisture support.
1253,4,Kairouan,2025-08-28,8,32.5,54,0.0,high,Heat stress,Medium,Temperature is high and may create crop stress.,Recommend climate-adapted products and field monitoring.
1254,4,Kairouan,2025-08-29,8,30.0,58,0.7,high,High drought risk,High,The zone is exposed to high drought risk.,Prioritize drought-adapted products and irrigation solutions.
1255,4,Kairouan,2025-08-30,8,29.0,58,0.2,medium,Low rainfall,Medium,Rainfall is very low for a climate-sensitive zone.,Recommend irrigation products and soil moisture support.
1256,4,Kairouan,2025-08-31,8,28.1,53,0.0,medium,Low rainfall,Medium,Rainfall is very low for a climate-sensitive zone.,Recommend irrigation products and soil moisture support.
1257,4,Kairouan,2025-09-01,9,31.6,46,0.0,high,High drought risk,High,The zone is exposed to high drought risk.,Prioritize drought-adapted products and irrigation solutions.
1258,4,Kairouan,2025-09-01,9,31.6,46,0.0,high,Low rainfall,Medium,Rainfall is very low for a climate-sensitive zone.,Recommend irrigation products and soil moisture support.
1259,4,Kairouan,2025-09-03,9,27.6,50,0.0,medium,Low rainfall,Medium,Rainfall is very low for a climate-sensitive zone.,Recommend irrigation products and soil moisture support.
1260,4,Kairouan,2025-09-04,9,27.6,54,0.0,medium,Low rainfall,Medium,Rainfall is very low for a climate-sensitive zone.,Recommend irrigation products and soil moisture support.
1261,4,Kairouan,2025-09-05,9,28.6,52,0.0,medium,Low rainfall,Medium,Rainfall is very low for a climate-sensitive zone.,Recommend irrigation products and soil moisture support.
1262,4,Kairouan,2025-09-07,9,30.0,57,0.1,high,High drought risk,High,The zone is exposed to high drought risk.,Prioritize drought-adapted products and irrigation solutions.
1263,4,Kairouan,2025-09-07,9,30.0,57,0.1,high,Low rainfall,Medium,Rainfall is very low for a climate-sensitive zone.,Recommend irrigation products and soil moisture support.
1264,4,Kairouan,2025-09-08,9,30.7,54,0.1,high,High drought risk,High,The zone is exposed to high drought risk.,Prioritize drought-adapted products and irrigation solutions.
1265,4,Kairouan,2025-09-08,9,30.7,54,0.1,high,Low rainfall,Medium,Rainfall is very low for a climate-sensitive zone.,Recommend irrigation products and soil moisture support.
1266,4,Kairouan,2025-09-09,9,31.8,38,0.0,high,High drought risk,High,The zone is exposed to high drought risk.,Prioritize drought-adapted products and irrigation solutions.
1267,4,Kairouan,2025-09-09,9,31.8,38,0.0,high,Low rainfall,Medium,Rainfall is very low for a climate-sensitive zone.,Recommend irrigation products and soil moisture support.
1268,4,Kairouan,2025-09-10,9,28.6,59,0.0,medium,Low rainfall,Medium,Rainfall is very low for a climate-sensitive zone.,Recommend irrigation products and soil moisture support.
1269,4,Kairouan,2025-09-11,9,27.2,55,0.0,medium,Low rainfall,Medium,Rainfall is very low for a climate-sensitive zone.,Recommend irrigation products and soil moisture support.
1270,4,Kairouan,2025-09-12,9,26.9,56,0.0,medium,Low rainfall,Medium,Rainfall is very low for a climate-sensitive zone.,Recommend irrigation products and soil moisture support.
1271,4,Kairouan,2025-09-13,9,26.4,56,0.0,medium,Low rainfall,Medium,Rainfall is very low for a climate-sensitive zone.,Recommend irrigation products and soil moisture support.
1272,4,Kairouan,2025-09-14,9,28.4,51,0.0,medium,Low rainfall,Medium,Rainfall is very low for a climate-sensitive zone.,Recommend irrigation products and soil moisture support.
1273,4,Kairouan,2025-09-15,9,28.4,49,0.0,medium,Low rainfall,Medium,Rainfall is very low for a climate-sensitive zone.,Recommend irrigation products and soil moisture support.
1274,4,Kairouan,2025-09-16,9,28.9,42,0.0,medium,Low rainfall,Medium,Rainfall is very low for a climate-sensitive zone.,Recommend irrigation products and soil moisture support.
1275,4,Kairouan,2025-09-17,9,28.9,46,0.0,medium,Low rainfall,Medium,Rainfall is very low for a climate-sensitive zone.,Recommend irrigation products and soil moisture support.
1276,4,Kairouan,2025-09-18,9,26.4,60,0.0,medium,Low rainfall,Medium,Rainfall is very low for a climate-sensitive zone.,Recommend irrigation products and soil moisture support.
1277,4,Kairouan,2025-09-20,9,26.2,60,0.0,medium,Low rainfall,Medium,Rainfall is very low for a climate-sensitive zone.,Recommend irrigation products and soil moisture support.
1278,4,Kairouan,2025-09-21,9,26.3,58,0.0,medium,Low rainfall,Medium,Rainfall is very low for a climate-sensitive zone.,Recommend irrigation products and soil moisture support.
1279,4,Kairouan,2025-09-24,9,24.8,67,0.5,medium,Low rainfall,Medium,Rainfall is very low for a climate-sensitive zone.,Recommend irrigation products and soil moisture support.
1280,4,Kairouan,2025-09-25,9,23.5,61,0.0,medium,Low rainfall,Medium,Rainfall is very low for a climate-sensitive zone.,Recommend irrigation products and soil moisture support.
1281,4,Kairouan,2025-09-26,9,24.1,69,0.5,medium,Low rainfall,Medium,Rainfall is very low for a climate-sensitive zone.,Recommend irrigation products and soil moisture support.
1282,4,Kairouan,2025-09-28,9,23.1,56,0.0,medium,Low rainfall,Medium,Rainfall is very low for a climate-sensitive zone.,Recommend irrigation products and soil moisture support.
1283,4,Kairouan,2025-09-29,9,22.8,57,0.0,medium,Low rainfall,Medium,Rainfall is very low for a climate-sensitive zone.,Recommend irrigation products and soil moisture support.
1284,4,Kairouan,2025-09-30,9,23.8,49,0.0,medium,Low rainfall,Medium,Rainfall is very low for a climate-sensitive zone.,Recommend irrigation products and soil moisture support.
1285,4,Kairouan,2025-10-02,10,22.2,53,0.0,medium,Low rainfall,Medium,Rainfall is very low for a climate-sensitive zone.,Recommend irrigation products and soil moisture support.
1286,4,Kairouan,2025-10-03,10,20.5,51,0.0,medium,Low rainfall,Medium,Rainfall is very low for a climate-sensitive zone.,Recommend irrigation products and soil moisture support.
1287,4,Kairouan,2025-10-04,10,21.0,52,0.0,medium,Low rainfall,Medium,Rainfall is very low for a climate-sensitive zone.,Recommend irrigation products and soil moisture support.
1288,4,Kairouan,2025-10-05,10,24.1,50,0.0,medium,Low rainfall,Medium,Rainfall is very low for a climate-sensitive zone.,Recommend irrigation products and soil moisture support.
1289,4,Kairouan,2025-10-06,10,22.2,50,0.0,medium,Low rainfall,Medium,Rainfall is very low for a climate-sensitive zone.,Recommend irrigation products and soil moisture support.
1290,4,Kairouan,2025-10-07,10,21.2,49,0.0,medium,Low rainfall,Medium,Rainfall is very low for a climate-sensitive zone.,Recommend irrigation products and soil moisture support.
1291,4,Kairouan,2025-10-08,10,20.8,51,0.0,medium,Low rainfall,Medium,Rainfall is very low for a climate-sensitive zone.,Recommend irrigation products and soil moisture support.
1292,4,Kairouan,2025-10-09,10,22.4,47,0.0,medium,Low rainfall,Medium,Rainfall is very low for a climate-sensitive zone.,Recommend irrigation products and soil moisture support.
1293,4,Kairouan,2025-10-10,10,23.8,47,0.0,medium,Low rainfall,Medium,Rainfall is very low for a climate-sensitive zone.,Recommend irrigation products and soil moisture support.
1294,4,Kairouan,2025-10-11,10,23.3,63,0.0,medium,Low rainfall,Medium,Rainfall is very low for a climate-sensitive zone.,Recommend irrigation products and soil moisture support.
1295,4,Kairouan,2025-10-12,10,22.7,68,0.0,medium,Low rainfall,Medium,Rainfall is very low for a climate-sensitive zone.,Recommend irrigation products and soil moisture support.
1296,4,Kairouan,2025-10-13,10,24.2,58,0.0,medium,Low rainfall,Medium,Rainfall is very low for a climate-sensitive zone.,Recommend irrigation products and soil moisture support.
1297,4,Kairouan,2025-10-14,10,24.4,58,0.0,medium,Low rainfall,Medium,Rainfall is very low for a climate-sensitive zone.,Recommend irrigation products and soil moisture support.
1298,4,Kairouan,2025-10-15,10,24.1,59,0.0,medium,Low rainfall,Medium,Rainfall is very low for a climate-sensitive zone.,Recommend irrigation products and soil moisture support.
1299,4,Kairouan,2025-10-17,10,21.7,61,0.1,medium,Low rainfall,Medium,Rainfall is very low for a climate-sensitive zone.,Recommend irrigation products and soil moisture support.
1300,4,Kairouan,2025-10-20,10,20.6,69,0.0,medium,Low rainfall,Medium,Rainfall is very low for a climate-sensitive zone.,Recommend irrigation products and soil moisture support.
1301,4,Kairouan,2025-10-21,10,22.8,52,0.0,medium,Low rainfall,Medium,Rainfall is very low for a climate-sensitive zone.,Recommend irrigation products and soil moisture support.
1302,4,Kairouan,2025-10-22,10,23.5,53,0.0,medium,Low rainfall,Medium,Rainfall is very low for a climate-sensitive zone.,Recommend irrigation products and soil moisture support.
1303,4,Kairouan,2025-10-23,10,24.9,52,0.0,medium,Low rainfall,Medium,Rainfall is very low for a climate-sensitive zone.,Recommend irrigation products and soil moisture support.
1304,4,Kairouan,2025-10-24,10,25.1,50,0.0,medium,Low rainfall,Medium,Rainfall is very low for a climate-sensitive zone.,Recommend irrigation products and soil moisture support.
1305,4,Kairouan,2025-10-25,10,24.4,66,0.0,medium,Low rainfall,Medium,Rainfall is very low for a climate-sensitive zone.,Recommend irrigation products and soil moisture support.
1306,4,Kairouan,2025-10-26,10,28.6,27,0.0,medium,Low rainfall,Medium,Rainfall is very low for a climate-sensitive zone.,Recommend irrigation products and soil moisture support.
1307,4,Kairouan,2025-10-27,10,21.3,57,0.0,medium,Low rainfall,Medium,Rainfall is very low for a climate-sensitive zone.,Recommend irrigation products and soil moisture support.
1308,4,Kairouan,2025-10-28,10,19.5,51,0.0,medium,Low rainfall,Medium,Rainfall is very low for a climate-sensitive zone.,Recommend irrigation products and soil moisture support.
1309,4,Kairouan,2025-10-29,10,20.5,56,0.0,medium,Low rainfall,Medium,Rainfall is very low for a climate-sensitive zone.,Recommend irrigation products and soil moisture support.
1310,4,Kairouan,2025-10-30,10,22.1,65,0.0,medium,Low rainfall,Medium,Rainfall is very low for a climate-sensitive zone.,Recommend irrigation products and soil moisture support.
1311,4,Kairouan,2025-10-31,10,22.0,56,0.0,medium,Low rainfall,Medium,Rainfall is very low for a climate-sensitive zone.,Recommend irrigation products and soil moisture support.
1312,4,Kairouan,2025-11-01,11,20.0,61,0.0,medium,Low rainfall,Medium,Rainfall is very low for a climate-sensitive zone.,Recommend irrigation products and soil moisture support.
1313,4,Kairouan,2025-11-02,11,20.5,59,0.0,medium,Low rainfall,Medium,Rainfall is very low for a climate-sensitive zone.,Recommend irrigation products and soil moisture support.
1314,4,Kairouan,2025-11-04,11,19.2,58,0.0,medium,Low rainfall,Medium,Rainfall is very low for a climate-sensitive zone.,Recommend irrigation products and soil moisture support.
1315,4,Kairouan,2025-11-05,11,18.0,64,0.0,medium,Low rainfall,Medium,Rainfall is very low for a climate-sensitive zone.,Recommend irrigation products and soil moisture support.
1316,4,Kairouan,2025-11-06,11,19.5,63,0.0,medium,Low rainfall,Medium,Rainfall is very low for a climate-sensitive zone.,Recommend irrigation products and soil moisture support.
1317,4,Kairouan,2025-11-07,11,19.5,64,0.0,medium,Low rainfall,Medium,Rainfall is very low for a climate-sensitive zone.,Recommend irrigation products and soil moisture support.
1318,4,Kairouan,2025-11-08,11,19.0,54,0.3,medium,Low rainfall,Medium,Rainfall is very low for a climate-sensitive zone.,Recommend irrigation products and soil moisture support.
1319,4,Kairouan,2025-11-09,11,18.1,56,0.1,medium,Low rainfall,Medium,Rainfall is very low for a climate-sensitive zone.,Recommend irrigation products and soil moisture support.
1320,4,Kairouan,2025-11-10,11,18.6,57,0.0,medium,Low rainfall,Medium,Rainfall is very low for a climate-sensitive zone.,Recommend irrigation products and soil moisture support.
1321,4,Kairouan,2025-11-11,11,16.7,65,0.0,medium,Low rainfall,Medium,Rainfall is very low for a climate-sensitive zone.,Recommend irrigation products and soil moisture support.
1322,4,Kairouan,2025-11-12,11,16.8,65,0.0,medium,Low rainfall,Medium,Rainfall is very low for a climate-sensitive zone.,Recommend irrigation products and soil moisture support.
1323,4,Kairouan,2025-11-13,11,17.7,49,0.0,medium,Low rainfall,Medium,Rainfall is very low for a climate-sensitive zone.,Recommend irrigation products and soil moisture support.
1324,4,Kairouan,2025-11-14,11,19.4,42,0.0,medium,Low rainfall,Medium,Rainfall is very low for a climate-sensitive zone.,Recommend irrigation products and soil moisture support.
1325,4,Kairouan,2025-11-15,11,20.5,30,0.0,medium,Low rainfall,Medium,Rainfall is very low for a climate-sensitive zone.,Recommend irrigation products and soil moisture support.
1326,4,Kairouan,2025-11-16,11,22.0,30,0.0,medium,Low rainfall,Medium,Rainfall is very low for a climate-sensitive zone.,Recommend irrigation products and soil moisture support.
1327,4,Kairouan,2025-11-17,11,18.1,54,0.3,medium,Low rainfall,Medium,Rainfall is very low for a climate-sensitive zone.,Recommend irrigation products and soil moisture support.
1328,4,Kairouan,2025-11-19,11,17.1,61,0.2,medium,Low rainfall,Medium,Rainfall is very low for a climate-sensitive zone.,Recommend irrigation products and soil moisture support.
1329,4,Kairouan,2025-11-20,11,16.1,57,0.0,medium,Low rainfall,Medium,Rainfall is very low for a climate-sensitive zone.,Recommend irrigation products and soil moisture support.
1330,4,Kairouan,2025-11-21,11,15.8,45,0.0,medium,Low rainfall,Medium,Rainfall is very low for a climate-sensitive zone.,Recommend irrigation products and soil moisture support.
1331,4,Kairouan,2025-11-22,11,11.7,43,0.0,medium,Low rainfall,Medium,Rainfall is very low for a climate-sensitive zone.,Recommend irrigation products and soil moisture support.
1332,4,Kairouan,2025-11-23,11,12.2,47,0.0,medium,Low rainfall,Medium,Rainfall is very low for a climate-sensitive zone.,Recommend irrigation products and soil moisture support.
1333,4,Kairouan,2025-11-24,11,12.8,39,0.0,medium,Low rainfall,Medium,Rainfall is very low for a climate-sensitive zone.,Recommend irrigation products and soil moisture support.
1334,4,Kairouan,2025-11-25,11,16.7,36,0.0,medium,Low rainfall,Medium,Rainfall is very low for a climate-sensitive zone.,Recommend irrigation products and soil moisture support.
1335,4,Kairouan,2025-11-26,11,14.1,51,0.0,medium,Low rainfall,Medium,Rainfall is very low for a climate-sensitive zone.,Recommend irrigation products and soil moisture support.
1336,4,Kairouan,2025-11-27,11,11.5,50,0.0,medium,Low rainfall,Medium,Rainfall is very low for a climate-sensitive zone.,Recommend irrigation products and soil moisture support.
1337,4,Kairouan,2025-11-28,11,11.9,58,0.1,medium,Low rainfall,Medium,Rainfall is very low for a climate-sensitive zone.,Recommend irrigation products and soil moisture support.
1338,4,Kairouan,2025-11-29,11,13.9,56,0.0,medium,Low rainfall,Medium,Rainfall is very low for a climate-sensitive zone.,Recommend irrigation products and soil moisture support.
1339,4,Kairouan,2025-11-30,11,11.1,54,0.0,medium,Low rainfall,Medium,Rainfall is very low for a climate-sensitive zone.,Recommend irrigation products and soil moisture support.
1340,4,Kairouan,2025-12-01,12,10.8,54,0.0,medium,Low rainfall,Medium,Rainfall is very low for a climate-sensitive zone.,Recommend irrigation products and soil moisture support.
1341,4,Kairouan,2025-12-02,12,11.2,67,0.0,medium,Low rainfall,Medium,Rainfall is very low for a climate-sensitive zone.,Recommend irrigation products and soil moisture support.
1342,4,Kairouan,2025-12-03,12,13.0,67,0.0,medium,Low rainfall,Medium,Rainfall is very low for a climate-sensitive zone.,Recommend irrigation products and soil moisture support.
1343,4,Kairouan,2025-12-05,12,13.5,53,0.5,medium,Low rainfall,Medium,Rainfall is very low for a climate-sensitive zone.,Recommend irrigation products and soil moisture support.
1344,4,Kairouan,2025-12-06,12,14.2,54,0.0,medium,Low rainfall,Medium,Rainfall is very low for a climate-sensitive zone.,Recommend irrigation products and soil moisture support.
1345,4,Kairouan,2025-12-07,12,15.6,66,0.0,medium,Low rainfall,Medium,Rainfall is very low for a climate-sensitive zone.,Recommend irrigation products and soil moisture support.
1346,4,Kairouan,2025-12-08,12,15.8,65,0.0,medium,Low rainfall,Medium,Rainfall is very low for a climate-sensitive zone.,Recommend irrigation products and soil moisture support.
1347,4,Kairouan,2025-12-09,12,14.4,71,0.0,medium,Low rainfall,Medium,Rainfall is very low for a climate-sensitive zone.,Recommend irrigation products and soil moisture support.
1348,4,Kairouan,2025-12-10,12,13.1,82,0.0,medium,Low rainfall,Medium,Rainfall is very low for a climate-sensitive zone.,Recommend irrigation products and soil moisture support.
1349,4,Kairouan,2025-12-11,12,12.6,86,0.0,medium,High humidity,Medium,Humidity level is high and may increase fungal disease risk.,Recommend fungicides and crop protection products.
1350,4,Kairouan,2025-12-11,12,12.6,86,0.0,medium,Low rainfall,Medium,Rainfall is very low for a climate-sensitive zone.,Recommend irrigation products and soil moisture support.
1351,4,Kairouan,2025-12-12,12,12.7,89,1.5,medium,High humidity,Medium,Humidity level is high and may increase fungal disease risk.,Recommend fungicides and crop protection products.
1352,4,Kairouan,2025-12-13,12,13.6,85,1.9,medium,High humidity,Medium,Humidity level is high and may increase fungal disease risk.,Recommend fungicides and crop protection products.
1353,4,Kairouan,2025-12-14,12,14.5,81,0.0,medium,Low rainfall,Medium,Rainfall is very low for a climate-sensitive zone.,Recommend irrigation products and soil moisture support.
1354,4,Kairouan,2025-12-15,12,15.1,92,2.0,low,High humidity,Medium,Humidity level is high and may increase fungal disease risk.,Recommend fungicides and crop protection products.
1355,4,Kairouan,2025-12-16,12,16.1,79,0.3,medium,Low rainfall,Medium,Rainfall is very low for a climate-sensitive zone.,Recommend irrigation products and soil moisture support.
1356,4,Kairouan,2025-12-17,12,14.6,86,0.3,medium,High humidity,Medium,Humidity level is high and may increase fungal disease risk.,Recommend fungicides and crop protection products.
1357,4,Kairouan,2025-12-17,12,14.6,86,0.3,medium,Low rainfall,Medium,Rainfall is very low for a climate-sensitive zone.,Recommend irrigation products and soil moisture support.
1358,4,Kairouan,2025-12-18,12,16.6,86,1.4,medium,High humidity,Medium,Humidity level is high and may increase fungal disease risk.,Recommend fungicides and crop protection products.
1359,4,Kairouan,2025-12-19,12,14.9,93,17.1,low,High humidity,Medium,Humidity level is high and may increase fungal disease risk.,Recommend fungicides and crop protection products.
1360,4,Kairouan,2025-12-20,12,13.8,85,0.6,medium,High humidity,Medium,Humidity level is high and may increase fungal disease risk.,Recommend fungicides and crop protection products.
1361,4,Kairouan,2025-12-21,12,13.3,86,0.2,medium,High humidity,Medium,Humidity level is high and may increase fungal disease risk.,Recommend fungicides and crop protection products.
1362,4,Kairouan,2025-12-21,12,13.3,86,0.2,medium,Low rainfall,Medium,Rainfall is very low for a climate-sensitive zone.,Recommend irrigation products and soil moisture support.
1363,4,Kairouan,2025-12-22,12,13.5,70,0.0,medium,Low rainfall,Medium,Rainfall is very low for a climate-sensitive zone.,Recommend irrigation products and soil moisture support.
1364,4,Kairouan,2025-12-23,12,11.7,63,0.2,medium,Low rainfall,Medium,Rainfall is very low for a climate-sensitive zone.,Recommend irrigation products and soil moisture support.
1365,4,Kairouan,2025-12-24,12,11.5,59,0.0,medium,Low rainfall,Medium,Rainfall is very low for a climate-sensitive zone.,Recommend irrigation products and soil moisture support.
1366,4,Kairouan,2025-12-25,12,13.1,58,0.1,medium,Low rainfall,Medium,Rainfall is very low for a climate-sensitive zone.,Recommend irrigation products and soil moisture support.
1367,4,Kairouan,2025-12-27,12,12.8,84,0.2,medium,Low rainfall,Medium,Rainfall is very low for a climate-sensitive zone.,Recommend irrigation products and soil moisture support.
1368,4,Kairouan,2025-12-28,12,11.2,80,0.0,medium,Low rainfall,Medium,Rainfall is very low for a climate-sensitive zone.,Recommend irrigation products and soil moisture support.
1369,4,Kairouan,2025-12-29,12,11.0,75,0.0,medium,Low rainfall,Medium,Rainfall is very low for a climate-sensitive zone.,Recommend irrigation products and soil moisture support.
1370,4,Kairouan,2025-12-30,12,10.6,71,0.0,medium,Low rainfall,Medium,Rainfall is very low for a climate-sensitive zone.,Recommend irrigation products and soil moisture support.
1371,4,Kairouan,2025-12-31,12,11.4,72,0.0,medium,Low rainfall,Medium,Rainfall is very low for a climate-sensitive zone.,Recommend irrigation products and soil moisture support.
1372,5,Gabes,2025-01-01,1,14.4,72,0.5,medium,Low rainfall,Medium,Rainfall is very low for a climate-sensitive zone.,Recommend irrigation products and soil moisture support.
1373,5,Gabes,2025-01-03,1,13.2,87,10.5,low,High humidity,Medium,Humidity level is high and may increase fungal disease risk.,Recommend fungicides and crop protection products.
1374,5,Gabes,2025-01-04,1,12.3,75,0.0,medium,Low rainfall,Medium,Rainfall is very low for a climate-sensitive zone.,Recommend irrigation products and soil moisture support.
1375,5,Gabes,2025-01-05,1,12.6,67,0.0,medium,Low rainfall,Medium,Rainfall is very low for a climate-sensitive zone.,Recommend irrigation products and soil moisture support.
1376,5,Gabes,2025-01-06,1,13.9,69,0.0,medium,Low rainfall,Medium,Rainfall is very low for a climate-sensitive zone.,Recommend irrigation products and soil moisture support.
1377,5,Gabes,2025-01-07,1,12.8,70,0.0,medium,Low rainfall,Medium,Rainfall is very low for a climate-sensitive zone.,Recommend irrigation products and soil moisture support.
1378,5,Gabes,2025-01-08,1,12.2,66,0.0,medium,Low rainfall,Medium,Rainfall is very low for a climate-sensitive zone.,Recommend irrigation products and soil moisture support.
1379,5,Gabes,2025-01-10,1,13.1,52,0.0,medium,Low rainfall,Medium,Rainfall is very low for a climate-sensitive zone.,Recommend irrigation products and soil moisture support.
1380,5,Gabes,2025-01-11,1,13.5,47,0.0,medium,Low rainfall,Medium,Rainfall is very low for a climate-sensitive zone.,Recommend irrigation products and soil moisture support.
1381,5,Gabes,2025-01-15,1,11.0,70,0.0,medium,Low rainfall,Medium,Rainfall is very low for a climate-sensitive zone.,Recommend irrigation products and soil moisture support.
1382,5,Gabes,2025-01-18,1,10.7,54,0.0,medium,Low rainfall,Medium,Rainfall is very low for a climate-sensitive zone.,Recommend irrigation products and soil moisture support.
1383,5,Gabes,2025-01-19,1,11.3,60,0.0,medium,Low rainfall,Medium,Rainfall is very low for a climate-sensitive zone.,Recommend irrigation products and soil moisture support.
1384,5,Gabes,2025-01-20,1,11.3,71,0.0,medium,Low rainfall,Medium,Rainfall is very low for a climate-sensitive zone.,Recommend irrigation products and soil moisture support.
1385,5,Gabes,2025-01-21,1,11.7,59,0.0,medium,Low rainfall,Medium,Rainfall is very low for a climate-sensitive zone.,Recommend irrigation products and soil moisture support.
1386,5,Gabes,2025-01-22,1,14.0,47,0.0,medium,Low rainfall,Medium,Rainfall is very low for a climate-sensitive zone.,Recommend irrigation products and soil moisture support.
1387,5,Gabes,2025-01-23,1,14.5,44,0.0,medium,Low rainfall,Medium,Rainfall is very low for a climate-sensitive zone.,Recommend irrigation products and soil moisture support.
1388,5,Gabes,2025-01-24,1,14.9,44,0.0,medium,Low rainfall,Medium,Rainfall is very low for a climate-sensitive zone.,Recommend irrigation products and soil moisture support.
1389,5,Gabes,2025-01-25,1,13.8,56,0.1,medium,Low rainfall,Medium,Rainfall is very low for a climate-sensitive zone.,Recommend irrigation products and soil moisture support.
1390,5,Gabes,2025-01-26,1,15.6,54,0.0,medium,Low rainfall,Medium,Rainfall is very low for a climate-sensitive zone.,Recommend irrigation products and soil moisture support.
1391,5,Gabes,2025-01-27,1,15.4,58,0.0,medium,Low rainfall,Medium,Rainfall is very low for a climate-sensitive zone.,Recommend irrigation products and soil moisture support.
1392,5,Gabes,2025-01-28,1,17.2,46,0.0,medium,Low rainfall,Medium,Rainfall is very low for a climate-sensitive zone.,Recommend irrigation products and soil moisture support.
1393,5,Gabes,2025-01-30,1,13.6,43,0.0,medium,Low rainfall,Medium,Rainfall is very low for a climate-sensitive zone.,Recommend irrigation products and soil moisture support.
1394,5,Gabes,2025-01-31,1,12.3,64,0.0,medium,Low rainfall,Medium,Rainfall is very low for a climate-sensitive zone.,Recommend irrigation products and soil moisture support.
1395,5,Gabes,2025-02-01,2,14.2,67,0.0,medium,Low rainfall,Medium,Rainfall is very low for a climate-sensitive zone.,Recommend irrigation products and soil moisture support.
1396,5,Gabes,2025-02-02,2,13.1,61,0.0,medium,Low rainfall,Medium,Rainfall is very low for a climate-sensitive zone.,Recommend irrigation products and soil moisture support.
1397,5,Gabes,2025-02-03,2,12.8,47,0.0,medium,Low rainfall,Medium,Rainfall is very low for a climate-sensitive zone.,Recommend irrigation products and soil moisture support.
1398,5,Gabes,2025-02-04,2,13.2,60,0.1,medium,Low rainfall,Medium,Rainfall is very low for a climate-sensitive zone.,Recommend irrigation products and soil moisture support.
1399,5,Gabes,2025-02-05,2,12.6,82,0.5,medium,Low rainfall,Medium,Rainfall is very low for a climate-sensitive zone.,Recommend irrigation products and soil moisture support.
1400,5,Gabes,2025-02-06,2,12.4,84,0.3,medium,Low rainfall,Medium,Rainfall is very low for a climate-sensitive zone.,Recommend irrigation products and soil moisture support.
1401,5,Gabes,2025-02-07,2,12.7,89,9.6,low,High humidity,Medium,Humidity level is high and may increase fungal disease risk.,Recommend fungicides and crop protection products.
1402,5,Gabes,2025-02-08,2,12.7,75,0.1,medium,Low rainfall,Medium,Rainfall is very low for a climate-sensitive zone.,Recommend irrigation products and soil moisture support.
1403,5,Gabes,2025-02-09,2,11.9,71,0.0,medium,Low rainfall,Medium,Rainfall is very low for a climate-sensitive zone.,Recommend irrigation products and soil moisture support.
1404,5,Gabes,2025-02-10,2,11.7,73,0.0,medium,Low rainfall,Medium,Rainfall is very low for a climate-sensitive zone.,Recommend irrigation products and soil moisture support.
1405,5,Gabes,2025-02-11,2,11.9,83,0.4,medium,Low rainfall,Medium,Rainfall is very low for a climate-sensitive zone.,Recommend irrigation products and soil moisture support.
1406,5,Gabes,2025-02-12,2,12.6,75,0.0,medium,Low rainfall,Medium,Rainfall is very low for a climate-sensitive zone.,Recommend irrigation products and soil moisture support.
1407,5,Gabes,2025-02-13,2,12.8,81,0.0,medium,Low rainfall,Medium,Rainfall is very low for a climate-sensitive zone.,Recommend irrigation products and soil moisture support.
1408,5,Gabes,2025-02-14,2,13.7,72,0.0,medium,Low rainfall,Medium,Rainfall is very low for a climate-sensitive zone.,Recommend irrigation products and soil moisture support.
1409,5,Gabes,2025-02-15,2,14.5,64,0.0,medium,Low rainfall,Medium,Rainfall is very low for a climate-sensitive zone.,Recommend irrigation products and soil moisture support.
1410,5,Gabes,2025-02-16,2,13.6,69,0.0,medium,Low rainfall,Medium,Rainfall is very low for a climate-sensitive zone.,Recommend irrigation products and soil moisture support.
1411,5,Gabes,2025-02-17,2,14.0,68,0.0,medium,Low rainfall,Medium,Rainfall is very low for a climate-sensitive zone.,Recommend irrigation products and soil moisture support.
1412,5,Gabes,2025-02-18,2,14.1,80,0.0,medium,Low rainfall,Medium,Rainfall is very low for a climate-sensitive zone.,Recommend irrigation products and soil moisture support.
1413,5,Gabes,2025-02-19,2,12.6,86,0.0,medium,High humidity,Medium,Humidity level is high and may increase fungal disease risk.,Recommend fungicides and crop protection products.
1414,5,Gabes,2025-02-19,2,12.6,86,0.0,medium,Low rainfall,Medium,Rainfall is very low for a climate-sensitive zone.,Recommend irrigation products and soil moisture support.
1415,5,Gabes,2025-02-20,2,15.4,80,0.2,medium,Low rainfall,Medium,Rainfall is very low for a climate-sensitive zone.,Recommend irrigation products and soil moisture support.
1416,5,Gabes,2025-02-22,2,13.9,75,0.1,medium,Low rainfall,Medium,Rainfall is very low for a climate-sensitive zone.,Recommend irrigation products and soil moisture support.
1417,5,Gabes,2025-02-23,2,12.7,79,0.2,medium,Low rainfall,Medium,Rainfall is very low for a climate-sensitive zone.,Recommend irrigation products and soil moisture support.
1418,5,Gabes,2025-02-24,2,14.2,71,0.0,medium,Low rainfall,Medium,Rainfall is very low for a climate-sensitive zone.,Recommend irrigation products and soil moisture support.
1419,5,Gabes,2025-02-25,2,14.9,52,0.0,medium,Low rainfall,Medium,Rainfall is very low for a climate-sensitive zone.,Recommend irrigation products and soil moisture support.
1420,5,Gabes,2025-02-26,2,16.0,46,0.1,medium,Low rainfall,Medium,Rainfall is very low for a climate-sensitive zone.,Recommend irrigation products and soil moisture support.
1421,5,Gabes,2025-02-27,2,13.8,56,0.0,medium,Low rainfall,Medium,Rainfall is very low for a climate-sensitive zone.,Recommend irrigation products and soil moisture support.
1422,5,Gabes,2025-02-28,2,15.3,46,0.0,medium,Low rainfall,Medium,Rainfall is very low for a climate-sensitive zone.,Recommend irrigation products and soil moisture support.
1423,5,Gabes,2025-03-01,3,17.3,47,0.0,medium,Low rainfall,Medium,Rainfall is very low for a climate-sensitive zone.,Recommend irrigation products and soil moisture support.
1424,5,Gabes,2025-03-02,3,17.6,63,0.5,medium,Low rainfall,Medium,Rainfall is very low for a climate-sensitive zone.,Recommend irrigation products and soil moisture support.
1425,5,Gabes,2025-03-04,3,16.1,80,0.3,medium,Low rainfall,Medium,Rainfall is very low for a climate-sensitive zone.,Recommend irrigation products and soil moisture support.
1426,5,Gabes,2025-03-05,3,16.0,75,0.2,medium,Low rainfall,Medium,Rainfall is very low for a climate-sensitive zone.,Recommend irrigation products and soil moisture support.
1427,5,Gabes,2025-03-07,3,17.6,66,0.0,medium,Low rainfall,Medium,Rainfall is very low for a climate-sensitive zone.,Recommend irrigation products and soil moisture support.
1428,5,Gabes,2025-03-08,3,16.1,77,0.0,medium,Low rainfall,Medium,Rainfall is very low for a climate-sensitive zone.,Recommend irrigation products and soil moisture support.
1429,5,Gabes,2025-03-09,3,20.5,54,0.0,medium,Low rainfall,Medium,Rainfall is very low for a climate-sensitive zone.,Recommend irrigation products and soil moisture support.
1430,5,Gabes,2025-03-10,3,25.7,24,0.0,medium,Low rainfall,Medium,Rainfall is very low for a climate-sensitive zone.,Recommend irrigation products and soil moisture support.
1431,5,Gabes,2025-03-11,3,19.4,59,0.0,medium,Low rainfall,Medium,Rainfall is very low for a climate-sensitive zone.,Recommend irrigation products and soil moisture support.
1432,5,Gabes,2025-03-12,3,21.5,43,0.0,medium,Low rainfall,Medium,Rainfall is very low for a climate-sensitive zone.,Recommend irrigation products and soil moisture support.
1433,5,Gabes,2025-03-13,3,22.1,35,0.0,medium,Low rainfall,Medium,Rainfall is very low for a climate-sensitive zone.,Recommend irrigation products and soil moisture support.
1434,5,Gabes,2025-03-14,3,28.5,15,0.0,medium,Low rainfall,Medium,Rainfall is very low for a climate-sensitive zone.,Recommend irrigation products and soil moisture support.
1435,5,Gabes,2025-03-15,3,25.1,20,0.0,medium,Low rainfall,Medium,Rainfall is very low for a climate-sensitive zone.,Recommend irrigation products and soil moisture support.
1436,5,Gabes,2025-03-16,3,17.6,66,0.0,medium,Low rainfall,Medium,Rainfall is very low for a climate-sensitive zone.,Recommend irrigation products and soil moisture support.
1437,5,Gabes,2025-03-17,3,19.0,52,0.0,medium,Low rainfall,Medium,Rainfall is very low for a climate-sensitive zone.,Recommend irrigation products and soil moisture support.
1438,5,Gabes,2025-03-18,3,18.4,55,0.0,medium,Low rainfall,Medium,Rainfall is very low for a climate-sensitive zone.,Recommend irrigation products and soil moisture support.
1439,5,Gabes,2025-03-19,3,17.9,83,0.2,medium,Low rainfall,Medium,Rainfall is very low for a climate-sensitive zone.,Recommend irrigation products and soil moisture support.
1440,5,Gabes,2025-03-20,3,17.6,76,0.0,medium,Low rainfall,Medium,Rainfall is very low for a climate-sensitive zone.,Recommend irrigation products and soil moisture support.
1441,5,Gabes,2025-03-21,3,19.2,66,0.0,medium,Low rainfall,Medium,Rainfall is very low for a climate-sensitive zone.,Recommend irrigation products and soil moisture support.
1442,5,Gabes,2025-03-22,3,21.6,54,0.0,medium,Low rainfall,Medium,Rainfall is very low for a climate-sensitive zone.,Recommend irrigation products and soil moisture support.
1443,5,Gabes,2025-03-23,3,21.9,53,0.2,medium,Low rainfall,Medium,Rainfall is very low for a climate-sensitive zone.,Recommend irrigation products and soil moisture support.
1444,5,Gabes,2025-03-24,3,18.5,66,0.0,medium,Low rainfall,Medium,Rainfall is very low for a climate-sensitive zone.,Recommend irrigation products and soil moisture support.
1445,5,Gabes,2025-03-27,3,15.4,58,0.0,medium,Low rainfall,Medium,Rainfall is very low for a climate-sensitive zone.,Recommend irrigation products and soil moisture support.
1446,5,Gabes,2025-03-28,3,16.7,43,0.0,medium,Low rainfall,Medium,Rainfall is very low for a climate-sensitive zone.,Recommend irrigation products and soil moisture support.
1447,5,Gabes,2025-03-29,3,18.1,55,0.0,medium,Low rainfall,Medium,Rainfall is very low for a climate-sensitive zone.,Recommend irrigation products and soil moisture support.
1448,5,Gabes,2025-03-31,3,17.1,50,0.0,medium,Low rainfall,Medium,Rainfall is very low for a climate-sensitive zone.,Recommend irrigation products and soil moisture support.
1449,5,Gabes,2025-04-01,4,17.2,42,0.0,medium,Low rainfall,Medium,Rainfall is very low for a climate-sensitive zone.,Recommend irrigation products and soil moisture support.
1450,5,Gabes,2025-04-02,4,16.5,62,0.0,medium,Low rainfall,Medium,Rainfall is very low for a climate-sensitive zone.,Recommend irrigation products and soil moisture support.
1451,5,Gabes,2025-04-03,4,17.6,76,0.0,medium,Low rainfall,Medium,Rainfall is very low for a climate-sensitive zone.,Recommend irrigation products and soil moisture support.
1452,5,Gabes,2025-04-04,4,17.9,76,0.0,medium,Low rainfall,Medium,Rainfall is very low for a climate-sensitive zone.,Recommend irrigation products and soil moisture support.
1453,5,Gabes,2025-04-05,4,17.1,81,0.0,medium,Low rainfall,Medium,Rainfall is very low for a climate-sensitive zone.,Recommend irrigation products and soil moisture support.
1454,5,Gabes,2025-04-06,4,17.8,77,0.0,medium,Low rainfall,Medium,Rainfall is very low for a climate-sensitive zone.,Recommend irrigation products and soil moisture support.
1455,5,Gabes,2025-04-08,4,17.2,63,0.2,medium,Low rainfall,Medium,Rainfall is very low for a climate-sensitive zone.,Recommend irrigation products and soil moisture support.
1456,5,Gabes,2025-04-09,4,21.0,36,0.0,medium,Low rainfall,Medium,Rainfall is very low for a climate-sensitive zone.,Recommend irrigation products and soil moisture support.
1457,5,Gabes,2025-04-10,4,24.0,29,0.0,medium,Low rainfall,Medium,Rainfall is very low for a climate-sensitive zone.,Recommend irrigation products and soil moisture support.
1458,5,Gabes,2025-04-11,4,18.7,74,0.0,medium,Low rainfall,Medium,Rainfall is very low for a climate-sensitive zone.,Recommend irrigation products and soil moisture support.
1459,5,Gabes,2025-04-12,4,22.1,60,0.0,medium,Low rainfall,Medium,Rainfall is very low for a climate-sensitive zone.,Recommend irrigation products and soil moisture support.
1460,5,Gabes,2025-04-13,4,23.6,49,0.0,medium,Low rainfall,Medium,Rainfall is very low for a climate-sensitive zone.,Recommend irrigation products and soil moisture support.
1461,5,Gabes,2025-04-15,4,20.3,71,0.0,medium,Low rainfall,Medium,Rainfall is very low for a climate-sensitive zone.,Recommend irrigation products and soil moisture support.
1462,5,Gabes,2025-04-16,4,19.6,65,0.0,medium,Low rainfall,Medium,Rainfall is very low for a climate-sensitive zone.,Recommend irrigation products and soil moisture support.
1463,5,Gabes,2025-04-17,4,18.4,31,0.0,medium,Low rainfall,Medium,Rainfall is very low for a climate-sensitive zone.,Recommend irrigation products and soil moisture support.
1464,5,Gabes,2025-04-18,4,19.6,37,0.0,medium,Low rainfall,Medium,Rainfall is very low for a climate-sensitive zone.,Recommend irrigation products and soil moisture support.
1465,5,Gabes,2025-04-19,4,20.6,45,0.0,medium,Low rainfall,Medium,Rainfall is very low for a climate-sensitive zone.,Recommend irrigation products and soil moisture support.
1466,5,Gabes,2025-04-20,4,19.7,72,0.0,medium,Low rainfall,Medium,Rainfall is very low for a climate-sensitive zone.,Recommend irrigation products and soil moisture support.
1467,5,Gabes,2025-04-22,4,18.0,54,0.0,medium,Low rainfall,Medium,Rainfall is very low for a climate-sensitive zone.,Recommend irrigation products and soil moisture support.
1468,5,Gabes,2025-04-24,4,20.6,58,0.0,medium,Low rainfall,Medium,Rainfall is very low for a climate-sensitive zone.,Recommend irrigation products and soil moisture support.
1469,5,Gabes,2025-04-25,4,20.9,62,0.0,medium,Low rainfall,Medium,Rainfall is very low for a climate-sensitive zone.,Recommend irrigation products and soil moisture support.
1470,5,Gabes,2025-04-26,4,20.4,60,0.0,medium,Low rainfall,Medium,Rainfall is very low for a climate-sensitive zone.,Recommend irrigation products and soil moisture support.
1471,5,Gabes,2025-04-27,4,19.0,74,0.0,medium,Low rainfall,Medium,Rainfall is very low for a climate-sensitive zone.,Recommend irrigation products and soil moisture support.
1472,5,Gabes,2025-04-28,4,18.8,71,0.0,medium,Low rainfall,Medium,Rainfall is very low for a climate-sensitive zone.,Recommend irrigation products and soil moisture support.
1473,5,Gabes,2025-04-30,4,18.6,72,0.0,medium,Low rainfall,Medium,Rainfall is very low for a climate-sensitive zone.,Recommend irrigation products and soil moisture support.
1474,5,Gabes,2025-05-01,5,21.2,52,0.0,medium,Low rainfall,Medium,Rainfall is very low for a climate-sensitive zone.,Recommend irrigation products and soil moisture support.
1475,5,Gabes,2025-05-02,5,23.4,34,0.0,medium,Low rainfall,Medium,Rainfall is very low for a climate-sensitive zone.,Recommend irrigation products and soil moisture support.
1476,5,Gabes,2025-05-03,5,22.7,52,0.0,medium,Low rainfall,Medium,Rainfall is very low for a climate-sensitive zone.,Recommend irrigation products and soil moisture support.
1477,5,Gabes,2025-05-04,5,23.4,50,0.2,medium,Low rainfall,Medium,Rainfall is very low for a climate-sensitive zone.,Recommend irrigation products and soil moisture support.
1478,5,Gabes,2025-05-05,5,23.1,61,0.0,medium,Low rainfall,Medium,Rainfall is very low for a climate-sensitive zone.,Recommend irrigation products and soil moisture support.
1479,5,Gabes,2025-05-06,5,20.9,70,0.0,medium,Low rainfall,Medium,Rainfall is very low for a climate-sensitive zone.,Recommend irrigation products and soil moisture support.
1480,5,Gabes,2025-05-07,5,21.1,72,0.0,medium,Low rainfall,Medium,Rainfall is very low for a climate-sensitive zone.,Recommend irrigation products and soil moisture support.
1481,5,Gabes,2025-05-08,5,20.7,77,0.0,medium,Low rainfall,Medium,Rainfall is very low for a climate-sensitive zone.,Recommend irrigation products and soil moisture support.
1482,5,Gabes,2025-05-09,5,21.2,70,0.0,medium,Low rainfall,Medium,Rainfall is very low for a climate-sensitive zone.,Recommend irrigation products and soil moisture support.
1483,5,Gabes,2025-05-10,5,21.7,71,0.0,medium,Low rainfall,Medium,Rainfall is very low for a climate-sensitive zone.,Recommend irrigation products and soil moisture support.
1484,5,Gabes,2025-05-11,5,25.7,50,0.0,medium,Low rainfall,Medium,Rainfall is very low for a climate-sensitive zone.,Recommend irrigation products and soil moisture support.
1485,5,Gabes,2025-05-13,5,21.0,76,0.0,medium,Low rainfall,Medium,Rainfall is very low for a climate-sensitive zone.,Recommend irrigation products and soil moisture support.
1486,5,Gabes,2025-05-14,5,20.7,77,0.0,medium,Low rainfall,Medium,Rainfall is very low for a climate-sensitive zone.,Recommend irrigation products and soil moisture support.
1487,5,Gabes,2025-05-17,5,21.9,63,0.4,medium,Low rainfall,Medium,Rainfall is very low for a climate-sensitive zone.,Recommend irrigation products and soil moisture support.
1488,5,Gabes,2025-05-18,5,25.2,43,0.0,medium,Low rainfall,Medium,Rainfall is very low for a climate-sensitive zone.,Recommend irrigation products and soil moisture support.
1489,5,Gabes,2025-05-19,5,28.4,34,0.0,medium,Low rainfall,Medium,Rainfall is very low for a climate-sensitive zone.,Recommend irrigation products and soil moisture support.
1490,5,Gabes,2025-05-20,5,27.5,44,0.0,medium,Low rainfall,Medium,Rainfall is very low for a climate-sensitive zone.,Recommend irrigation products and soil moisture support.
1491,5,Gabes,2025-05-21,5,22.8,68,0.0,medium,Low rainfall,Medium,Rainfall is very low for a climate-sensitive zone.,Recommend irrigation products and soil moisture support.
1492,5,Gabes,2025-05-22,5,22.1,73,0.0,medium,Low rainfall,Medium,Rainfall is very low for a climate-sensitive zone.,Recommend irrigation products and soil moisture support.
1493,5,Gabes,2025-05-23,5,22.3,66,0.0,medium,Low rainfall,Medium,Rainfall is very low for a climate-sensitive zone.,Recommend irrigation products and soil moisture support.
1494,5,Gabes,2025-05-24,5,20.1,59,0.3,medium,Low rainfall,Medium,Rainfall is very low for a climate-sensitive zone.,Recommend irrigation products and soil moisture support.
1495,5,Gabes,2025-05-25,5,21.1,52,0.0,medium,Low rainfall,Medium,Rainfall is very low for a climate-sensitive zone.,Recommend irrigation products and soil moisture support.
1496,5,Gabes,2025-05-26,5,22.9,47,0.0,medium,Low rainfall,Medium,Rainfall is very low for a climate-sensitive zone.,Recommend irrigation products and soil moisture support.
1497,5,Gabes,2025-05-27,5,24.6,44,0.0,medium,Low rainfall,Medium,Rainfall is very low for a climate-sensitive zone.,Recommend irrigation products and soil moisture support.
1498,5,Gabes,2025-05-28,5,24.3,56,0.0,medium,Low rainfall,Medium,Rainfall is very low for a climate-sensitive zone.,Recommend irrigation products and soil moisture support.
1499,5,Gabes,2025-05-29,5,26.4,44,0.0,medium,Low rainfall,Medium,Rainfall is very low for a climate-sensitive zone.,Recommend irrigation products and soil moisture support.
1500,5,Gabes,2025-05-30,5,23.9,55,0.0,medium,Low rainfall,Medium,Rainfall is very low for a climate-sensitive zone.,Recommend irrigation products and soil moisture support.
1501,5,Gabes,2025-05-31,5,23.2,52,0.0,medium,Low rainfall,Medium,Rainfall is very low for a climate-sensitive zone.,Recommend irrigation products and soil moisture support.
1502,5,Gabes,2025-06-01,6,22.8,54,0.0,medium,Low rainfall,Medium,Rainfall is very low for a climate-sensitive zone.,Recommend irrigation products and soil moisture support.
1503,5,Gabes,2025-06-02,6,22.1,70,0.0,medium,Low rainfall,Medium,Rainfall is very low for a climate-sensitive zone.,Recommend irrigation products and soil moisture support.
1504,5,Gabes,2025-06-03,6,24.7,67,0.0,medium,Low rainfall,Medium,Rainfall is very low for a climate-sensitive zone.,Recommend irrigation products and soil moisture support.
1505,5,Gabes,2025-06-04,6,26.5,61,0.0,medium,Low rainfall,Medium,Rainfall is very low for a climate-sensitive zone.,Recommend irrigation products and soil moisture support.
1506,5,Gabes,2025-06-05,6,25.4,67,0.0,medium,Low rainfall,Medium,Rainfall is very low for a climate-sensitive zone.,Recommend irrigation products and soil moisture support.
1507,5,Gabes,2025-06-06,6,24.6,70,0.0,medium,Low rainfall,Medium,Rainfall is very low for a climate-sensitive zone.,Recommend irrigation products and soil moisture support.
1508,5,Gabes,2025-06-07,6,25.9,61,0.0,medium,Low rainfall,Medium,Rainfall is very low for a climate-sensitive zone.,Recommend irrigation products and soil moisture support.
1509,5,Gabes,2025-06-08,6,28.2,52,0.0,medium,Low rainfall,Medium,Rainfall is very low for a climate-sensitive zone.,Recommend irrigation products and soil moisture support.
1510,5,Gabes,2025-06-09,6,27.0,55,0.0,medium,Low rainfall,Medium,Rainfall is very low for a climate-sensitive zone.,Recommend irrigation products and soil moisture support.
1511,5,Gabes,2025-06-10,6,26.5,59,0.0,medium,Low rainfall,Medium,Rainfall is very low for a climate-sensitive zone.,Recommend irrigation products and soil moisture support.
1512,5,Gabes,2025-06-11,6,25.6,66,0.0,medium,Low rainfall,Medium,Rainfall is very low for a climate-sensitive zone.,Recommend irrigation products and soil moisture support.
1513,5,Gabes,2025-06-12,6,24.5,72,0.0,medium,Low rainfall,Medium,Rainfall is very low for a climate-sensitive zone.,Recommend irrigation products and soil moisture support.
1514,5,Gabes,2025-06-13,6,24.7,75,0.0,medium,Low rainfall,Medium,Rainfall is very low for a climate-sensitive zone.,Recommend irrigation products and soil moisture support.
1515,5,Gabes,2025-06-14,6,26.2,60,0.0,medium,Low rainfall,Medium,Rainfall is very low for a climate-sensitive zone.,Recommend irrigation products and soil moisture support.
1516,5,Gabes,2025-06-15,6,26.5,58,0.0,medium,Low rainfall,Medium,Rainfall is very low for a climate-sensitive zone.,Recommend irrigation products and soil moisture support.
1517,5,Gabes,2025-06-16,6,27.8,54,0.0,medium,Low rainfall,Medium,Rainfall is very low for a climate-sensitive zone.,Recommend irrigation products and soil moisture support.
1518,5,Gabes,2025-06-17,6,29.9,43,0.0,medium,Low rainfall,Medium,Rainfall is very low for a climate-sensitive zone.,Recommend irrigation products and soil moisture support.
1519,5,Gabes,2025-06-18,6,27.6,61,0.0,medium,Low rainfall,Medium,Rainfall is very low for a climate-sensitive zone.,Recommend irrigation products and soil moisture support.
1520,5,Gabes,2025-06-19,6,26.6,65,0.1,medium,Low rainfall,Medium,Rainfall is very low for a climate-sensitive zone.,Recommend irrigation products and soil moisture support.
1521,5,Gabes,2025-06-20,6,26.3,63,0.0,medium,Low rainfall,Medium,Rainfall is very low for a climate-sensitive zone.,Recommend irrigation products and soil moisture support.
1522,5,Gabes,2025-06-21,6,26.3,61,0.0,medium,Low rainfall,Medium,Rainfall is very low for a climate-sensitive zone.,Recommend irrigation products and soil moisture support.
1523,5,Gabes,2025-06-22,6,26.7,63,0.0,medium,Low rainfall,Medium,Rainfall is very low for a climate-sensitive zone.,Recommend irrigation products and soil moisture support.
1524,5,Gabes,2025-06-23,6,28.5,45,0.0,medium,Low rainfall,Medium,Rainfall is very low for a climate-sensitive zone.,Recommend irrigation products and soil moisture support.
1525,5,Gabes,2025-06-24,6,29.0,42,0.0,medium,Low rainfall,Medium,Rainfall is very low for a climate-sensitive zone.,Recommend irrigation products and soil moisture support.
1526,5,Gabes,2025-06-25,6,30.7,35,0.0,high,High drought risk,High,The zone is exposed to high drought risk.,Prioritize drought-adapted products and irrigation solutions.
1527,5,Gabes,2025-06-25,6,30.7,35,0.0,high,Low rainfall,Medium,Rainfall is very low for a climate-sensitive zone.,Recommend irrigation products and soil moisture support.
1528,5,Gabes,2025-06-26,6,31.0,33,0.0,high,High drought risk,High,The zone is exposed to high drought risk.,Prioritize drought-adapted products and irrigation solutions.
1529,5,Gabes,2025-06-26,6,31.0,33,0.0,high,Low rainfall,Medium,Rainfall is very low for a climate-sensitive zone.,Recommend irrigation products and soil moisture support.
1530,5,Gabes,2025-06-27,6,29.2,51,0.0,medium,Low rainfall,Medium,Rainfall is very low for a climate-sensitive zone.,Recommend irrigation products and soil moisture support.
1531,5,Gabes,2025-06-28,6,28.8,61,0.0,medium,Low rainfall,Medium,Rainfall is very low for a climate-sensitive zone.,Recommend irrigation products and soil moisture support.
1532,5,Gabes,2025-06-29,6,28.1,61,0.0,medium,Low rainfall,Medium,Rainfall is very low for a climate-sensitive zone.,Recommend irrigation products and soil moisture support.
1533,5,Gabes,2025-06-30,6,27.7,66,0.0,medium,Low rainfall,Medium,Rainfall is very low for a climate-sensitive zone.,Recommend irrigation products and soil moisture support.
1534,5,Gabes,2025-07-01,7,27.2,71,0.0,medium,Low rainfall,Medium,Rainfall is very low for a climate-sensitive zone.,Recommend irrigation products and soil moisture support.
1535,5,Gabes,2025-07-02,7,28.4,64,0.0,medium,Low rainfall,Medium,Rainfall is very low for a climate-sensitive zone.,Recommend irrigation products and soil moisture support.
1536,5,Gabes,2025-07-03,7,28.8,59,0.0,medium,Low rainfall,Medium,Rainfall is very low for a climate-sensitive zone.,Recommend irrigation products and soil moisture support.
1537,5,Gabes,2025-07-04,7,28.0,62,0.0,medium,Low rainfall,Medium,Rainfall is very low for a climate-sensitive zone.,Recommend irrigation products and soil moisture support.
1538,5,Gabes,2025-07-05,7,27.8,65,0.0,medium,Low rainfall,Medium,Rainfall is very low for a climate-sensitive zone.,Recommend irrigation products and soil moisture support.
1539,5,Gabes,2025-07-06,7,28.3,69,0.0,medium,Low rainfall,Medium,Rainfall is very low for a climate-sensitive zone.,Recommend irrigation products and soil moisture support.
1540,5,Gabes,2025-07-07,7,31.9,38,0.0,high,High drought risk,High,The zone is exposed to high drought risk.,Prioritize drought-adapted products and irrigation solutions.
1541,5,Gabes,2025-07-07,7,31.9,38,0.0,high,Low rainfall,Medium,Rainfall is very low for a climate-sensitive zone.,Recommend irrigation products and soil moisture support.
1542,5,Gabes,2025-07-08,7,31.1,52,0.0,high,High drought risk,High,The zone is exposed to high drought risk.,Prioritize drought-adapted products and irrigation solutions.
1543,5,Gabes,2025-07-08,7,31.1,52,0.0,high,Low rainfall,Medium,Rainfall is very low for a climate-sensitive zone.,Recommend irrigation products and soil moisture support.
1544,5,Gabes,2025-07-09,7,28.8,63,0.0,medium,Low rainfall,Medium,Rainfall is very low for a climate-sensitive zone.,Recommend irrigation products and soil moisture support.
1545,5,Gabes,2025-07-10,7,28.1,52,0.0,medium,Low rainfall,Medium,Rainfall is very low for a climate-sensitive zone.,Recommend irrigation products and soil moisture support.
1546,5,Gabes,2025-07-11,7,27.4,65,0.0,medium,Low rainfall,Medium,Rainfall is very low for a climate-sensitive zone.,Recommend irrigation products and soil moisture support.
1547,5,Gabes,2025-07-12,7,28.9,53,0.0,medium,Low rainfall,Medium,Rainfall is very low for a climate-sensitive zone.,Recommend irrigation products and soil moisture support.
1548,5,Gabes,2025-07-13,7,30.7,51,0.0,high,High drought risk,High,The zone is exposed to high drought risk.,Prioritize drought-adapted products and irrigation solutions.
1549,5,Gabes,2025-07-13,7,30.7,51,0.0,high,Low rainfall,Medium,Rainfall is very low for a climate-sensitive zone.,Recommend irrigation products and soil moisture support.
1550,5,Gabes,2025-07-14,7,34.0,42,0.0,high,High drought risk,High,The zone is exposed to high drought risk.,Prioritize drought-adapted products and irrigation solutions.
1551,5,Gabes,2025-07-14,7,34.0,42,0.0,high,Low rainfall,Medium,Rainfall is very low for a climate-sensitive zone.,Recommend irrigation products and soil moisture support.
1552,5,Gabes,2025-07-14,7,34.0,42,0.0,high,Heat stress,Medium,Temperature is high and may create crop stress.,Recommend climate-adapted products and field monitoring.
1553,5,Gabes,2025-07-15,7,30.3,53,0.0,high,High drought risk,High,The zone is exposed to high drought risk.,Prioritize drought-adapted products and irrigation solutions.
1554,5,Gabes,2025-07-15,7,30.3,53,0.0,high,Low rainfall,Medium,Rainfall is very low for a climate-sensitive zone.,Recommend irrigation products and soil moisture support.
1555,5,Gabes,2025-07-16,7,29.9,54,0.0,medium,Low rainfall,Medium,Rainfall is very low for a climate-sensitive zone.,Recommend irrigation products and soil moisture support.
1556,5,Gabes,2025-07-17,7,30.8,42,0.0,high,High drought risk,High,The zone is exposed to high drought risk.,Prioritize drought-adapted products and irrigation solutions.
1557,5,Gabes,2025-07-17,7,30.8,42,0.0,high,Low rainfall,Medium,Rainfall is very low for a climate-sensitive zone.,Recommend irrigation products and soil moisture support.
1558,5,Gabes,2025-07-18,7,31.4,38,0.0,high,High drought risk,High,The zone is exposed to high drought risk.,Prioritize drought-adapted products and irrigation solutions.
1559,5,Gabes,2025-07-18,7,31.4,38,0.0,high,Low rainfall,Medium,Rainfall is very low for a climate-sensitive zone.,Recommend irrigation products and soil moisture support.
1560,5,Gabes,2025-07-19,7,29.8,65,0.0,medium,Low rainfall,Medium,Rainfall is very low for a climate-sensitive zone.,Recommend irrigation products and soil moisture support.
1561,5,Gabes,2025-07-20,7,33.0,40,0.0,high,High drought risk,High,The zone is exposed to high drought risk.,Prioritize drought-adapted products and irrigation solutions.
1562,5,Gabes,2025-07-20,7,33.0,40,0.0,high,Low rainfall,Medium,Rainfall is very low for a climate-sensitive zone.,Recommend irrigation products and soil moisture support.
1563,5,Gabes,2025-07-20,7,33.0,40,0.0,high,Heat stress,Medium,Temperature is high and may create crop stress.,Recommend climate-adapted products and field monitoring.
1564,5,Gabes,2025-07-21,7,37.4,19,0.0,high,High drought risk,High,The zone is exposed to high drought risk.,Prioritize drought-adapted products and irrigation solutions.
1565,5,Gabes,2025-07-21,7,37.4,19,0.0,high,Low rainfall,Medium,Rainfall is very low for a climate-sensitive zone.,Recommend irrigation products and soil moisture support.
1566,5,Gabes,2025-07-21,7,37.4,19,0.0,high,Heat stress,Medium,Temperature is high and may create crop stress.,Recommend climate-adapted products and field monitoring.
1567,5,Gabes,2025-07-22,7,32.6,42,0.0,high,High drought risk,High,The zone is exposed to high drought risk.,Prioritize drought-adapted products and irrigation solutions.
1568,5,Gabes,2025-07-22,7,32.6,42,0.0,high,Low rainfall,Medium,Rainfall is very low for a climate-sensitive zone.,Recommend irrigation products and soil moisture support.
1569,5,Gabes,2025-07-22,7,32.6,42,0.0,high,Heat stress,Medium,Temperature is high and may create crop stress.,Recommend climate-adapted products and field monitoring.
1570,5,Gabes,2025-07-23,7,31.1,60,0.0,high,High drought risk,High,The zone is exposed to high drought risk.,Prioritize drought-adapted products and irrigation solutions.
1571,5,Gabes,2025-07-23,7,31.1,60,0.0,high,Low rainfall,Medium,Rainfall is very low for a climate-sensitive zone.,Recommend irrigation products and soil moisture support.
1572,5,Gabes,2025-07-24,7,35.8,32,0.0,high,High drought risk,High,The zone is exposed to high drought risk.,Prioritize drought-adapted products and irrigation solutions.
1573,5,Gabes,2025-07-24,7,35.8,32,0.0,high,Low rainfall,Medium,Rainfall is very low for a climate-sensitive zone.,Recommend irrigation products and soil moisture support.
1574,5,Gabes,2025-07-24,7,35.8,32,0.0,high,Heat stress,Medium,Temperature is high and may create crop stress.,Recommend climate-adapted products and field monitoring.
1575,5,Gabes,2025-07-25,7,38.9,20,0.0,high,High drought risk,High,The zone is exposed to high drought risk.,Prioritize drought-adapted products and irrigation solutions.
1576,5,Gabes,2025-07-25,7,38.9,20,0.0,high,Low rainfall,Medium,Rainfall is very low for a climate-sensitive zone.,Recommend irrigation products and soil moisture support.
1577,5,Gabes,2025-07-25,7,38.9,20,0.0,high,Heat stress,Medium,Temperature is high and may create crop stress.,Recommend climate-adapted products and field monitoring.
1578,5,Gabes,2025-07-26,7,30.5,57,0.0,high,High drought risk,High,The zone is exposed to high drought risk.,Prioritize drought-adapted products and irrigation solutions.
1579,5,Gabes,2025-07-26,7,30.5,57,0.0,high,Low rainfall,Medium,Rainfall is very low for a climate-sensitive zone.,Recommend irrigation products and soil moisture support.
1580,5,Gabes,2025-07-27,7,28.2,50,0.0,medium,Low rainfall,Medium,Rainfall is very low for a climate-sensitive zone.,Recommend irrigation products and soil moisture support.
1581,5,Gabes,2025-07-28,7,29.3,50,0.0,medium,Low rainfall,Medium,Rainfall is very low for a climate-sensitive zone.,Recommend irrigation products and soil moisture support.
1582,5,Gabes,2025-07-29,7,29.0,54,0.0,medium,Low rainfall,Medium,Rainfall is very low for a climate-sensitive zone.,Recommend irrigation products and soil moisture support.
1583,5,Gabes,2025-07-30,7,28.0,53,0.0,medium,Low rainfall,Medium,Rainfall is very low for a climate-sensitive zone.,Recommend irrigation products and soil moisture support.
1584,5,Gabes,2025-07-31,7,28.1,52,0.0,medium,Low rainfall,Medium,Rainfall is very low for a climate-sensitive zone.,Recommend irrigation products and soil moisture support.
1585,5,Gabes,2025-08-01,8,29.0,59,0.0,medium,Low rainfall,Medium,Rainfall is very low for a climate-sensitive zone.,Recommend irrigation products and soil moisture support.
1586,5,Gabes,2025-08-02,8,29.0,72,0.0,medium,Low rainfall,Medium,Rainfall is very low for a climate-sensitive zone.,Recommend irrigation products and soil moisture support.
1587,5,Gabes,2025-08-03,8,27.8,70,0.2,medium,Low rainfall,Medium,Rainfall is very low for a climate-sensitive zone.,Recommend irrigation products and soil moisture support.
1588,5,Gabes,2025-08-04,8,27.7,61,0.0,medium,Low rainfall,Medium,Rainfall is very low for a climate-sensitive zone.,Recommend irrigation products and soil moisture support.
1589,5,Gabes,2025-08-05,8,27.3,60,0.0,medium,Low rainfall,Medium,Rainfall is very low for a climate-sensitive zone.,Recommend irrigation products and soil moisture support.
1590,5,Gabes,2025-08-06,8,26.9,60,0.0,medium,Low rainfall,Medium,Rainfall is very low for a climate-sensitive zone.,Recommend irrigation products and soil moisture support.
1591,5,Gabes,2025-08-07,8,27.0,64,0.0,medium,Low rainfall,Medium,Rainfall is very low for a climate-sensitive zone.,Recommend irrigation products and soil moisture support.
1592,5,Gabes,2025-08-08,8,27.4,64,0.0,medium,Low rainfall,Medium,Rainfall is very low for a climate-sensitive zone.,Recommend irrigation products and soil moisture support.
1593,5,Gabes,2025-08-09,8,27.0,66,0.0,medium,Low rainfall,Medium,Rainfall is very low for a climate-sensitive zone.,Recommend irrigation products and soil moisture support.
1594,5,Gabes,2025-08-10,8,27.3,62,0.0,medium,Low rainfall,Medium,Rainfall is very low for a climate-sensitive zone.,Recommend irrigation products and soil moisture support.
1595,5,Gabes,2025-08-11,8,28.7,56,0.0,medium,Low rainfall,Medium,Rainfall is very low for a climate-sensitive zone.,Recommend irrigation products and soil moisture support.
1596,5,Gabes,2025-08-12,8,28.9,54,0.0,medium,Low rainfall,Medium,Rainfall is very low for a climate-sensitive zone.,Recommend irrigation products and soil moisture support.
1597,5,Gabes,2025-08-13,8,29.0,62,0.0,medium,Low rainfall,Medium,Rainfall is very low for a climate-sensitive zone.,Recommend irrigation products and soil moisture support.
1598,5,Gabes,2025-08-14,8,28.8,60,0.0,medium,Low rainfall,Medium,Rainfall is very low for a climate-sensitive zone.,Recommend irrigation products and soil moisture support.
1599,5,Gabes,2025-08-15,8,29.3,59,0.0,medium,Low rainfall,Medium,Rainfall is very low for a climate-sensitive zone.,Recommend irrigation products and soil moisture support.
1600,5,Gabes,2025-08-16,8,29.0,62,0.0,medium,Low rainfall,Medium,Rainfall is very low for a climate-sensitive zone.,Recommend irrigation products and soil moisture support.
1601,5,Gabes,2025-08-17,8,30.7,46,0.0,high,High drought risk,High,The zone is exposed to high drought risk.,Prioritize drought-adapted products and irrigation solutions.
1602,5,Gabes,2025-08-17,8,30.7,46,0.0,high,Low rainfall,Medium,Rainfall is very low for a climate-sensitive zone.,Recommend irrigation products and soil moisture support.
1603,5,Gabes,2025-08-18,8,30.0,55,0.0,high,High drought risk,High,The zone is exposed to high drought risk.,Prioritize drought-adapted products and irrigation solutions.
1604,5,Gabes,2025-08-18,8,30.0,55,0.0,high,Low rainfall,Medium,Rainfall is very low for a climate-sensitive zone.,Recommend irrigation products and soil moisture support.
1605,5,Gabes,2025-08-19,8,29.4,66,0.0,medium,Low rainfall,Medium,Rainfall is very low for a climate-sensitive zone.,Recommend irrigation products and soil moisture support.
1606,5,Gabes,2025-08-20,8,34.5,29,0.0,high,High drought risk,High,The zone is exposed to high drought risk.,Prioritize drought-adapted products and irrigation solutions.
1607,5,Gabes,2025-08-20,8,34.5,29,0.0,high,Low rainfall,Medium,Rainfall is very low for a climate-sensitive zone.,Recommend irrigation products and soil moisture support.
1608,5,Gabes,2025-08-20,8,34.5,29,0.0,high,Heat stress,Medium,Temperature is high and may create crop stress.,Recommend climate-adapted products and field monitoring.
1609,5,Gabes,2025-08-21,8,37.6,14,0.0,high,High drought risk,High,The zone is exposed to high drought risk.,Prioritize drought-adapted products and irrigation solutions.
1610,5,Gabes,2025-08-21,8,37.6,14,0.0,high,Low rainfall,Medium,Rainfall is very low for a climate-sensitive zone.,Recommend irrigation products and soil moisture support.
1611,5,Gabes,2025-08-21,8,37.6,14,0.0,high,Heat stress,Medium,Temperature is high and may create crop stress.,Recommend climate-adapted products and field monitoring.
1612,5,Gabes,2025-08-22,8,29.1,70,0.0,medium,Low rainfall,Medium,Rainfall is very low for a climate-sensitive zone.,Recommend irrigation products and soil moisture support.
1613,5,Gabes,2025-08-23,8,28.5,65,0.0,medium,Low rainfall,Medium,Rainfall is very low for a climate-sensitive zone.,Recommend irrigation products and soil moisture support.
1614,5,Gabes,2025-08-24,8,28.2,69,0.0,medium,Low rainfall,Medium,Rainfall is very low for a climate-sensitive zone.,Recommend irrigation products and soil moisture support.
1615,5,Gabes,2025-08-25,8,28.8,68,0.0,medium,Low rainfall,Medium,Rainfall is very low for a climate-sensitive zone.,Recommend irrigation products and soil moisture support.
1616,5,Gabes,2025-08-26,8,29.3,65,0.0,medium,Low rainfall,Medium,Rainfall is very low for a climate-sensitive zone.,Recommend irrigation products and soil moisture support.
1617,5,Gabes,2025-08-27,8,32.1,41,0.0,high,High drought risk,High,The zone is exposed to high drought risk.,Prioritize drought-adapted products and irrigation solutions.
1618,5,Gabes,2025-08-27,8,32.1,41,0.0,high,Low rainfall,Medium,Rainfall is very low for a climate-sensitive zone.,Recommend irrigation products and soil moisture support.
1619,5,Gabes,2025-08-27,8,32.1,41,0.0,high,Heat stress,Medium,Temperature is high and may create crop stress.,Recommend climate-adapted products and field monitoring.
1620,5,Gabes,2025-08-28,8,36.3,25,0.0,high,High drought risk,High,The zone is exposed to high drought risk.,Prioritize drought-adapted products and irrigation solutions.
1621,5,Gabes,2025-08-28,8,36.3,25,0.0,high,Low rainfall,Medium,Rainfall is very low for a climate-sensitive zone.,Recommend irrigation products and soil moisture support.
1622,5,Gabes,2025-08-28,8,36.3,25,0.0,high,Heat stress,Medium,Temperature is high and may create crop stress.,Recommend climate-adapted products and field monitoring.
1623,5,Gabes,2025-08-29,8,30.0,67,0.3,high,High drought risk,High,The zone is exposed to high drought risk.,Prioritize drought-adapted products and irrigation solutions.
1624,5,Gabes,2025-08-29,8,30.0,67,0.3,high,Low rainfall,Medium,Rainfall is very low for a climate-sensitive zone.,Recommend irrigation products and soil moisture support.
1625,5,Gabes,2025-08-30,8,28.2,76,0.2,medium,Low rainfall,Medium,Rainfall is very low for a climate-sensitive zone.,Recommend irrigation products and soil moisture support.
1626,5,Gabes,2025-08-31,8,28.3,62,0.0,medium,Low rainfall,Medium,Rainfall is very low for a climate-sensitive zone.,Recommend irrigation products and soil moisture support.
1627,5,Gabes,2025-09-01,9,29.9,51,0.0,medium,Low rainfall,Medium,Rainfall is very low for a climate-sensitive zone.,Recommend irrigation products and soil moisture support.
1628,5,Gabes,2025-09-02,9,28.5,67,0.0,medium,Low rainfall,Medium,Rainfall is very low for a climate-sensitive zone.,Recommend irrigation products and soil moisture support.
1629,5,Gabes,2025-09-03,9,27.8,69,0.5,medium,Low rainfall,Medium,Rainfall is very low for a climate-sensitive zone.,Recommend irrigation products and soil moisture support.
1630,5,Gabes,2025-09-04,9,27.8,68,0.0,medium,Low rainfall,Medium,Rainfall is very low for a climate-sensitive zone.,Recommend irrigation products and soil moisture support.
1631,5,Gabes,2025-09-05,9,28.2,66,0.0,medium,Low rainfall,Medium,Rainfall is very low for a climate-sensitive zone.,Recommend irrigation products and soil moisture support.
1632,5,Gabes,2025-09-06,9,28.7,62,0.0,medium,Low rainfall,Medium,Rainfall is very low for a climate-sensitive zone.,Recommend irrigation products and soil moisture support.
1633,5,Gabes,2025-09-07,9,31.2,39,0.0,high,High drought risk,High,The zone is exposed to high drought risk.,Prioritize drought-adapted products and irrigation solutions.
1634,5,Gabes,2025-09-07,9,31.2,39,0.0,high,Low rainfall,Medium,Rainfall is very low for a climate-sensitive zone.,Recommend irrigation products and soil moisture support.
1635,5,Gabes,2025-09-08,9,30.7,44,0.0,high,High drought risk,High,The zone is exposed to high drought risk.,Prioritize drought-adapted products and irrigation solutions.
1636,5,Gabes,2025-09-08,9,30.7,44,0.0,high,Low rainfall,Medium,Rainfall is very low for a climate-sensitive zone.,Recommend irrigation products and soil moisture support.
1637,5,Gabes,2025-09-09,9,31.5,48,0.1,high,High drought risk,High,The zone is exposed to high drought risk.,Prioritize drought-adapted products and irrigation solutions.
1638,5,Gabes,2025-09-09,9,31.5,48,0.1,high,Low rainfall,Medium,Rainfall is very low for a climate-sensitive zone.,Recommend irrigation products and soil moisture support.
1639,5,Gabes,2025-09-10,9,35.4,28,0.0,high,High drought risk,High,The zone is exposed to high drought risk.,Prioritize drought-adapted products and irrigation solutions.
1640,5,Gabes,2025-09-10,9,35.4,28,0.0,high,Low rainfall,Medium,Rainfall is very low for a climate-sensitive zone.,Recommend irrigation products and soil moisture support.
1641,5,Gabes,2025-09-10,9,35.4,28,0.0,high,Heat stress,Medium,Temperature is high and may create crop stress.,Recommend climate-adapted products and field monitoring.
1642,5,Gabes,2025-09-11,9,27.5,62,0.0,medium,Low rainfall,Medium,Rainfall is very low for a climate-sensitive zone.,Recommend irrigation products and soil moisture support.
1643,5,Gabes,2025-09-12,9,27.0,61,0.0,medium,Low rainfall,Medium,Rainfall is very low for a climate-sensitive zone.,Recommend irrigation products and soil moisture support.
1644,5,Gabes,2025-09-13,9,26.9,65,0.0,medium,Low rainfall,Medium,Rainfall is very low for a climate-sensitive zone.,Recommend irrigation products and soil moisture support.
1645,5,Gabes,2025-09-14,9,26.2,71,0.0,medium,Low rainfall,Medium,Rainfall is very low for a climate-sensitive zone.,Recommend irrigation products and soil moisture support.
1646,5,Gabes,2025-09-15,9,26.3,72,0.0,medium,Low rainfall,Medium,Rainfall is very low for a climate-sensitive zone.,Recommend irrigation products and soil moisture support.
1647,5,Gabes,2025-09-16,9,27.0,69,0.0,medium,Low rainfall,Medium,Rainfall is very low for a climate-sensitive zone.,Recommend irrigation products and soil moisture support.
1648,5,Gabes,2025-09-17,9,27.6,60,0.0,medium,Low rainfall,Medium,Rainfall is very low for a climate-sensitive zone.,Recommend irrigation products and soil moisture support.
1649,5,Gabes,2025-09-18,9,26.6,64,0.0,medium,Low rainfall,Medium,Rainfall is very low for a climate-sensitive zone.,Recommend irrigation products and soil moisture support.
1650,5,Gabes,2025-09-21,9,26.2,69,0.1,medium,Low rainfall,Medium,Rainfall is very low for a climate-sensitive zone.,Recommend irrigation products and soil moisture support.
1651,5,Gabes,2025-09-22,9,27.3,61,0.0,medium,Low rainfall,Medium,Rainfall is very low for a climate-sensitive zone.,Recommend irrigation products and soil moisture support.
1652,5,Gabes,2025-09-23,9,27.5,63,0.0,medium,Low rainfall,Medium,Rainfall is very low for a climate-sensitive zone.,Recommend irrigation products and soil moisture support.
1653,5,Gabes,2025-09-24,9,27.4,64,0.2,medium,Low rainfall,Medium,Rainfall is very low for a climate-sensitive zone.,Recommend irrigation products and soil moisture support.
1654,5,Gabes,2025-09-28,9,23.7,53,0.0,medium,Low rainfall,Medium,Rainfall is very low for a climate-sensitive zone.,Recommend irrigation products and soil moisture support.
1655,5,Gabes,2025-09-29,9,23.7,47,0.0,medium,Low rainfall,Medium,Rainfall is very low for a climate-sensitive zone.,Recommend irrigation products and soil moisture support.
1656,5,Gabes,2025-09-30,9,24.3,55,0.0,medium,Low rainfall,Medium,Rainfall is very low for a climate-sensitive zone.,Recommend irrigation products and soil moisture support.
1657,5,Gabes,2025-10-01,10,25.7,50,0.0,medium,Low rainfall,Medium,Rainfall is very low for a climate-sensitive zone.,Recommend irrigation products and soil moisture support.
1658,5,Gabes,2025-10-02,10,25.3,47,0.0,medium,Low rainfall,Medium,Rainfall is very low for a climate-sensitive zone.,Recommend irrigation products and soil moisture support.
1659,5,Gabes,2025-10-03,10,22.5,51,0.0,medium,Low rainfall,Medium,Rainfall is very low for a climate-sensitive zone.,Recommend irrigation products and soil moisture support.
1660,5,Gabes,2025-10-04,10,22.8,47,0.0,medium,Low rainfall,Medium,Rainfall is very low for a climate-sensitive zone.,Recommend irrigation products and soil moisture support.
1661,5,Gabes,2025-10-05,10,25.1,34,0.0,medium,Low rainfall,Medium,Rainfall is very low for a climate-sensitive zone.,Recommend irrigation products and soil moisture support.
1662,5,Gabes,2025-10-06,10,24.5,47,0.0,medium,Low rainfall,Medium,Rainfall is very low for a climate-sensitive zone.,Recommend irrigation products and soil moisture support.
1663,5,Gabes,2025-10-07,10,21.6,48,0.0,medium,Low rainfall,Medium,Rainfall is very low for a climate-sensitive zone.,Recommend irrigation products and soil moisture support.
1664,5,Gabes,2025-10-08,10,21.9,52,0.0,medium,Low rainfall,Medium,Rainfall is very low for a climate-sensitive zone.,Recommend irrigation products and soil moisture support.
1665,5,Gabes,2025-10-09,10,23.2,45,0.0,medium,Low rainfall,Medium,Rainfall is very low for a climate-sensitive zone.,Recommend irrigation products and soil moisture support.
1666,5,Gabes,2025-10-10,10,23.2,53,0.0,medium,Low rainfall,Medium,Rainfall is very low for a climate-sensitive zone.,Recommend irrigation products and soil moisture support.
1667,5,Gabes,2025-10-11,10,23.8,65,0.0,medium,Low rainfall,Medium,Rainfall is very low for a climate-sensitive zone.,Recommend irrigation products and soil moisture support.
1668,5,Gabes,2025-10-12,10,23.8,66,0.0,medium,Low rainfall,Medium,Rainfall is very low for a climate-sensitive zone.,Recommend irrigation products and soil moisture support.
1669,5,Gabes,2025-10-13,10,23.3,71,0.0,medium,Low rainfall,Medium,Rainfall is very low for a climate-sensitive zone.,Recommend irrigation products and soil moisture support.
1670,5,Gabes,2025-10-14,10,24.1,65,0.0,medium,Low rainfall,Medium,Rainfall is very low for a climate-sensitive zone.,Recommend irrigation products and soil moisture support.
1671,5,Gabes,2025-10-15,10,26.2,46,0.0,medium,Low rainfall,Medium,Rainfall is very low for a climate-sensitive zone.,Recommend irrigation products and soil moisture support.
1672,5,Gabes,2025-10-16,10,24.0,68,0.2,medium,Low rainfall,Medium,Rainfall is very low for a climate-sensitive zone.,Recommend irrigation products and soil moisture support.
1673,5,Gabes,2025-10-17,10,23.2,68,0.1,medium,Low rainfall,Medium,Rainfall is very low for a climate-sensitive zone.,Recommend irrigation products and soil moisture support.
1674,5,Gabes,2025-10-20,10,20.1,75,0.0,medium,Low rainfall,Medium,Rainfall is very low for a climate-sensitive zone.,Recommend irrigation products and soil moisture support.
1675,5,Gabes,2025-10-21,10,23.9,47,0.0,medium,Low rainfall,Medium,Rainfall is very low for a climate-sensitive zone.,Recommend irrigation products and soil moisture support.
1676,5,Gabes,2025-10-22,10,24.3,53,0.0,medium,Low rainfall,Medium,Rainfall is very low for a climate-sensitive zone.,Recommend irrigation products and soil moisture support.
1677,5,Gabes,2025-10-23,10,24.8,45,0.0,medium,Low rainfall,Medium,Rainfall is very low for a climate-sensitive zone.,Recommend irrigation products and soil moisture support.
1678,5,Gabes,2025-10-24,10,25.6,43,0.0,medium,Low rainfall,Medium,Rainfall is very low for a climate-sensitive zone.,Recommend irrigation products and soil moisture support.
1679,5,Gabes,2025-10-25,10,28.2,29,0.0,medium,Low rainfall,Medium,Rainfall is very low for a climate-sensitive zone.,Recommend irrigation products and soil moisture support.
1680,5,Gabes,2025-10-26,10,28.7,24,0.0,medium,Low rainfall,Medium,Rainfall is very low for a climate-sensitive zone.,Recommend irrigation products and soil moisture support.
1681,5,Gabes,2025-10-27,10,22.8,61,0.0,medium,Low rainfall,Medium,Rainfall is very low for a climate-sensitive zone.,Recommend irrigation products and soil moisture support.
1682,5,Gabes,2025-10-28,10,20.9,54,0.0,medium,Low rainfall,Medium,Rainfall is very low for a climate-sensitive zone.,Recommend irrigation products and soil moisture support.
1683,5,Gabes,2025-10-29,10,20.4,70,0.0,medium,Low rainfall,Medium,Rainfall is very low for a climate-sensitive zone.,Recommend irrigation products and soil moisture support.
1684,5,Gabes,2025-10-30,10,23.4,63,0.0,medium,Low rainfall,Medium,Rainfall is very low for a climate-sensitive zone.,Recommend irrigation products and soil moisture support.
1685,5,Gabes,2025-10-31,10,24.2,40,0.0,medium,Low rainfall,Medium,Rainfall is very low for a climate-sensitive zone.,Recommend irrigation products and soil moisture support.
1686,5,Gabes,2025-11-01,11,21.6,66,0.0,medium,Low rainfall,Medium,Rainfall is very low for a climate-sensitive zone.,Recommend irrigation products and soil moisture support.
1687,5,Gabes,2025-11-02,11,20.8,73,0.0,medium,Low rainfall,Medium,Rainfall is very low for a climate-sensitive zone.,Recommend irrigation products and soil moisture support.
1688,5,Gabes,2025-11-03,11,20.7,72,0.0,medium,Low rainfall,Medium,Rainfall is very low for a climate-sensitive zone.,Recommend irrigation products and soil moisture support.
1689,5,Gabes,2025-11-04,11,20.4,64,0.3,medium,Low rainfall,Medium,Rainfall is very low for a climate-sensitive zone.,Recommend irrigation products and soil moisture support.
1690,5,Gabes,2025-11-05,11,19.5,70,0.0,medium,Low rainfall,Medium,Rainfall is very low for a climate-sensitive zone.,Recommend irrigation products and soil moisture support.
1691,5,Gabes,2025-11-06,11,20.9,55,0.0,medium,Low rainfall,Medium,Rainfall is very low for a climate-sensitive zone.,Recommend irrigation products and soil moisture support.
1692,5,Gabes,2025-11-07,11,21.3,44,0.0,medium,Low rainfall,Medium,Rainfall is very low for a climate-sensitive zone.,Recommend irrigation products and soil moisture support.
1693,5,Gabes,2025-11-08,11,18.9,37,0.0,medium,Low rainfall,Medium,Rainfall is very low for a climate-sensitive zone.,Recommend irrigation products and soil moisture support.
1694,5,Gabes,2025-11-09,11,19.4,41,0.0,medium,Low rainfall,Medium,Rainfall is very low for a climate-sensitive zone.,Recommend irrigation products and soil moisture support.
1695,5,Gabes,2025-11-10,11,18.7,47,0.0,medium,Low rainfall,Medium,Rainfall is very low for a climate-sensitive zone.,Recommend irrigation products and soil moisture support.
1696,5,Gabes,2025-11-11,11,18.0,44,0.0,medium,Low rainfall,Medium,Rainfall is very low for a climate-sensitive zone.,Recommend irrigation products and soil moisture support.
1697,5,Gabes,2025-11-12,11,17.6,51,0.0,medium,Low rainfall,Medium,Rainfall is very low for a climate-sensitive zone.,Recommend irrigation products and soil moisture support.
1698,5,Gabes,2025-11-13,11,18.2,47,0.0,medium,Low rainfall,Medium,Rainfall is very low for a climate-sensitive zone.,Recommend irrigation products and soil moisture support.
1699,5,Gabes,2025-11-14,11,18.8,44,0.0,medium,Low rainfall,Medium,Rainfall is very low for a climate-sensitive zone.,Recommend irrigation products and soil moisture support.
1700,5,Gabes,2025-11-15,11,20.7,28,0.0,medium,Low rainfall,Medium,Rainfall is very low for a climate-sensitive zone.,Recommend irrigation products and soil moisture support.
1701,5,Gabes,2025-11-16,11,24.3,22,0.0,medium,Low rainfall,Medium,Rainfall is very low for a climate-sensitive zone.,Recommend irrigation products and soil moisture support.
1702,5,Gabes,2025-11-17,11,24.4,21,0.0,medium,Low rainfall,Medium,Rainfall is very low for a climate-sensitive zone.,Recommend irrigation products and soil moisture support.
1703,5,Gabes,2025-11-18,11,21.1,64,0.2,medium,Low rainfall,Medium,Rainfall is very low for a climate-sensitive zone.,Recommend irrigation products and soil moisture support.
1704,5,Gabes,2025-11-21,11,15.2,65,0.0,medium,Low rainfall,Medium,Rainfall is very low for a climate-sensitive zone.,Recommend irrigation products and soil moisture support.
1705,5,Gabes,2025-11-22,11,11.5,48,0.0,medium,Low rainfall,Medium,Rainfall is very low for a climate-sensitive zone.,Recommend irrigation products and soil moisture support.
1706,5,Gabes,2025-11-23,11,10.5,48,0.0,medium,Low rainfall,Medium,Rainfall is very low for a climate-sensitive zone.,Recommend irrigation products and soil moisture support.
1707,5,Gabes,2025-11-24,11,11.6,37,0.0,medium,Low rainfall,Medium,Rainfall is very low for a climate-sensitive zone.,Recommend irrigation products and soil moisture support.
1708,5,Gabes,2025-11-25,11,14.0,28,0.0,medium,Low rainfall,Medium,Rainfall is very low for a climate-sensitive zone.,Recommend irrigation products and soil moisture support.
1709,5,Gabes,2025-11-26,11,14.7,39,0.3,medium,Low rainfall,Medium,Rainfall is very low for a climate-sensitive zone.,Recommend irrigation products and soil moisture support.
1710,5,Gabes,2025-11-27,11,11.6,48,0.0,medium,Low rainfall,Medium,Rainfall is very low for a climate-sensitive zone.,Recommend irrigation products and soil moisture support.
1711,5,Gabes,2025-11-28,11,11.4,47,0.0,medium,Low rainfall,Medium,Rainfall is very low for a climate-sensitive zone.,Recommend irrigation products and soil moisture support.
1712,5,Gabes,2025-11-29,11,12.7,44,0.0,medium,Low rainfall,Medium,Rainfall is very low for a climate-sensitive zone.,Recommend irrigation products and soil moisture support.
1713,5,Gabes,2025-11-30,11,11.5,38,0.0,medium,Low rainfall,Medium,Rainfall is very low for a climate-sensitive zone.,Recommend irrigation products and soil moisture support.
1714,5,Gabes,2025-12-01,12,11.6,50,0.0,medium,Low rainfall,Medium,Rainfall is very low for a climate-sensitive zone.,Recommend irrigation products and soil moisture support.
1715,5,Gabes,2025-12-02,12,16.0,68,0.0,medium,Low rainfall,Medium,Rainfall is very low for a climate-sensitive zone.,Recommend irrigation products and soil moisture support.
1716,5,Gabes,2025-12-03,12,14.8,58,0.0,medium,Low rainfall,Medium,Rainfall is very low for a climate-sensitive zone.,Recommend irrigation products and soil moisture support.
1717,5,Gabes,2025-12-04,12,13.1,61,0.0,medium,Low rainfall,Medium,Rainfall is very low for a climate-sensitive zone.,Recommend irrigation products and soil moisture support.
1718,5,Gabes,2025-12-05,12,13.1,57,0.0,medium,Low rainfall,Medium,Rainfall is very low for a climate-sensitive zone.,Recommend irrigation products and soil moisture support.
1719,5,Gabes,2025-12-06,12,13.9,50,0.0,medium,Low rainfall,Medium,Rainfall is very low for a climate-sensitive zone.,Recommend irrigation products and soil moisture support.
1720,5,Gabes,2025-12-07,12,14.8,51,0.0,medium,Low rainfall,Medium,Rainfall is very low for a climate-sensitive zone.,Recommend irrigation products and soil moisture support.
1721,5,Gabes,2025-12-08,12,15.3,54,0.0,medium,Low rainfall,Medium,Rainfall is very low for a climate-sensitive zone.,Recommend irrigation products and soil moisture support.
1722,5,Gabes,2025-12-09,12,14.7,58,0.0,medium,Low rainfall,Medium,Rainfall is very low for a climate-sensitive zone.,Recommend irrigation products and soil moisture support.
1723,5,Gabes,2025-12-10,12,14.2,67,0.0,medium,Low rainfall,Medium,Rainfall is very low for a climate-sensitive zone.,Recommend irrigation products and soil moisture support.
1724,5,Gabes,2025-12-11,12,13.6,87,0.0,medium,High humidity,Medium,Humidity level is high and may increase fungal disease risk.,Recommend fungicides and crop protection products.
1725,5,Gabes,2025-12-11,12,13.6,87,0.0,medium,Low rainfall,Medium,Rainfall is very low for a climate-sensitive zone.,Recommend irrigation products and soil moisture support.
1726,5,Gabes,2025-12-12,12,14.8,89,0.0,medium,High humidity,Medium,Humidity level is high and may increase fungal disease risk.,Recommend fungicides and crop protection products.
1727,5,Gabes,2025-12-12,12,14.8,89,0.0,medium,Low rainfall,Medium,Rainfall is very low for a climate-sensitive zone.,Recommend irrigation products and soil moisture support.
1728,5,Gabes,2025-12-14,12,17.2,80,0.0,medium,Low rainfall,Medium,Rainfall is very low for a climate-sensitive zone.,Recommend irrigation products and soil moisture support.
1729,5,Gabes,2025-12-17,12,14.6,90,0.0,medium,High humidity,Medium,Humidity level is high and may increase fungal disease risk.,Recommend fungicides and crop protection products.
1730,5,Gabes,2025-12-17,12,14.6,90,0.0,medium,Low rainfall,Medium,Rainfall is very low for a climate-sensitive zone.,Recommend irrigation products and soil moisture support.
1731,5,Gabes,2025-12-19,12,13.8,90,12.0,low,High humidity,Medium,Humidity level is high and may increase fungal disease risk.,Recommend fungicides and crop protection products.
1732,5,Gabes,2025-12-20,12,12.6,86,0.0,medium,High humidity,Medium,Humidity level is high and may increase fungal disease risk.,Recommend fungicides and crop protection products.
1733,5,Gabes,2025-12-20,12,12.6,86,0.0,medium,Low rainfall,Medium,Rainfall is very low for a climate-sensitive zone.,Recommend irrigation products and soil moisture support.
1734,5,Gabes,2025-12-21,12,13.3,82,0.2,medium,Low rainfall,Medium,Rainfall is very low for a climate-sensitive zone.,Recommend irrigation products and soil moisture support.
1735,5,Gabes,2025-12-22,12,12.8,75,0.0,medium,Low rainfall,Medium,Rainfall is very low for a climate-sensitive zone.,Recommend irrigation products and soil moisture support.
1736,5,Gabes,2025-12-24,12,10.8,68,0.0,medium,Low rainfall,Medium,Rainfall is very low for a climate-sensitive zone.,Recommend irrigation products and soil moisture support.
1737,5,Gabes,2025-12-25,12,13.6,60,0.0,medium,Low rainfall,Medium,Rainfall is very low for a climate-sensitive zone.,Recommend irrigation products and soil moisture support.
1738,5,Gabes,2025-12-26,12,12.4,68,0.0,medium,Low rainfall,Medium,Rainfall is very low for a climate-sensitive zone.,Recommend irrigation products and soil moisture support.
1739,5,Gabes,2025-12-27,12,11.4,82,0.0,medium,Low rainfall,Medium,Rainfall is very low for a climate-sensitive zone.,Recommend irrigation products and soil moisture support.
1740,5,Gabes,2025-12-28,12,11.5,76,0.0,medium,Low rainfall,Medium,Rainfall is very low for a climate-sensitive zone.,Recommend irrigation products and soil moisture support.
1741,5,Gabes,2025-12-29,12,11.1,76,0.0,medium,Low rainfall,Medium,Rainfall is very low for a climate-sensitive zone.,Recommend irrigation products and soil moisture support.
1742,5,Gabes,2025-12-30,12,11.6,73,0.0,medium,Low rainfall,Medium,Rainfall is very low for a climate-sensitive zone.,Recommend irrigation products and soil moisture support.
1743,5,Gabes,2025-12-31,12,11.5,72,0.0,medium,Low rainfall,Medium,Rainfall is very low for a climate-sensitive zone.,Recommend irrigation products and soil moisture support.
