product_id,product_name,zone_id,zone_name,forecast_month,actual_quantity,historical_mean,recent_3_month_mean,last_value,current_arima_111,current_method_used,current_warning_count,proposed_hybrid,hybrid_method_used,hybrid_warning_count
1,NPK Fertilizer 20-20-20,1,Nabeul,2025-12,0.0,4.333333333333333,8.666666666666666,10.0,10.00000291488199,"ARIMA(1,1,1)",2,4.333333333333333,HistoricalMean,0
1,NPK Fertilizer 20-20-20,1,Nabeul,2026-01,9.0,3.7142857142857144,5.666666666666667,0.0,3.9864817739352194,"ARIMA(1,1,1)",2,3.7142857142857144,HistoricalMean,0
1,NPK Fertilizer 20-20-20,1,Nabeul,2026-02,12.0,4.375,6.333333333333333,9.0,2.675255496462671,"ARIMA(1,1,1)",2,4.375,HistoricalMean,0
1,NPK Fertilizer 20-20-20,1,Nabeul,2026-03,0.0,5.222222222222222,7.0,12.0,9.16829440671107,"ARIMA(1,1,1)",0,5.222222222222222,HistoricalMean,0
1,NPK Fertilizer 20-20-20,1,Nabeul,2026-04,8.0,4.7,7.0,0.0,4.76134846848887,"ARIMA(1,1,1)",0,4.7,HistoricalMean,0
1,NPK Fertilizer 20-20-20,1,Nabeul,2026-05,4.0,5.0,6.666666666666667,8.0,5.789311996074232,"ARIMA(1,1,1)",0,5.0,HistoricalMean,0
1,NPK Fertilizer 20-20-20,2,Sfax,2025-12,0.0,3.3333333333333335,3.6666666666666665,0.0,3.6666666666666665,Recent3Mean fallback,2,3.3333333333333335,HistoricalMean,0
1,NPK Fertilizer 20-20-20,2,Sfax,2026-01,12.0,2.857142857142857,2.3333333333333335,0.0,2.3333333333333335,Recent3Mean fallback,3,2.857142857142857,HistoricalMean,0
1,NPK Fertilizer 20-20-20,2,Sfax,2026-02,0.0,4.0,4.0,12.0,2.3171965517462745,"ARIMA(1,1,1)",1,4.0,HistoricalMean,0
1,NPK Fertilizer 20-20-20,2,Sfax,2026-03,8.0,3.5555555555555554,4.0,0.0,4.971100917130666,"ARIMA(1,1,1)",0,3.5555555555555554,HistoricalMean,0
1,NPK Fertilizer 20-20-20,2,Sfax,2026-04,9.0,4.0,6.666666666666667,8.0,2.324101668979548,"ARIMA(1,1,1)",0,4.0,HistoricalMean,0
1,NPK Fertilizer 20-20-20,2,Sfax,2026-05,0.0,4.454545454545454,5.666666666666667,9.0,4.148886037964487,"ARIMA(1,1,1)",0,4.454545454545454,HistoricalMean,0
1,NPK Fertilizer 20-20-20,3,Beja,2025-12,22.0,7.166666666666667,3.3333333333333335,0.0,3.3333333333333335,Recent3Mean fallback,2,7.166666666666667,HistoricalMean,0
1,NPK Fertilizer 20-20-20,3,Beja,2026-01,0.0,9.285714285714286,7.333333333333333,22.0,35.820318600987235,"ARIMA(1,1,1)",1,9.285714285714286,HistoricalMean,0
1,NPK Fertilizer 20-20-20,3,Beja,2026-02,5.0,8.125,7.333333333333333,0.0,9.88818766894891,"ARIMA(1,1,1)",1,8.125,HistoricalMean,0
1,NPK Fertilizer 20-20-20,3,Beja,2026-03,0.0,7.777777777777778,9.0,5.0,8.163982259525074,"ARIMA(1,1,1)",1,7.777777777777778,HistoricalMean,0
1,NPK Fertilizer 20-20-20,3,Beja,2026-04,0.0,7.0,1.6666666666666667,0.0,7.485383825094735,"ARIMA(1,1,1)",1,7.0,HistoricalMean,0
1,NPK Fertilizer 20-20-20,3,Beja,2026-05,12.0,6.363636363636363,1.6666666666666667,0.0,5.350381701683092,"ARIMA(1,1,1)",1,6.363636363636363,HistoricalMean,0
1,NPK Fertilizer 20-20-20,4,Kairouan,2025-12,20.0,3.1666666666666665,4.666666666666667,12.0,12.000008587116225,"ARIMA(1,1,1)",2,3.1666666666666665,HistoricalMean,0
1,NPK Fertilizer 20-20-20,4,Kairouan,2026-01,12.0,5.571428571428571,10.666666666666666,20.0,18.667607959800335,"ARIMA(1,1,1)",2,5.571428571428571,HistoricalMean,0
1,NPK Fertilizer 20-20-20,4,Kairouan,2026-02,9.0,6.375,14.666666666666666,12.0,9.510592420269093,"ARIMA(1,1,1)",2,6.375,HistoricalMean,0
1,NPK Fertilizer 20-20-20,4,Kairouan,2026-03,0.0,6.666666666666667,13.666666666666666,9.0,9.752561435053066,"ARIMA(1,1,1)",0,6.666666666666667,HistoricalMean,0
1,NPK Fertilizer 20-20-20,4,Kairouan,2026-04,0.0,6.0,7.0,0.0,0.0,"ARIMA(1,1,1)",0,6.0,HistoricalMean,0
1,NPK Fertilizer 20-20-20,4,Kairouan,2026-05,0.0,5.454545454545454,3.0,0.0,3.08970360322401,"ARIMA(1,1,1)",0,5.454545454545454,HistoricalMean,0
1,NPK Fertilizer 20-20-20,5,Gabes,2025-12,0.0,2.1666666666666665,2.3333333333333335,0.0,0.0,"ARIMA(1,1,1)",2,2.1666666666666665,HistoricalMean,0
1,NPK Fertilizer 20-20-20,5,Gabes,2026-01,0.0,1.8571428571428572,2.3333333333333335,0.0,2.753385527509834,"ARIMA(1,1,1)",1,1.8571428571428572,HistoricalMean,0
1,NPK Fertilizer 20-20-20,5,Gabes,2026-02,11.0,1.625,0.0,0.0,2.1954860997049668,"ARIMA(1,1,1)",1,1.625,HistoricalMean,0
1,NPK Fertilizer 20-20-20,5,Gabes,2026-03,2.0,2.6666666666666665,3.6666666666666665,11.0,0.0,"ARIMA(1,1,1)",1,2.6666666666666665,HistoricalMean,0
1,NPK Fertilizer 20-20-20,5,Gabes,2026-04,0.0,2.6,4.333333333333333,2.0,2.8298688400734147,"ARIMA(1,1,1)",1,2.6,HistoricalMean,0
1,NPK Fertilizer 20-20-20,5,Gabes,2026-05,0.0,2.3636363636363638,4.333333333333333,0.0,3.0199113945850016,"ARIMA(1,1,1)",1,2.3636363636363638,HistoricalMean,0
2,Organic Compost Mix,1,Nabeul,2025-12,12.0,5.666666666666667,1.0,0.0,2.063550118660325,"ARIMA(1,1,1)",1,5.666666666666667,HistoricalMean,0
2,Organic Compost Mix,1,Nabeul,2026-01,0.0,6.571428571428571,4.0,12.0,8.260024528506055,"ARIMA(1,1,1)",1,6.571428571428571,HistoricalMean,0
2,Organic Compost Mix,1,Nabeul,2026-02,15.0,5.75,4.0,0.0,4.95147611252564,"ARIMA(1,1,1)",1,5.75,HistoricalMean,0
2,Organic Compost Mix,1,Nabeul,2026-03,11.0,6.777777777777778,9.0,15.0,6.123735852960532,"ARIMA(1,1,1)",1,6.777777777777778,HistoricalMean,0
2,Organic Compost Mix,1,Nabeul,2026-04,7.0,7.2,8.666666666666666,11.0,7.2998911037811425,"ARIMA(1,1,1)",0,7.2,HistoricalMean,0
2,Organic Compost Mix,1,Nabeul,2026-05,0.0,7.181818181818182,11.0,7.0,7.175176572197853,"ARIMA(1,1,1)",0,7.181818181818182,HistoricalMean,0
2,Organic Compost Mix,2,Sfax,2025-12,0.0,6.333333333333333,7.666666666666667,14.0,14.000006652491832,"ARIMA(1,1,1)",2,6.333333333333333,HistoricalMean,0
2,Organic Compost Mix,2,Sfax,2026-01,0.0,5.428571428571429,6.0,0.0,6.919989330373157,"ARIMA(1,1,1)",2,5.428571428571429,HistoricalMean,0
2,Organic Compost Mix,2,Sfax,2026-02,0.0,4.75,4.666666666666667,0.0,5.302358761814476,"ARIMA(1,1,1)",0,4.75,HistoricalMean,0
2,Organic Compost Mix,2,Sfax,2026-03,0.0,4.222222222222222,0.0,0.0,4.337878499252041,"ARIMA(1,1,1)",0,4.222222222222222,HistoricalMean,0
2,Organic Compost Mix,2,Sfax,2026-04,0.0,3.8,0.0,0.0,3.0100150785316546,"ARIMA(1,1,1)",0,3.8,HistoricalMean,0
2,Organic Compost Mix,2,Sfax,2026-05,0.0,3.4545454545454546,0.0,0.0,1.8711098606304122,"ARIMA(1,1,1)",0,3.4545454545454546,HistoricalMean,0
2,Organic Compost Mix,3,Beja,2025-12,34.0,10.666666666666666,13.0,0.0,13.0,Recent3Mean fallback,2,10.666666666666666,HistoricalMean,0
2,Organic Compost Mix,3,Beja,2026-01,0.0,14.0,14.333333333333334,34.0,4.269188791551201,"ARIMA(1,1,1)",0,14.0,HistoricalMean,0
2,Organic Compost Mix,3,Beja,2026-02,5.0,12.25,11.333333333333334,0.0,18.47129101613478,"ARIMA(1,1,1)",1,12.25,HistoricalMean,0
2,Organic Compost Mix,3,Beja,2026-03,0.0,11.444444444444445,13.0,5.0,13.777918055629243,"ARIMA(1,1,1)",1,11.444444444444445,HistoricalMean,0
2,Organic Compost Mix,3,Beja,2026-04,0.0,10.3,1.6666666666666667,0.0,13.689818892441851,"ARIMA(1,1,1)",1,10.3,HistoricalMean,0
2,Organic Compost Mix,3,Beja,2026-05,0.0,9.363636363636363,1.6666666666666667,0.0,9.779377461679552,"ARIMA(1,1,1)",0,9.363636363636363,HistoricalMean,0
2,Organic Compost Mix,4,Kairouan,2025-12,9.0,4.0,8.0,6.0,9.79547217614246,"ARIMA(1,1,1)",0,4.0,HistoricalMean,0
2,Organic Compost Mix,4,Kairouan,2026-01,6.0,4.714285714285714,11.0,9.0,8.422071622812352,"ARIMA(1,1,1)",0,4.714285714285714,HistoricalMean,0
2,Organic Compost Mix,4,Kairouan,2026-02,0.0,4.875,7.0,6.0,7.525986204112888,"ARIMA(1,1,1)",0,4.875,HistoricalMean,0
2,Organic Compost Mix,4,Kairouan,2026-03,0.0,4.333333333333333,5.0,0.0,3.0937241341967088,"ARIMA(1,1,1)",0,4.333333333333333,HistoricalMean,0
2,Organic Compost Mix,4,Kairouan,2026-04,4.0,3.9,2.0,0.0,0.6353572803774936,"ARIMA(1,1,1)",0,3.9,HistoricalMean,0
2,Organic Compost Mix,4,Kairouan,2026-05,21.0,3.909090909090909,1.3333333333333333,4.0,3.849695970903611,"ARIMA(1,1,1)",0,3.909090909090909,HistoricalMean,0
2,Organic Compost Mix,5,Gabes,2025-12,13.0,3.0,4.333333333333333,0.0,4.333333333333333,Recent3Mean fallback,2,3.0,HistoricalMean,0
2,Organic Compost Mix,5,Gabes,2026-01,0.0,4.428571428571429,5.333333333333333,13.0,0.0,"ARIMA(1,1,1)",1,4.428571428571429,HistoricalMean,0
2,Organic Compost Mix,5,Gabes,2026-02,0.0,3.875,4.333333333333333,0.0,6.822611242939571,"ARIMA(1,1,1)",0,3.875,HistoricalMean,0
2,Organic Compost Mix,5,Gabes,2026-03,0.0,3.4444444444444446,4.333333333333333,0.0,5.160392599994486,"ARIMA(1,1,1)",0,3.4444444444444446,HistoricalMean,0
2,Organic Compost Mix,5,Gabes,2026-04,18.0,3.1,0.0,0.0,4.2276158899648735,"ARIMA(1,1,1)",1,3.1,HistoricalMean,0
2,Organic Compost Mix,5,Gabes,2026-05,0.0,4.454545454545454,6.0,18.0,0.0,"ARIMA(1,1,1)",1,4.454545454545454,HistoricalMean,0
3,Tomato Seeds Premium,1,Nabeul,2025-12,10.0,8.333333333333334,9.0,18.0,5.346270834544461,"ARIMA(1,1,1)",1,8.333333333333334,HistoricalMean,0
3,Tomato Seeds Premium,1,Nabeul,2026-01,3.0,8.571428571428571,12.333333333333334,10.0,12.526871798013989,"ARIMA(1,1,1)",1,8.571428571428571,HistoricalMean,0
3,Tomato Seeds Premium,1,Nabeul,2026-02,21.0,7.875,10.333333333333334,3.0,8.547562876808456,"ARIMA(1,1,1)",1,9.09560896866986,"ARIMA(1,0,0)",0
3,Tomato Seeds Premium,1,Nabeul,2026-03,0.0,9.333333333333334,11.333333333333334,21.0,6.474054745648303,"ARIMA(1,1,1)",1,3.9433522760560686,"ARIMA(1,0,0)",0
3,Tomato Seeds Premium,1,Nabeul,2026-04,6.0,8.4,8.0,0.0,13.343180203484037,"ARIMA(1,1,1)",0,8.4,HistoricalMean,0
3,Tomato Seeds Premium,1,Nabeul,2026-05,4.0,8.181818181818182,9.0,6.0,8.889533016731571,"ARIMA(1,1,1)",0,8.181818181818182,HistoricalMean,0
3,Tomato Seeds Premium,2,Sfax,2025-12,0.0,4.333333333333333,4.333333333333333,0.0,4.333333333333333,Recent3Mean fallback,2,4.333333333333333,HistoricalMean,0
3,Tomato Seeds Premium,2,Sfax,2026-01,0.0,3.7142857142857144,0.0,0.0,1.8628860517413257,"ARIMA(1,1,1)",2,3.7142857142857144,HistoricalMean,0
3,Tomato Seeds Premium,2,Sfax,2026-02,17.0,3.25,0.0,0.0,1.5866347084408412,"ARIMA(1,1,1)",0,3.25,HistoricalMean,0
3,Tomato Seeds Premium,2,Sfax,2026-03,0.0,4.777777777777778,5.666666666666667,17.0,8.15430083322325,"ARIMA(1,1,1)",0,4.777777777777778,HistoricalMean,0
3,Tomato Seeds Premium,2,Sfax,2026-04,8.0,4.3,5.666666666666667,0.0,4.316607992037294,"ARIMA(1,1,1)",0,4.3,HistoricalMean,0
3,Tomato Seeds Premium,2,Sfax,2026-05,8.0,4.636363636363637,8.333333333333334,8.0,4.462602592710307,"ARIMA(1,1,1)",0,4.636363636363637,HistoricalMean,0
3,Tomato Seeds Premium,3,Beja,2025-12,0.0,2.1666666666666665,4.0,0.0,0.0,"ARIMA(1,1,1)",2,2.1666666666666665,HistoricalMean,0
3,Tomato Seeds Premium,3,Beja,2026-01,1.0,1.8571428571428572,4.0,0.0,2.0793854319401692,"ARIMA(1,1,1)",1,1.8571428571428572,HistoricalMean,0
3,Tomato Seeds Premium,3,Beja,2026-02,23.0,1.75,0.3333333333333333,1.0,1.8472588801356795,"ARIMA(1,1,1)",1,1.75,HistoricalMean,0
3,Tomato Seeds Premium,3,Beja,2026-03,0.0,4.111111111111111,8.0,23.0,7.4606267673869855,"ARIMA(1,1,1)",2,4.111111111111111,HistoricalMean,0
3,Tomato Seeds Premium,3,Beja,2026-04,6.0,3.7,8.0,0.0,6.649222098840079,"ARIMA(1,1,1)",1,3.7,HistoricalMean,0
3,Tomato Seeds Premium,3,Beja,2026-05,3.0,3.909090909090909,9.666666666666666,6.0,4.787142889995352,"ARIMA(1,1,1)",1,3.909090909090909,HistoricalMean,0
3,Tomato Seeds Premium,4,Kairouan,2025-12,0.0,3.5,6.333333333333333,9.0,2.496238203360323,"ARIMA(1,1,1)",0,3.5,HistoricalMean,0
3,Tomato Seeds Premium,4,Kairouan,2026-01,2.0,3.0,3.0,0.0,7.027590321031206,"ARIMA(1,1,1)",0,3.0,HistoricalMean,0
3,Tomato Seeds Premium,4,Kairouan,2026-02,0.0,2.875,3.6666666666666665,2.0,3.317532725217453,"ARIMA(1,1,1)",0,2.875,HistoricalMean,0
3,Tomato Seeds Premium,4,Kairouan,2026-03,11.0,2.5555555555555554,0.6666666666666666,0.0,1.7564465934359463,"ARIMA(1,1,1)",0,2.5555555555555554,HistoricalMean,0
3,Tomato Seeds Premium,4,Kairouan,2026-04,4.0,3.4,4.333333333333333,11.0,0.0,"ARIMA(1,1,1)",0,3.4,HistoricalMean,0
3,Tomato Seeds Premium,4,Kairouan,2026-05,30.0,3.4545454545454546,5.0,4.0,3.308717554574173,"ARIMA(1,1,1)",0,3.4545454545454546,HistoricalMean,0
3,Tomato Seeds Premium,5,Gabes,2025-12,0.0,7.0,8.0,7.0,1.9607846255321117,"ARIMA(1,1,1)",1,7.0,HistoricalMean,0
3,Tomato Seeds Premium,5,Gabes,2026-01,2.0,6.0,2.3333333333333335,0.0,8.482925087740352,"ARIMA(1,1,1)",0,6.0,HistoricalMean,0
3,Tomato Seeds Premium,5,Gabes,2026-02,2.0,5.5,3.0,2.0,3.3193194546703384,"ARIMA(1,1,1)",0,5.5,HistoricalMean,0
3,Tomato Seeds Premium,5,Gabes,2026-03,0.0,5.111111111111111,1.3333333333333333,2.0,2.555465472763818,"ARIMA(1,1,1)",0,5.111111111111111,HistoricalMean,0
3,Tomato Seeds Premium,5,Gabes,2026-04,0.0,4.6,1.3333333333333333,0.0,2.2903031845974295,"ARIMA(1,1,1)",0,4.6,HistoricalMean,0
3,Tomato Seeds Premium,5,Gabes,2026-05,0.0,4.181818181818182,0.6666666666666666,0.0,0.9967483351076566,"ARIMA(1,1,1)",0,4.181818181818182,HistoricalMean,0
4,Wheat Seeds Resistant,1,Nabeul,2025-12,3.0,5.833333333333333,9.0,0.0,9.0,Recent3Mean fallback,2,5.833333333333333,HistoricalMean,0
4,Wheat Seeds Resistant,1,Nabeul,2026-01,4.0,5.428571428571429,2.3333333333333335,3.0,6.106651630782197,"ARIMA(1,1,1)",0,5.428571428571429,HistoricalMean,0
4,Wheat Seeds Resistant,1,Nabeul,2026-02,4.0,5.25,2.3333333333333335,4.0,5.6466954436756485,"ARIMA(1,1,1)",0,5.25,HistoricalMean,0
4,Wheat Seeds Resistant,1,Nabeul,2026-03,0.0,5.111111111111111,3.6666666666666665,4.0,5.46886322476956,"ARIMA(1,1,1)",0,5.111111111111111,HistoricalMean,0
4,Wheat Seeds Resistant,1,Nabeul,2026-04,5.0,4.6,2.6666666666666665,0.0,5.589189426672803,"ARIMA(1,1,1)",0,4.6,HistoricalMean,0
4,Wheat Seeds Resistant,1,Nabeul,2026-05,0.0,4.636363636363637,3.0,5.0,4.642827145061577,"ARIMA(1,1,1)",0,4.636363636363637,HistoricalMean,0
4,Wheat Seeds Resistant,2,Sfax,2025-12,0.0,5.333333333333333,0.6666666666666666,0.0,0.6666666666666666,Recent3Mean fallback,1,5.333333333333333,HistoricalMean,0
4,Wheat Seeds Resistant,2,Sfax,2026-01,4.0,4.571428571428571,0.0,0.0,0.0,Recent3Mean fallback,1,4.571428571428571,HistoricalMean,0
4,Wheat Seeds Resistant,2,Sfax,2026-02,0.0,4.5,1.3333333333333333,4.0,4.040797634981762,"ARIMA(1,1,1)",0,4.5,HistoricalMean,0
4,Wheat Seeds Resistant,2,Sfax,2026-03,12.0,4.0,1.3333333333333333,0.0,0.34640142157332,"ARIMA(1,1,1)",0,4.0,HistoricalMean,0
4,Wheat Seeds Resistant,2,Sfax,2026-04,21.0,4.8,5.333333333333333,12.0,7.254772697799051,"ARIMA(1,1,1)",1,4.8,HistoricalMean,0
4,Wheat Seeds Resistant,2,Sfax,2026-05,0.0,6.2727272727272725,11.0,21.0,23.256392423765078,"ARIMA(1,1,1)",2,6.2727272727272725,HistoricalMean,0
4,Wheat Seeds Resistant,3,Beja,2025-12,8.0,1.6666666666666667,0.0,0.0,0.0,"ARIMA(1,1,1)",0,1.6666666666666667,HistoricalMean,0
4,Wheat Seeds Resistant,3,Beja,2026-01,4.0,2.5714285714285716,2.6666666666666665,8.0,2.865051359026829,"ARIMA(1,1,1)",2,2.5714285714285716,HistoricalMean,0
4,Wheat Seeds Resistant,3,Beja,2026-02,14.0,2.75,4.0,4.0,2.885364365163684,"ARIMA(1,1,1)",2,2.75,HistoricalMean,0
4,Wheat Seeds Resistant,3,Beja,2026-03,0.0,4.0,8.666666666666666,14.0,9.01853948648932,"ARIMA(1,1,1)",2,4.0,HistoricalMean,0
4,Wheat Seeds Resistant,3,Beja,2026-04,12.0,3.6,6.0,0.0,10.446359650394555,"ARIMA(1,1,1)",1,3.6,HistoricalMean,0
4,Wheat Seeds Resistant,3,Beja,2026-05,5.0,4.363636363636363,8.666666666666666,12.0,1.6291238424499142,"ARIMA(1,1,1)",1,4.363636363636363,HistoricalMean,0
4,Wheat Seeds Resistant,4,Kairouan,2025-12,0.0,6.666666666666667,13.333333333333334,18.0,13.333333333333334,Recent3Mean fallback,2,6.666666666666667,HistoricalMean,0
4,Wheat Seeds Resistant,4,Kairouan,2026-01,10.0,5.714285714285714,10.333333333333334,0.0,2.1427823966007455,"ARIMA(1,1,1)",2,5.714285714285714,HistoricalMean,0
4,Wheat Seeds Resistant,4,Kairouan,2026-02,0.0,6.25,9.333333333333334,10.0,3.5158503741742493,"ARIMA(1,1,1)",0,6.25,HistoricalMean,0
4,Wheat Seeds Resistant,4,Kairouan,2026-03,30.0,5.555555555555555,3.3333333333333335,0.0,7.2849600856092565,"ARIMA(1,1,1)",1,5.555555555555555,HistoricalMean,0
4,Wheat Seeds Resistant,4,Kairouan,2026-04,0.0,8.0,13.333333333333334,30.0,8.291924194215298,"ARIMA(1,1,1)",2,8.0,HistoricalMean,0
4,Wheat Seeds Resistant,4,Kairouan,2026-05,0.0,7.2727272727272725,10.0,0.0,25.151132709767563,"ARIMA(1,1,1)",1,7.2727272727272725,HistoricalMean,0
4,Wheat Seeds Resistant,5,Gabes,2025-12,0.0,8.666666666666666,9.0,2.0,9.0,Recent3Mean fallback,2,8.666666666666666,HistoricalMean,0
4,Wheat Seeds Resistant,5,Gabes,2026-01,0.0,7.428571428571429,2.0,0.0,5.724032169957594,"ARIMA(1,1,1)",2,7.428571428571429,HistoricalMean,0
4,Wheat Seeds Resistant,5,Gabes,2026-02,0.0,6.5,0.6666666666666666,0.0,3.979551666864609,"ARIMA(1,1,1)",0,6.5,HistoricalMean,0
4,Wheat Seeds Resistant,5,Gabes,2026-03,0.0,5.777777777777778,0.0,0.0,2.2203793028331367,"ARIMA(1,1,1)",0,5.777777777777778,HistoricalMean,0
4,Wheat Seeds Resistant,5,Gabes,2026-04,0.0,5.2,0.0,0.0,1.3315095432707391,"ARIMA(1,1,1)",0,5.2,HistoricalMean,0
4,Wheat Seeds Resistant,5,Gabes,2026-05,0.0,4.7272727272727275,0.0,0.0,0.8489619329794585,"ARIMA(1,1,1)",0,4.7272727272727275,HistoricalMean,0
5,Olive Tree Nutrient Pack,1,Nabeul,2025-12,0.0,14.666666666666666,15.333333333333334,0.0,15.333333333333334,Recent3Mean fallback,2,14.666666666666666,HistoricalMean,0
5,Olive Tree Nutrient Pack,1,Nabeul,2026-01,16.0,12.571428571428571,2.0,0.0,10.135415916385835,"ARIMA(1,1,1)",1,12.571428571428571,HistoricalMean,0
5,Olive Tree Nutrient Pack,1,Nabeul,2026-02,15.0,13.0,5.333333333333333,16.0,12.710306521714672,"ARIMA(1,1,1)",0,11.965422342870898,"ARIMA(1,0,0)",0
5,Olive Tree Nutrient Pack,1,Nabeul,2026-03,16.0,13.222222222222221,10.333333333333334,15.0,12.989776152483163,"ARIMA(1,1,1)",0,12.53212286545346,"ARIMA(1,0,0)",0
5,Olive Tree Nutrient Pack,1,Nabeul,2026-04,0.0,13.5,15.666666666666666,16.0,13.213120128503382,"ARIMA(1,1,1)",0,12.74412147247315,"ARIMA(1,0,0)",0
5,Olive Tree Nutrient Pack,1,Nabeul,2026-05,0.0,12.272727272727273,10.333333333333334,0.0,13.546143558341015,"ARIMA(1,1,1)",0,12.272727272727273,HistoricalMean,0
5,Olive Tree Nutrient Pack,2,Sfax,2025-12,0.0,3.0,0.0,0.0,0.2917900201159936,"ARIMA(1,1,1)",0,3.0,HistoricalMean,0
5,Olive Tree Nutrient Pack,2,Sfax,2026-01,0.0,2.5714285714285716,0.0,0.0,0.0,"ARIMA(1,1,1)",0,2.5714285714285716,HistoricalMean,0
5,Olive Tree Nutrient Pack,2,Sfax,2026-02,6.0,2.25,0.0,0.0,0.02264900661765049,"ARIMA(1,1,1)",0,2.25,HistoricalMean,0
5,Olive Tree Nutrient Pack,2,Sfax,2026-03,0.0,2.6666666666666665,2.0,6.0,2.0,Recent3Mean fallback,1,2.6666666666666665,HistoricalMean,0
5,Olive Tree Nutrient Pack,2,Sfax,2026-04,0.0,2.4,2.0,0.0,3.6959293541738956,"ARIMA(1,1,1)",0,2.4,HistoricalMean,0
5,Olive Tree Nutrient Pack,2,Sfax,2026-05,1.0,2.1818181818181817,2.0,0.0,0.557153800352,"ARIMA(1,1,1)",0,2.1818181818181817,HistoricalMean,0
5,Olive Tree Nutrient Pack,3,Beja,2025-12,0.0,4.0,7.333333333333333,10.0,2.259242164185342,"ARIMA(1,1,1)",0,4.0,HistoricalMean,0
5,Olive Tree Nutrient Pack,3,Beja,2026-01,8.0,3.4285714285714284,3.3333333333333335,0.0,8.450187206159281,"ARIMA(1,1,1)",0,3.4285714285714284,HistoricalMean,0
5,Olive Tree Nutrient Pack,3,Beja,2026-02,13.0,4.0,6.0,8.0,1.3700148183479595,"ARIMA(1,1,1)",0,4.0,HistoricalMean,0
5,Olive Tree Nutrient Pack,3,Beja,2026-03,0.0,5.0,7.0,13.0,6.445658484574517,"ARIMA(1,1,1)",0,5.0,HistoricalMean,0
5,Olive Tree Nutrient Pack,3,Beja,2026-04,12.0,4.5,7.0,0.0,9.87960144829208,"ARIMA(1,1,1)",0,4.5,HistoricalMean,0
5,Olive Tree Nutrient Pack,3,Beja,2026-05,0.0,5.181818181818182,8.333333333333334,12.0,3.5239027268827154,"ARIMA(1,1,1)",0,5.181818181818182,HistoricalMean,0
5,Olive Tree Nutrient Pack,4,Kairouan,2025-12,11.0,0.8333333333333334,1.6666666666666667,0.0,2.1502762888392426,"ARIMA(1,1,1)",0,0.8333333333333334,HistoricalMean,0
5,Olive Tree Nutrient Pack,4,Kairouan,2026-01,8.0,2.2857142857142856,5.333333333333333,11.0,11.000005043831973,"ARIMA(1,1,1)",2,2.2857142857142856,HistoricalMean,0
5,Olive Tree Nutrient Pack,4,Kairouan,2026-02,1.0,3.0,6.333333333333333,8.0,10.735597060144011,"ARIMA(1,1,1)",1,3.0,HistoricalMean,0
5,Olive Tree Nutrient Pack,4,Kairouan,2026-03,11.0,2.7777777777777777,6.666666666666667,1.0,4.587523025453046,"ARIMA(1,1,1)",0,2.7777777777777777,HistoricalMean,0
5,Olive Tree Nutrient Pack,4,Kairouan,2026-04,0.0,3.6,6.666666666666667,11.0,5.000005753098016,"ARIMA(1,1,1)",0,3.6,HistoricalMean,0
5,Olive Tree Nutrient Pack,4,Kairouan,2026-05,15.0,3.272727272727273,4.0,0.0,7.774950943657962,"ARIMA(1,1,1)",0,3.272727272727273,HistoricalMean,0
5,Olive Tree Nutrient Pack,5,Gabes,2025-12,7.0,5.5,6.666666666666667,5.0,6.666666666666667,Recent3Mean fallback,2,5.5,HistoricalMean,0
5,Olive Tree Nutrient Pack,5,Gabes,2026-01,0.0,5.714285714285714,6.333333333333333,7.0,5.218085731659891,"ARIMA(1,1,1)",1,5.714285714285714,HistoricalMean,0
5,Olive Tree Nutrient Pack,5,Gabes,2026-02,0.0,5.0,4.0,0.0,10.28237790089024,"ARIMA(1,1,1)",0,10.54143908439532,"ARIMA(1,0,0)",0
5,Olive Tree Nutrient Pack,5,Gabes,2026-03,0.0,4.444444444444445,2.3333333333333335,0.0,0.14193508374656988,"ARIMA(1,1,1)",0,4.444444444444445,HistoricalMean,0
5,Olive Tree Nutrient Pack,5,Gabes,2026-04,0.0,4.0,0.0,0.0,0.0018676111016180826,"ARIMA(1,1,1)",0,4.0,HistoricalMean,0
5,Olive Tree Nutrient Pack,5,Gabes,2026-05,8.0,3.6363636363636362,0.0,0.0,2.7920280572665646e-05,"ARIMA(1,1,1)",0,3.6363636363636362,HistoricalMean,0
6,Anti-Fungal Treatment,1,Nabeul,2025-12,4.0,11.833333333333334,10.333333333333334,0.0,10.333333333333334,Recent3Mean fallback,2,11.833333333333334,HistoricalMean,0
6,Anti-Fungal Treatment,1,Nabeul,2026-01,0.0,10.714285714285714,1.3333333333333333,4.0,8.814810242745141,"ARIMA(1,1,1)",1,10.714285714285714,HistoricalMean,0
6,Anti-Fungal Treatment,1,Nabeul,2026-02,11.0,9.375,1.3333333333333333,0.0,4.038411357826494,"ARIMA(1,1,1)",0,9.375,HistoricalMean,0
6,Anti-Fungal Treatment,1,Nabeul,2026-03,12.0,9.555555555555555,5.0,11.0,10.040911419366417,"ARIMA(1,1,1)",0,9.555555555555555,HistoricalMean,0
6,Anti-Fungal Treatment,1,Nabeul,2026-04,0.0,9.8,7.666666666666667,12.0,10.471015461391783,"ARIMA(1,1,1)",0,9.8,HistoricalMean,0
6,Anti-Fungal Treatment,1,Nabeul,2026-05,0.0,8.909090909090908,7.666666666666667,0.0,6.204293525199268,"ARIMA(1,1,1)",0,8.909090909090908,HistoricalMean,0
6,Anti-Fungal Treatment,2,Sfax,2025-12,0.0,1.5,3.0,9.0,9.000000000000002,"ARIMA(1,1,1)",0,1.5,HistoricalMean,0
6,Anti-Fungal Treatment,2,Sfax,2026-01,10.0,1.2857142857142858,3.0,0.0,4.294388647160162,"ARIMA(1,1,1)",0,1.2857142857142858,HistoricalMean,0
6,Anti-Fungal Treatment,2,Sfax,2026-02,0.0,2.375,6.333333333333333,10.0,1.6860992679618878,"ARIMA(1,1,1)",1,2.375,HistoricalMean,0
6,Anti-Fungal Treatment,2,Sfax,2026-03,6.0,2.111111111111111,3.3333333333333335,0.0,8.682612627339765,"ARIMA(1,1,1)",1,2.111111111111111,HistoricalMean,0
6,Anti-Fungal Treatment,2,Sfax,2026-04,5.0,2.5,5.333333333333333,6.0,1.409110043167673,"ARIMA(1,1,1)",0,2.5,HistoricalMean,0
6,Anti-Fungal Treatment,2,Sfax,2026-05,12.0,2.727272727272727,3.6666666666666665,5.0,5.0359893309915735,"ARIMA(1,1,1)",0,2.727272727272727,HistoricalMean,0
6,Anti-Fungal Treatment,3,Beja,2025-12,14.0,5.0,3.3333333333333335,10.0,3.3333333333333335,Recent3Mean fallback,3,5.0,HistoricalMean,0
6,Anti-Fungal Treatment,3,Beja,2026-01,0.0,6.285714285714286,8.0,14.0,12.3798649549967,"ARIMA(1,1,1)",1,6.285714285714286,HistoricalMean,0
6,Anti-Fungal Treatment,3,Beja,2026-02,29.0,5.5,8.0,0.0,4.7765562458450415,"ARIMA(1,1,1)",1,5.5,HistoricalMean,0
6,Anti-Fungal Treatment,3,Beja,2026-03,0.0,8.11111111111111,14.333333333333334,29.0,4.715177130504756,"ARIMA(1,1,1)",0,8.11111111111111,HistoricalMean,0
6,Anti-Fungal Treatment,3,Beja,2026-04,12.0,7.3,9.666666666666666,0.0,19.471531758083014,"ARIMA(1,1,1)",0,7.3,HistoricalMean,0
6,Anti-Fungal Treatment,3,Beja,2026-05,12.0,7.7272727272727275,13.666666666666666,12.0,8.264783528753155,"ARIMA(1,1,1)",0,7.7272727272727275,HistoricalMean,0
6,Anti-Fungal Treatment,4,Kairouan,2025-12,19.0,2.0,4.0,0.0,5.160869774922684,"ARIMA(1,1,1)",0,2.0,HistoricalMean,0
6,Anti-Fungal Treatment,4,Kairouan,2026-01,9.0,4.428571428571429,10.333333333333334,19.0,2.590975822336496,"ARIMA(1,1,1)",1,4.428571428571429,HistoricalMean,0
6,Anti-Fungal Treatment,4,Kairouan,2026-02,3.0,5.0,9.333333333333334,9.0,16.94965174082583,"ARIMA(1,1,1)",0,5.0,HistoricalMean,0
6,Anti-Fungal Treatment,4,Kairouan,2026-03,4.0,4.777777777777778,10.333333333333334,3.0,8.948981608450616,"ARIMA(1,1,1)",0,4.777777777777778,HistoricalMean,0
6,Anti-Fungal Treatment,4,Kairouan,2026-04,5.0,4.7,5.333333333333333,4.0,4.933248852119908,"ARIMA(1,1,1)",0,4.7,HistoricalMean,0
6,Anti-Fungal Treatment,4,Kairouan,2026-05,2.0,4.7272727272727275,4.0,5.0,4.580837205822428,"ARIMA(1,1,1)",0,4.7272727272727275,HistoricalMean,0
6,Anti-Fungal Treatment,5,Gabes,2025-12,10.0,5.166666666666667,2.0,0.0,2.0,Recent3Mean fallback,1,5.166666666666667,HistoricalMean,0
6,Anti-Fungal Treatment,5,Gabes,2026-01,8.0,5.857142857142857,3.3333333333333335,10.0,5.928020254755121,"ARIMA(1,1,1)",0,5.857142857142857,HistoricalMean,0
6,Anti-Fungal Treatment,5,Gabes,2026-02,0.0,6.125,6.0,8.0,6.144324785207171,"ARIMA(1,1,1)",1,6.125,HistoricalMean,0
6,Anti-Fungal Treatment,5,Gabes,2026-03,12.0,5.444444444444445,6.0,0.0,5.504862987466033,"ARIMA(1,1,1)",1,5.444444444444445,HistoricalMean,0
6,Anti-Fungal Treatment,5,Gabes,2026-04,0.0,6.1,6.666666666666667,12.0,5.579549337386493,"ARIMA(1,1,1)",1,6.1,HistoricalMean,0
6,Anti-Fungal Treatment,5,Gabes,2026-05,3.0,5.545454545454546,4.0,0.0,6.5098880500450385,"ARIMA(1,1,1)",1,5.545454545454546,HistoricalMean,0
7,Copper Fungicide,1,Nabeul,2025-12,5.0,4.166666666666667,1.3333333333333333,0.0,0.0,"ARIMA(1,1,1)",1,4.166666666666667,HistoricalMean,0
7,Copper Fungicide,1,Nabeul,2026-01,0.0,4.285714285714286,1.6666666666666667,5.0,1.8307052967100166,"ARIMA(1,1,1)",0,4.285714285714286,HistoricalMean,0
7,Copper Fungicide,1,Nabeul,2026-02,4.0,3.75,1.6666666666666667,0.0,3.4264780089047293,"ARIMA(1,1,1)",0,3.75,HistoricalMean,0
7,Copper Fungicide,1,Nabeul,2026-03,20.0,3.7777777777777777,3.0,4.0,1.1512313653506712,"ARIMA(1,1,1)",0,3.7777777777777777,HistoricalMean,0
7,Copper Fungicide,1,Nabeul,2026-04,7.0,5.4,8.0,20.0,11.83875794258259,"ARIMA(1,1,1)",1,5.4,HistoricalMean,0
7,Copper Fungicide,1,Nabeul,2026-05,0.0,5.545454545454546,10.333333333333334,7.0,5.795476681231223,"ARIMA(1,1,1)",0,5.545454545454546,HistoricalMean,0
7,Copper Fungicide,2,Sfax,2025-12,0.0,4.333333333333333,2.3333333333333335,7.0,6.9974321975694735,"ARIMA(1,1,1)",0,4.333333333333333,HistoricalMean,0
7,Copper Fungicide,2,Sfax,2026-01,0.0,3.7142857142857144,2.3333333333333335,0.0,2.4146890225395246,"ARIMA(1,1,1)",0,3.7142857142857144,HistoricalMean,0
7,Copper Fungicide,2,Sfax,2026-02,6.0,3.25,2.3333333333333335,0.0,1.5452931369085567,"ARIMA(1,1,1)",1,3.25,HistoricalMean,0
7,Copper Fungicide,2,Sfax,2026-03,5.0,3.5555555555555554,2.0,6.0,3.504892797849203,"ARIMA(1,1,1)",1,3.5555555555555554,HistoricalMean,0
7,Copper Fungicide,2,Sfax,2026-04,0.0,3.7,3.6666666666666665,5.0,3.767410681630357,"ARIMA(1,1,1)",1,3.7,HistoricalMean,0
7,Copper Fungicide,2,Sfax,2026-05,0.0,3.3636363636363638,3.6666666666666665,0.0,3.654753011316983,"ARIMA(1,1,1)",1,3.3636363636363638,HistoricalMean,0
7,Copper Fungicide,3,Beja,2025-12,2.0,4.833333333333333,2.3333333333333335,6.0,9.946814756208656,"ARIMA(1,1,1)",1,4.833333333333333,HistoricalMean,0
7,Copper Fungicide,3,Beja,2026-01,8.0,4.428571428571429,2.6666666666666665,2.0,4.792539764311256,"ARIMA(1,1,1)",0,4.428571428571429,HistoricalMean,0
7,Copper Fungicide,3,Beja,2026-02,0.0,4.875,5.333333333333333,8.0,2.393173084428013,"ARIMA(1,1,1)",0,2.1195146798198228,"ARIMA(1,0,0)",0
7,Copper Fungicide,3,Beja,2026-03,0.0,4.333333333333333,3.3333333333333335,0.0,7.041005956212604,"ARIMA(1,1,1)",0,4.333333333333333,HistoricalMean,0
7,Copper Fungicide,3,Beja,2026-04,0.0,3.9,2.6666666666666665,0.0,4.3433219981220255,"ARIMA(1,1,1)",0,3.9,HistoricalMean,0
7,Copper Fungicide,3,Beja,2026-05,0.0,3.5454545454545454,0.0,0.0,2.0105153573491887,"ARIMA(1,1,1)",0,3.5454545454545454,HistoricalMean,0
7,Copper Fungicide,4,Kairouan,2025-12,4.0,6.666666666666667,10.0,6.0,5.999989782007563,"ARIMA(1,1,1)",2,6.666666666666667,HistoricalMean,0
7,Copper Fungicide,4,Kairouan,2026-01,7.0,6.285714285714286,11.333333333333334,4.0,6.8130996868125955,"ARIMA(1,1,1)",0,6.285714285714286,HistoricalMean,0
7,Copper Fungicide,4,Kairouan,2026-02,3.0,6.375,5.666666666666667,7.0,6.395419768407676,"ARIMA(1,1,1)",1,6.375,HistoricalMean,0
7,Copper Fungicide,4,Kairouan,2026-03,3.0,6.0,4.666666666666667,3.0,6.731135324989349,"ARIMA(1,1,1)",0,6.0,HistoricalMean,0
7,Copper Fungicide,4,Kairouan,2026-04,0.0,5.7,4.333333333333333,3.0,6.2679222650747235,"ARIMA(1,1,1)",0,5.7,HistoricalMean,0
7,Copper Fungicide,4,Kairouan,2026-05,9.0,5.181818181818182,2.0,0.0,5.897961977118271,"ARIMA(1,1,1)",0,5.181818181818182,HistoricalMean,0
7,Copper Fungicide,5,Gabes,2025-12,8.0,3.5,5.0,14.0,14.000018108996441,"ARIMA(1,1,1)",2,3.5,HistoricalMean,0
7,Copper Fungicide,5,Gabes,2026-01,0.0,4.142857142857143,7.333333333333333,8.0,6.951475529120781,"ARIMA(1,1,1)",2,4.142857142857143,HistoricalMean,0
7,Copper Fungicide,5,Gabes,2026-02,0.0,3.625,7.333333333333333,0.0,3.1245965147120494,"ARIMA(1,1,1)",2,3.625,HistoricalMean,0
7,Copper Fungicide,5,Gabes,2026-03,0.0,3.2222222222222223,2.6666666666666665,0.0,2.5498438761069204,"ARIMA(1,1,1)",2,3.2222222222222223,HistoricalMean,0
7,Copper Fungicide,5,Gabes,2026-04,0.0,2.9,0.0,0.0,2.1727291221974836,"ARIMA(1,1,1)",2,2.9,HistoricalMean,0
7,Copper Fungicide,5,Gabes,2026-05,8.0,2.6363636363636362,0.0,0.0,1.9028610477299528,"ARIMA(1,1,1)",2,2.6363636363636362,HistoricalMean,0
8,Drip Irrigation Kit,1,Nabeul,2025-12,4.0,7.666666666666667,13.0,10.0,13.0,Recent3Mean fallback,1,7.666666666666667,HistoricalMean,0
8,Drip Irrigation Kit,1,Nabeul,2026-01,0.0,7.142857142857143,7.0,4.0,7.328835269466806,"ARIMA(1,1,1)",0,7.142857142857143,HistoricalMean,0
8,Drip Irrigation Kit,1,Nabeul,2026-02,11.0,6.25,4.666666666666667,0.0,6.161198776441568,"ARIMA(1,1,1)",0,6.25,HistoricalMean,0
8,Drip Irrigation Kit,1,Nabeul,2026-03,0.0,6.777777777777778,5.0,11.0,6.429741923205676,"ARIMA(1,1,1)",0,6.777777777777778,HistoricalMean,0
8,Drip Irrigation Kit,1,Nabeul,2026-04,10.0,6.1,3.6666666666666665,0.0,7.047976864761242,"ARIMA(1,1,1)",0,6.1,HistoricalMean,0
8,Drip Irrigation Kit,1,Nabeul,2026-05,13.0,6.454545454545454,7.0,10.0,5.709863572087213,"ARIMA(1,1,1)",0,6.454545454545454,HistoricalMean,0
8,Drip Irrigation Kit,2,Sfax,2025-12,0.0,1.5,0.0,0.0,0.0,"ARIMA(1,1,1)",0,1.5,HistoricalMean,0
8,Drip Irrigation Kit,2,Sfax,2026-01,0.0,1.2857142857142858,0.0,0.0,1.7576473940724812e-37,"ARIMA(1,1,1)",0,1.2857142857142858,HistoricalMean,0
8,Drip Irrigation Kit,2,Sfax,2026-02,10.0,1.125,0.0,0.0,0.0,"ARIMA(1,1,1)",0,1.125,HistoricalMean,0
8,Drip Irrigation Kit,2,Sfax,2026-03,10.0,2.111111111111111,3.3333333333333335,10.0,9.999198362384034,"ARIMA(1,1,1)",0,2.111111111111111,HistoricalMean,0
8,Drip Irrigation Kit,2,Sfax,2026-04,4.0,2.9,6.666666666666667,10.0,9.999999994051711,"ARIMA(1,1,1)",0,2.9,HistoricalMean,0
8,Drip Irrigation Kit,2,Sfax,2026-05,8.0,3.0,8.0,4.0,3.8538720950018237,"ARIMA(1,1,1)",0,3.0,HistoricalMean,0
8,Drip Irrigation Kit,3,Beja,2025-12,0.0,2.1666666666666665,1.0,0.0,0.0,"ARIMA(1,1,1)",1,2.1666666666666665,HistoricalMean,0
8,Drip Irrigation Kit,3,Beja,2026-01,2.0,1.8571428571428572,0.0,0.0,0.0,"ARIMA(1,1,1)",0,1.8571428571428572,HistoricalMean,0
8,Drip Irrigation Kit,3,Beja,2026-02,11.0,1.875,0.6666666666666666,2.0,0.9221350799939578,"ARIMA(1,1,1)",0,1.875,HistoricalMean,0
8,Drip Irrigation Kit,3,Beja,2026-03,7.0,2.888888888888889,4.333333333333333,11.0,15.947004756124404,"ARIMA(1,1,1)",0,2.888888888888889,HistoricalMean,0
8,Drip Irrigation Kit,3,Beja,2026-04,8.0,3.3,6.666666666666667,7.0,5.569666878310146,"ARIMA(1,1,1)",0,3.3,HistoricalMean,0
8,Drip Irrigation Kit,3,Beja,2026-05,0.0,3.727272727272727,8.666666666666666,8.0,6.5980528322233365,"ARIMA(1,1,1)",0,3.727272727272727,HistoricalMean,0
8,Drip Irrigation Kit,4,Kairouan,2025-12,5.0,4.833333333333333,6.666666666666667,9.0,8.999981207286195,"ARIMA(1,1,1)",2,4.833333333333333,HistoricalMean,0
8,Drip Irrigation Kit,4,Kairouan,2026-01,5.0,4.857142857142857,8.333333333333334,5.0,4.5653847899983475,"ARIMA(1,1,1)",0,4.857142857142857,HistoricalMean,0
8,Drip Irrigation Kit,4,Kairouan,2026-02,0.0,4.875,6.333333333333333,5.0,5.381111347027723,"ARIMA(1,1,1)",0,4.875,HistoricalMean,0
8,Drip Irrigation Kit,4,Kairouan,2026-03,21.0,4.333333333333333,3.3333333333333335,0.0,0.0,"ARIMA(1,1,1)",0,4.333333333333333,HistoricalMean,0
8,Drip Irrigation Kit,4,Kairouan,2026-04,0.0,6.0,8.666666666666666,21.0,0.8996001452662625,"ARIMA(1,1,1)",1,6.0,HistoricalMean,0
8,Drip Irrigation Kit,4,Kairouan,2026-05,0.0,5.454545454545454,7.0,0.0,8.908728036426421,"ARIMA(1,1,1)",0,5.454545454545454,HistoricalMean,0
8,Drip Irrigation Kit,5,Gabes,2025-12,6.0,3.1666666666666665,3.0,9.0,8.998781125937594,"ARIMA(1,1,1)",0,3.1666666666666665,HistoricalMean,0
8,Drip Irrigation Kit,5,Gabes,2026-01,8.0,3.5714285714285716,5.0,6.0,4.9194297956347866,"ARIMA(1,1,1)",0,3.5714285714285716,HistoricalMean,0
8,Drip Irrigation Kit,5,Gabes,2026-02,18.0,4.125,7.666666666666667,8.0,7.3338659256805885,"ARIMA(1,1,1)",0,4.125,HistoricalMean,0
8,Drip Irrigation Kit,5,Gabes,2026-03,0.0,5.666666666666667,10.666666666666666,18.0,16.91367564589102,"ARIMA(1,1,1)",2,5.666666666666667,HistoricalMean,0
8,Drip Irrigation Kit,5,Gabes,2026-04,2.0,5.1,8.666666666666666,0.0,4.313014812691036,"ARIMA(1,1,1)",0,5.1,HistoricalMean,0
8,Drip Irrigation Kit,5,Gabes,2026-05,23.0,4.818181818181818,6.666666666666667,2.0,4.347976000927545,"ARIMA(1,1,1)",0,4.818181818181818,HistoricalMean,0
9,Water Retention Granules,1,Nabeul,2025-12,8.0,8.333333333333334,14.333333333333334,20.0,20.000021471049173,"ARIMA(1,1,1)",2,8.333333333333334,HistoricalMean,0
9,Water Retention Granules,1,Nabeul,2026-01,6.0,8.285714285714286,12.0,8.0,12.0,Recent3Mean fallback,2,8.285714285714286,HistoricalMean,0
9,Water Retention Granules,1,Nabeul,2026-02,10.0,8.0,11.333333333333334,6.0,11.333333333333334,Recent3Mean fallback,3,8.460703924570765,"ARIMA(1,0,0)",0
9,Water Retention Granules,1,Nabeul,2026-03,0.0,8.222222222222221,8.0,10.0,7.466029834913929,"ARIMA(1,1,1)",0,8.058328620840484,"ARIMA(1,0,0)",0
9,Water Retention Granules,1,Nabeul,2026-04,6.0,7.4,5.333333333333333,0.0,7.025533920165969,"ARIMA(1,1,1)",0,7.4,HistoricalMean,0
9,Water Retention Granules,1,Nabeul,2026-05,5.0,7.2727272727272725,5.333333333333333,6.0,1.5268725098656102,"ARIMA(1,1,1)",0,7.2727272727272725,HistoricalMean,0
9,Water Retention Granules,2,Sfax,2025-12,0.0,8.166666666666666,10.0,3.0,10.0,Recent3Mean fallback,2,8.166666666666666,HistoricalMean,0
9,Water Retention Granules,2,Sfax,2026-01,0.0,7.0,4.0,0.0,4.990116512339371,"ARIMA(1,1,1)",0,7.0,HistoricalMean,0
9,Water Retention Granules,2,Sfax,2026-02,0.0,6.125,1.0,0.0,0.23773305176804202,"ARIMA(1,1,1)",0,6.125,HistoricalMean,0
9,Water Retention Granules,2,Sfax,2026-03,6.0,5.444444444444445,0.0,0.0,0.016971686517610253,"ARIMA(1,1,1)",0,5.444444444444445,HistoricalMean,0
9,Water Retention Granules,2,Sfax,2026-04,0.0,5.5,2.0,6.0,0.7515676978734405,"ARIMA(1,1,1)",0,5.5,HistoricalMean,0
9,Water Retention Granules,2,Sfax,2026-05,0.0,5.0,2.0,0.0,4.84269676067846,"ARIMA(1,1,1)",0,5.0,HistoricalMean,0
9,Water Retention Granules,3,Beja,2025-12,8.0,8.0,6.333333333333333,13.0,6.333333333333333,Recent3Mean fallback,1,8.0,HistoricalMean,0
9,Water Retention Granules,3,Beja,2026-01,0.0,8.0,8.333333333333334,8.0,8.417080171499762,"ARIMA(1,1,1)",2,8.0,HistoricalMean,0
9,Water Retention Granules,3,Beja,2026-02,16.0,7.0,7.0,0.0,9.916962533440072,"ARIMA(1,1,1)",2,7.0,HistoricalMean,0
9,Water Retention Granules,3,Beja,2026-03,0.0,8.0,8.0,16.0,4.74361724592757,"ARIMA(1,1,1)",1,8.0,HistoricalMean,0
9,Water Retention Granules,3,Beja,2026-04,0.0,7.2,5.333333333333333,0.0,11.214486138361368,"ARIMA(1,1,1)",1,7.2,HistoricalMean,0
9,Water Retention Granules,3,Beja,2026-05,0.0,6.545454545454546,5.333333333333333,0.0,9.265385732791668,"ARIMA(1,1,1)",1,6.545454545454546,HistoricalMean,0
9,Water Retention Granules,4,Kairouan,2025-12,0.0,6.333333333333333,9.333333333333334,13.0,9.333333333333334,Recent3Mean fallback,1,6.333333333333333,HistoricalMean,0
9,Water Retention Granules,4,Kairouan,2026-01,0.0,5.428571428571429,7.333333333333333,0.0,4.776156853376401,"ARIMA(1,1,1)",2,5.428571428571429,HistoricalMean,0
9,Water Retention Granules,4,Kairouan,2026-02,0.0,4.75,4.333333333333333,0.0,3.50833318001595,"ARIMA(1,1,1)",2,4.75,HistoricalMean,0
9,Water Retention Granules,4,Kairouan,2026-03,0.0,4.222222222222222,0.0,0.0,2.8192375408991084,"ARIMA(1,1,1)",2,4.222222222222222,HistoricalMean,0
9,Water Retention Granules,4,Kairouan,2026-04,18.0,3.8,0.0,0.0,2.3820499329086084,"ARIMA(1,1,1)",2,3.8,HistoricalMean,0
9,Water Retention Granules,4,Kairouan,2026-05,11.0,5.090909090909091,6.0,18.0,7.998005533572057,"ARIMA(1,1,1)",2,5.090909090909091,HistoricalMean,0
9,Water Retention Granules,5,Gabes,2025-12,4.0,1.6666666666666667,0.0,0.0,0.0,"ARIMA(1,1,1)",0,1.6666666666666667,HistoricalMean,0
9,Water Retention Granules,5,Gabes,2026-01,10.0,2.0,1.3333333333333333,4.0,1.7130016463528115,"ARIMA(1,1,1)",0,2.0,HistoricalMean,0
9,Water Retention Granules,5,Gabes,2026-02,0.0,3.0,4.666666666666667,10.0,3.625631972767634,"ARIMA(1,1,1)",0,3.0,HistoricalMean,0
9,Water Retention Granules,5,Gabes,2026-03,0.0,2.6666666666666665,4.666666666666667,0.0,3.0132688966542043,"ARIMA(1,1,1)",0,2.6666666666666665,HistoricalMean,0
9,Water Retention Granules,5,Gabes,2026-04,3.0,2.4,3.3333333333333335,0.0,2.550333457746165,"ARIMA(1,1,1)",1,2.4,HistoricalMean,0
9,Water Retention Granules,5,Gabes,2026-05,0.0,2.4545454545454546,1.0,3.0,2.4290013486347086,"ARIMA(1,1,1)",1,2.4545454545454546,HistoricalMean,0
10,Soil PH Corrector,1,Nabeul,2025-12,12.0,9.0,6.333333333333333,0.0,7.692928080937577,"ARIMA(1,1,1)",2,9.0,HistoricalMean,0
10,Soil PH Corrector,1,Nabeul,2026-01,11.0,9.428571428571429,8.0,12.0,5.3955205806214375,"ARIMA(1,1,1)",1,9.428571428571429,HistoricalMean,0
10,Soil PH Corrector,1,Nabeul,2026-02,18.0,9.625,7.666666666666667,11.0,9.353511160127084,"ARIMA(1,1,1)",0,9.167884863401172,"ARIMA(1,0,0)",0
10,Soil PH Corrector,1,Nabeul,2026-03,0.0,10.555555555555555,13.666666666666666,18.0,12.497618600106337,"ARIMA(1,1,1)",0,9.02820378473226,"ARIMA(1,0,0)",0
10,Soil PH Corrector,1,Nabeul,2026-04,13.0,9.5,9.666666666666666,0.0,12.755512032962468,"ARIMA(1,1,1)",0,13.609043842753184,"ARIMA(1,0,0)",0
10,Soil PH Corrector,1,Nabeul,2026-05,20.0,9.818181818181818,10.333333333333334,13.0,8.587014443370517,"ARIMA(1,1,1)",0,8.374563386394001,"ARIMA(1,0,0)",0
10,Soil PH Corrector,2,Sfax,2025-12,0.0,4.333333333333333,4.666666666666667,5.0,0.6349208257825598,"ARIMA(1,1,1)",1,4.333333333333333,HistoricalMean,0
10,Soil PH Corrector,2,Sfax,2026-01,5.0,3.7142857142857144,1.6666666666666667,0.0,4.660764413670409,"ARIMA(1,1,1)",0,3.7142857142857144,HistoricalMean,0
10,Soil PH Corrector,2,Sfax,2026-02,10.0,3.875,3.3333333333333335,5.0,0.8772058409115253,"ARIMA(1,1,1)",0,3.875,HistoricalMean,0
10,Soil PH Corrector,2,Sfax,2026-03,0.0,4.555555555555555,5.0,10.0,1.5721625796397714,"ARIMA(1,1,1)",0,4.555555555555555,HistoricalMean,0
10,Soil PH Corrector,2,Sfax,2026-04,0.0,4.1,5.0,0.0,6.586034777636566,"ARIMA(1,1,1)",0,4.1,HistoricalMean,0
10,Soil PH Corrector,2,Sfax,2026-05,0.0,3.727272727272727,3.3333333333333335,0.0,5.16528224203586,"ARIMA(1,1,1)",1,3.727272727272727,HistoricalMean,0
10,Soil PH Corrector,3,Beja,2025-12,12.0,7.833333333333333,3.6666666666666665,0.0,3.6666666666666665,Recent3Mean fallback,2,7.833333333333333,HistoricalMean,0
10,Soil PH Corrector,3,Beja,2026-01,0.0,8.428571428571429,7.333333333333333,12.0,8.167743968016982,"ARIMA(1,1,1)",1,8.428571428571429,HistoricalMean,0
10,Soil PH Corrector,3,Beja,2026-02,0.0,7.375,4.0,0.0,7.23695638135483,"ARIMA(1,1,1)",0,9.473725456923766,"ARIMA(1,0,0)",0
10,Soil PH Corrector,3,Beja,2026-03,0.0,6.555555555555555,4.0,0.0,3.3185550710734693,"ARIMA(1,1,1)",0,6.555555555555555,HistoricalMean,0
10,Soil PH Corrector,3,Beja,2026-04,0.0,5.9,0.0,0.0,1.3276187984773755,"ARIMA(1,1,1)",0,5.9,HistoricalMean,0
10,Soil PH Corrector,3,Beja,2026-05,4.0,5.363636363636363,0.0,0.0,0.5350030509048768,"ARIMA(1,1,1)",0,5.363636363636363,HistoricalMean,0
10,Soil PH Corrector,4,Kairouan,2025-12,10.0,3.3333333333333335,3.6666666666666665,11.0,0.8606030152149575,"ARIMA(1,1,1)",0,3.3333333333333335,HistoricalMean,0
10,Soil PH Corrector,4,Kairouan,2026-01,3.0,4.285714285714286,7.0,10.0,6.054225532507345,"ARIMA(1,1,1)",2,4.285714285714286,HistoricalMean,0
10,Soil PH Corrector,4,Kairouan,2026-02,9.0,4.125,8.0,3.0,3.8843731545329523,"ARIMA(1,1,1)",2,4.125,HistoricalMean,0
10,Soil PH Corrector,4,Kairouan,2026-03,0.0,4.666666666666667,7.333333333333333,9.0,5.804921300517493,"ARIMA(1,1,1)",1,4.666666666666667,HistoricalMean,0
10,Soil PH Corrector,4,Kairouan,2026-04,0.0,4.2,4.0,0.0,4.3596127099423105,"ARIMA(1,1,1)",0,4.2,HistoricalMean,0
10,Soil PH Corrector,4,Kairouan,2026-05,19.0,3.8181818181818183,3.0,0.0,3.519083432248693,"ARIMA(1,1,1)",0,3.8181818181818183,HistoricalMean,0
10,Soil PH Corrector,5,Gabes,2025-12,0.0,10.333333333333334,12.0,11.0,9.726831737560158,"ARIMA(1,1,1)",1,10.333333333333334,HistoricalMean,0
10,Soil PH Corrector,5,Gabes,2026-01,2.0,8.857142857142858,4.333333333333333,0.0,11.879648441744468,"ARIMA(1,1,1)",0,8.857142857142858,HistoricalMean,0
10,Soil PH Corrector,5,Gabes,2026-02,0.0,8.0,4.333333333333333,2.0,2.4444775226075195,"ARIMA(1,1,1)",0,10.882299778598522,"ARIMA(1,0,0)",0
10,Soil PH Corrector,5,Gabes,2026-03,24.0,7.111111111111111,0.6666666666666666,0.0,1.8220432444715506,"ARIMA(1,1,1)",0,9.579399027146533,"ARIMA(1,0,0)",0
10,Soil PH Corrector,5,Gabes,2026-04,2.0,8.8,8.666666666666666,24.0,1.933913573752129,"ARIMA(1,1,1)",0,0.557671238158064,"ARIMA(1,0,0)",0
10,Soil PH Corrector,5,Gabes,2026-05,0.0,8.181818181818182,8.666666666666666,2.0,10.85324652370673,"ARIMA(1,1,1)",0,11.187757657226271,"ARIMA(1,0,0)",0
11,Drought Shield Bio,1,Nabeul,2025-12,14.0,9.0,9.333333333333334,11.0,9.333333333333334,Recent3Mean fallback,2,9.0,HistoricalMean,0
11,Drought Shield Bio,1,Nabeul,2026-01,11.0,9.714285714285714,11.333333333333334,14.0,9.871907350008899,"ARIMA(1,1,1)",1,9.714285714285714,HistoricalMean,0
11,Drought Shield Bio,1,Nabeul,2026-02,0.0,9.875,12.0,11.0,12.956198488450601,"ARIMA(1,1,1)",0,9.197895468200661,"ARIMA(1,0,0)",0
11,Drought Shield Bio,1,Nabeul,2026-03,12.0,8.777777777777779,8.333333333333334,0.0,12.165081267615925,"ARIMA(1,1,1)",2,13.140880642821347,"ARIMA(1,0,0)",0
11,Drought Shield Bio,1,Nabeul,2026-04,0.0,9.1,7.666666666666667,12.0,7.762064641741103,"ARIMA(1,1,1)",1,7.528474167116773,"ARIMA(1,0,0)",0
11,Drought Shield Bio,1,Nabeul,2026-05,12.0,8.272727272727273,4.0,0.0,9.825259139066368,"ARIMA(1,1,1)",0,8.272727272727273,HistoricalMean,0
11,Drought Shield Bio,2,Sfax,2025-12,0.0,1.0,2.0,0.0,5.0111564807279844e-12,"ARIMA(1,1,1)",1,1.0,HistoricalMean,0
11,Drought Shield Bio,2,Sfax,2026-01,0.0,0.8571428571428571,0.0,0.0,0.9133126405727265,"ARIMA(1,1,1)",1,0.8571428571428571,HistoricalMean,0
11,Drought Shield Bio,2,Sfax,2026-02,12.0,0.75,0.0,0.0,0.7855516310122683,"ARIMA(1,1,1)",0,0.75,HistoricalMean,0
11,Drought Shield Bio,2,Sfax,2026-03,0.0,2.0,4.0,12.0,3.0140750888376147,"ARIMA(1,1,1)",0,2.0,HistoricalMean,0
11,Drought Shield Bio,2,Sfax,2026-04,0.0,1.8,4.0,0.0,2.1248184036382662,"ARIMA(1,1,1)",0,1.8,HistoricalMean,0
11,Drought Shield Bio,2,Sfax,2026-05,8.0,1.6363636363636365,4.0,0.0,1.8849459225006953,"ARIMA(1,1,1)",0,1.6363636363636365,HistoricalMean,0
11,Drought Shield Bio,3,Beja,2025-12,11.0,10.0,10.333333333333334,17.0,17.000008534712595,"ARIMA(1,1,1)",2,10.0,HistoricalMean,0
11,Drought Shield Bio,3,Beja,2026-01,0.0,10.142857142857142,9.333333333333334,11.0,10.181050918106635,"ARIMA(1,1,1)",1,10.142857142857142,HistoricalMean,0
11,Drought Shield Bio,3,Beja,2026-02,5.0,8.875,9.333333333333334,0.0,12.082949967060179,"ARIMA(1,1,1)",1,13.504418590724029,"ARIMA(1,0,0)",0
11,Drought Shield Bio,3,Beja,2026-03,1.0,8.444444444444445,5.333333333333333,5.0,8.768621300698975,"ARIMA(1,1,1)",1,9.24889600038836,"ARIMA(1,0,0)",0
11,Drought Shield Bio,3,Beja,2026-04,0.0,7.7,2.0,1.0,6.25866982667104,"ARIMA(1,1,1)",1,8.366238704025914,"ARIMA(1,0,0)",0
11,Drought Shield Bio,3,Beja,2026-05,3.0,7.0,2.0,0.0,3.029799513534654,"ARIMA(1,1,1)",0,7.0,HistoricalMean,0
11,Drought Shield Bio,4,Kairouan,2025-12,14.0,3.0,4.333333333333333,10.0,10.000046107113644,"ARIMA(1,1,1)",2,3.0,HistoricalMean,0
11,Drought Shield Bio,4,Kairouan,2026-01,24.0,4.571428571428571,8.0,14.0,8.0,Recent3Mean fallback,3,4.571428571428571,HistoricalMean,0
11,Drought Shield Bio,4,Kairouan,2026-02,0.0,7.0,16.0,24.0,26.79277275626933,"ARIMA(1,1,1)",2,7.0,HistoricalMean,0
11,Drought Shield Bio,4,Kairouan,2026-03,4.0,6.222222222222222,12.666666666666666,0.0,7.572111655511945,"ARIMA(1,1,1)",1,6.222222222222222,HistoricalMean,0
11,Drought Shield Bio,4,Kairouan,2026-04,0.0,6.0,9.333333333333334,4.0,9.333333333333334,Recent3Mean fallback,1,6.0,HistoricalMean,0
11,Drought Shield Bio,4,Kairouan,2026-05,0.0,5.454545454545454,1.3333333333333333,0.0,1.3333333333333333,Recent3Mean fallback,1,5.454545454545454,HistoricalMean,0
11,Drought Shield Bio,5,Gabes,2025-12,0.0,3.3333333333333335,4.0,0.0,4.0,Recent3Mean fallback,2,3.3333333333333335,HistoricalMean,0
11,Drought Shield Bio,5,Gabes,2026-01,0.0,2.857142857142857,0.0,0.0,1.4602168403687488,"ARIMA(1,1,1)",2,2.857142857142857,HistoricalMean,0
11,Drought Shield Bio,5,Gabes,2026-02,9.0,2.5,0.0,0.0,1.252289505562565,"ARIMA(1,1,1)",0,2.5,HistoricalMean,0
11,Drought Shield Bio,5,Gabes,2026-03,0.0,3.2222222222222223,3.0,9.0,4.936517374150075,"ARIMA(1,1,1)",0,3.2222222222222223,HistoricalMean,0
11,Drought Shield Bio,5,Gabes,2026-04,0.0,2.9,3.0,0.0,2.4514070322385466,"ARIMA(1,1,1)",1,2.9,HistoricalMean,0
11,Drought Shield Bio,5,Gabes,2026-05,0.0,2.6363636363636362,3.0,0.0,2.133241422003117,"ARIMA(1,1,1)",1,2.6363636363636362,HistoricalMean,0
12,Humidity Control Spray,1,Nabeul,2025-12,0.0,10.666666666666666,7.666666666666667,6.0,9.502430978542797,"ARIMA(1,1,1)",0,10.666666666666666,HistoricalMean,0
12,Humidity Control Spray,1,Nabeul,2026-01,5.0,9.142857142857142,5.666666666666667,0.0,3.548509193456957,"ARIMA(1,1,1)",1,9.142857142857142,HistoricalMean,0
12,Humidity Control Spray,1,Nabeul,2026-02,11.0,8.625,3.6666666666666665,5.0,2.5735385886293303,"ARIMA(1,1,1)",0,7.819207292130942,"ARIMA(1,0,0)",0
12,Humidity Control Spray,1,Nabeul,2026-03,14.0,8.88888888888889,5.333333333333333,11.0,8.212757880025823,"ARIMA(1,1,1)",0,9.35690707131788,"ARIMA(1,0,0)",0
12,Humidity Control Spray,1,Nabeul,2026-04,4.0,9.4,10.0,14.0,11.296159623770468,"ARIMA(1,1,1)",0,10.572412571174457,"ARIMA(1,0,0)",0
12,Humidity Control Spray,1,Nabeul,2026-05,32.0,8.909090909090908,9.666666666666666,4.0,7.837113683868079,"ARIMA(1,1,1)",0,8.414565065406384,"ARIMA(1,0,0)",0
12,Humidity Control Spray,2,Sfax,2025-12,10.0,4.166666666666667,3.0,4.0,7.975654731519418,"ARIMA(1,1,1)",1,4.166666666666667,HistoricalMean,0
12,Humidity Control Spray,2,Sfax,2026-01,0.0,5.0,4.666666666666667,10.0,5.85428908085353,"ARIMA(1,1,1)",0,5.0,HistoricalMean,0
12,Humidity Control Spray,2,Sfax,2026-02,0.0,4.375,4.666666666666667,0.0,5.494114607402594,"ARIMA(1,1,1)",1,4.375,HistoricalMean,0
12,Humidity Control Spray,2,Sfax,2026-03,4.0,3.888888888888889,3.3333333333333335,0.0,3.5175701255707925,"ARIMA(1,1,1)",1,3.888888888888889,HistoricalMean,0
12,Humidity Control Spray,2,Sfax,2026-04,0.0,3.9,1.3333333333333333,4.0,3.8866706056396914,"ARIMA(1,1,1)",1,3.9,HistoricalMean,0
12,Humidity Control Spray,2,Sfax,2026-05,0.0,3.5454545454545454,1.3333333333333333,0.0,3.3133755082572165,"ARIMA(1,1,1)",0,3.5454545454545454,HistoricalMean,0
12,Humidity Control Spray,3,Beja,2025-12,0.0,9.333333333333334,15.666666666666666,19.0,5.772281461453737,"ARIMA(1,1,1)",0,9.333333333333334,HistoricalMean,0
12,Humidity Control Spray,3,Beja,2026-01,15.0,8.0,7.666666666666667,0.0,16.89664395846931,"ARIMA(1,1,1)",0,8.0,HistoricalMean,0
12,Humidity Control Spray,3,Beja,2026-02,15.0,8.875,11.333333333333334,15.0,0.0,"ARIMA(1,1,1)",0,8.875,HistoricalMean,0
12,Humidity Control Spray,3,Beja,2026-03,0.0,9.555555555555555,10.0,15.0,13.459239834463641,"ARIMA(1,1,1)",0,9.555555555555555,HistoricalMean,0
12,Humidity Control Spray,3,Beja,2026-04,10.0,8.6,10.0,0.0,14.917732432622106,"ARIMA(1,1,1)",0,8.6,HistoricalMean,0
12,Humidity Control Spray,3,Beja,2026-05,0.0,8.727272727272727,8.333333333333334,10.0,8.426247207509057,"ARIMA(1,1,1)",0,8.727272727272727,HistoricalMean,0
12,Humidity Control Spray,4,Kairouan,2025-12,4.0,3.0,4.333333333333333,1.0,4.333333333333333,Recent3Mean fallback,2,3.0,HistoricalMean,0
12,Humidity Control Spray,4,Kairouan,2026-01,6.0,3.142857142857143,1.6666666666666667,4.0,2.7971586724645974,"ARIMA(1,1,1)",1,3.142857142857143,HistoricalMean,0
12,Humidity Control Spray,4,Kairouan,2026-02,0.0,3.5,3.6666666666666665,6.0,2.7412747275821183,"ARIMA(1,1,1)",1,3.5,HistoricalMean,0
12,Humidity Control Spray,4,Kairouan,2026-03,1.0,3.111111111111111,3.3333333333333335,0.0,4.14133547417841,"ARIMA(1,1,1)",1,3.111111111111111,HistoricalMean,0
12,Humidity Control Spray,4,Kairouan,2026-04,8.0,2.9,2.3333333333333335,1.0,3.3790133849989767,"ARIMA(1,1,1)",1,2.9,HistoricalMean,0
12,Humidity Control Spray,4,Kairouan,2026-05,11.0,3.3636363636363638,3.0,8.0,1.7589444877671925,"ARIMA(1,1,1)",1,3.3636363636363638,HistoricalMean,0
12,Humidity Control Spray,5,Gabes,2025-12,0.0,7.833333333333333,10.333333333333334,4.0,7.594561457576928,"ARIMA(1,1,1)",1,7.833333333333333,HistoricalMean,0
12,Humidity Control Spray,5,Gabes,2026-01,12.0,6.714285714285714,1.3333333333333333,0.0,5.763690198135262,"ARIMA(1,1,1)",0,6.714285714285714,HistoricalMean,0
12,Humidity Control Spray,5,Gabes,2026-02,11.0,7.375,5.333333333333333,12.0,7.39771003291323,"ARIMA(1,1,1)",0,7.375,HistoricalMean,0
12,Humidity Control Spray,5,Gabes,2026-03,4.0,7.777777777777778,7.666666666666667,11.0,7.826034703917845,"ARIMA(1,1,1)",0,7.777777777777778,HistoricalMean,0
12,Humidity Control Spray,5,Gabes,2026-04,12.0,7.4,9.0,4.0,7.444415908492902,"ARIMA(1,1,1)",0,7.4,HistoricalMean,0
12,Humidity Control Spray,5,Gabes,2026-05,0.0,7.818181818181818,9.0,12.0,7.623078850092976,"ARIMA(1,1,1)",0,7.818181818181818,HistoricalMean,0
13,Potassium Booster,1,Nabeul,2025-12,14.0,5.666666666666667,0.0,0.0,0.0,"ARIMA(1,1,1)",0,5.666666666666667,HistoricalMean,0
13,Potassium Booster,1,Nabeul,2026-01,11.0,6.857142857142857,4.666666666666667,14.0,6.418518549695984,"ARIMA(1,1,1)",0,6.857142857142857,HistoricalMean,0
13,Potassium Booster,1,Nabeul,2026-02,0.0,7.375,8.333333333333334,11.0,7.291236967319847,"ARIMA(1,1,1)",0,7.375,HistoricalMean,0
13,Potassium Booster,1,Nabeul,2026-03,0.0,6.555555555555555,8.333333333333334,0.0,7.082571357925963,"ARIMA(1,1,1)",0,6.555555555555555,HistoricalMean,0
13,Potassium Booster,1,Nabeul,2026-04,18.0,5.9,3.6666666666666665,0.0,5.893964568177576,"ARIMA(1,1,1)",1,5.9,HistoricalMean,0
13,Potassium Booster,1,Nabeul,2026-05,26.0,7.0,6.0,18.0,5.848064719868589,"ARIMA(1,1,1)",1,7.0,HistoricalMean,0
13,Potassium Booster,2,Sfax,2025-12,11.0,7.666666666666667,11.333333333333334,0.0,11.333333333333334,Recent3Mean fallback,3,7.666666666666667,HistoricalMean,0
13,Potassium Booster,2,Sfax,2026-01,0.0,8.142857142857142,11.0,11.0,8.173131964337268,"ARIMA(1,1,1)",0,8.142857142857142,HistoricalMean,0
13,Potassium Booster,2,Sfax,2026-02,9.0,7.125,3.6666666666666665,0.0,9.141950519272221,"ARIMA(1,1,1)",0,7.125,HistoricalMean,0
13,Potassium Booster,2,Sfax,2026-03,0.0,7.333333333333333,6.666666666666667,9.0,0.5944486136428715,"ARIMA(1,1,1)",0,7.333333333333333,HistoricalMean,0
13,Potassium Booster,2,Sfax,2026-04,0.0,6.6,3.0,0.0,8.244097183074958,"ARIMA(1,1,1)",0,6.6,HistoricalMean,0
13,Potassium Booster,2,Sfax,2026-05,0.0,6.0,3.0,0.0,0.0,"ARIMA(1,1,1)",0,6.0,HistoricalMean,0
13,Potassium Booster,3,Beja,2025-12,0.0,6.833333333333333,6.333333333333333,0.0,10.637035809106422,"ARIMA(1,1,1)",1,6.833333333333333,HistoricalMean,0
13,Potassium Booster,3,Beja,2026-01,0.0,5.857142857142857,2.3333333333333335,0.0,2.0302418840010823,"ARIMA(1,1,1)",0,5.857142857142857,HistoricalMean,0
13,Potassium Booster,3,Beja,2026-02,8.0,5.125,0.0,0.0,0.3443966239341474,"ARIMA(1,1,1)",0,5.125,HistoricalMean,0
13,Potassium Booster,3,Beja,2026-03,16.0,5.444444444444445,2.6666666666666665,8.0,0.0,"ARIMA(1,1,1)",0,5.444444444444445,HistoricalMean,0
13,Potassium Booster,3,Beja,2026-04,0.0,6.5,8.0,16.0,9.147734610711147,"ARIMA(1,1,1)",0,6.5,HistoricalMean,0
13,Potassium Booster,3,Beja,2026-05,0.0,5.909090909090909,8.0,0.0,7.919635984212471,"ARIMA(1,1,1)",0,5.909090909090909,HistoricalMean,0
13,Potassium Booster,4,Kairouan,2025-12,5.0,4.166666666666667,2.0,0.0,2.0,Recent3Mean fallback,2,4.166666666666667,HistoricalMean,0
13,Potassium Booster,4,Kairouan,2026-01,4.0,4.285714285714286,1.6666666666666667,5.0,9.20132731730778,"ARIMA(1,1,1)",1,4.285714285714286,HistoricalMean,0
13,Potassium Booster,4,Kairouan,2026-02,11.0,4.25,3.0,4.0,0.48004731521857424,"ARIMA(1,1,1)",1,4.25,HistoricalMean,0
13,Potassium Booster,4,Kairouan,2026-03,4.0,5.0,6.666666666666667,11.0,14.284301921027367,"ARIMA(1,1,1)",2,5.0,HistoricalMean,0
13,Potassium Booster,4,Kairouan,2026-04,5.0,4.9,6.333333333333333,4.0,4.533417096252009,"ARIMA(1,1,1)",2,4.9,HistoricalMean,0
13,Potassium Booster,4,Kairouan,2026-05,6.0,4.909090909090909,6.666666666666667,5.0,4.831644710421231,"ARIMA(1,1,1)",1,4.909090909090909,HistoricalMean,0
13,Potassium Booster,5,Gabes,2025-12,6.0,7.5,2.3333333333333335,0.0,2.1979514415214414,"ARIMA(1,1,1)",2,7.5,HistoricalMean,0
13,Potassium Booster,5,Gabes,2026-01,0.0,7.285714285714286,4.333333333333333,6.0,6.865029070160865,"ARIMA(1,1,1)",1,7.285714285714286,HistoricalMean,0
13,Potassium Booster,5,Gabes,2026-02,3.0,6.375,2.0,0.0,2.030481002985628,"ARIMA(1,1,1)",1,6.375,HistoricalMean,0
13,Potassium Booster,5,Gabes,2026-03,10.0,6.0,3.0,3.0,2.7326354148094643,"ARIMA(1,1,1)",0,6.0,HistoricalMean,0
13,Potassium Booster,5,Gabes,2026-04,10.0,6.4,4.333333333333333,10.0,8.176687760904938,"ARIMA(1,1,1)",0,6.4,HistoricalMean,0
13,Potassium Booster,5,Gabes,2026-05,6.0,6.7272727272727275,7.666666666666667,10.0,8.36279525461636,"ARIMA(1,1,1)",0,6.7272727272727275,HistoricalMean,0
14,Nitrogen Booster,1,Nabeul,2025-12,0.0,7.0,6.666666666666667,0.0,0.0,"ARIMA(1,1,1)",2,7.0,HistoricalMean,0
14,Nitrogen Booster,1,Nabeul,2026-01,2.0,6.0,3.0,0.0,0.09777076829850774,"ARIMA(1,1,1)",2,6.0,HistoricalMean,0
14,Nitrogen Booster,1,Nabeul,2026-02,0.0,5.5,0.6666666666666666,2.0,2.4886517245305138,"ARIMA(1,1,1)",2,5.5,HistoricalMean,0
14,Nitrogen Booster,1,Nabeul,2026-03,20.0,4.888888888888889,0.6666666666666666,0.0,0.0,"ARIMA(1,1,1)",2,4.888888888888889,HistoricalMean,0
14,Nitrogen Booster,1,Nabeul,2026-04,0.0,6.4,7.333333333333333,20.0,20.53670157014245,"ARIMA(1,1,1)",2,6.4,HistoricalMean,0
14,Nitrogen Booster,1,Nabeul,2026-05,8.0,5.818181818181818,6.666666666666667,0.0,5.673986505361068,"ARIMA(1,1,1)",1,5.818181818181818,HistoricalMean,0
14,Nitrogen Booster,2,Sfax,2025-12,0.0,4.5,0.0,0.0,0.0,Recent3Mean fallback,1,4.5,HistoricalMean,0
14,Nitrogen Booster,2,Sfax,2026-01,0.0,3.857142857142857,0.0,0.0,0.0,Recent3Mean fallback,1,3.857142857142857,HistoricalMean,0
14,Nitrogen Booster,2,Sfax,2026-02,11.0,3.375,0.0,0.0,0.0,Recent3Mean fallback,1,3.375,HistoricalMean,0
14,Nitrogen Booster,2,Sfax,2026-03,0.0,4.222222222222222,3.6666666666666665,11.0,14.619649479325927,"ARIMA(1,1,1)",0,4.222222222222222,HistoricalMean,0
14,Nitrogen Booster,2,Sfax,2026-04,0.0,3.8,3.6666666666666665,0.0,4.021547873567548,"ARIMA(1,1,1)",1,3.8,HistoricalMean,0
14,Nitrogen Booster,2,Sfax,2026-05,2.0,3.4545454545454546,3.6666666666666665,0.0,1.6517412570218384,"ARIMA(1,1,1)",0,3.4545454545454546,HistoricalMean,0
14,Nitrogen Booster,3,Beja,2025-12,25.0,5.833333333333333,7.333333333333333,2.0,1.9999963157269653,"ARIMA(1,1,1)",2,5.833333333333333,HistoricalMean,0
14,Nitrogen Booster,3,Beja,2026-01,0.0,8.571428571428571,13.0,25.0,0.2431973265867029,"ARIMA(1,1,1)",1,8.571428571428571,HistoricalMean,0
14,Nitrogen Booster,3,Beja,2026-02,14.0,7.5,9.0,0.0,20.558008279003566,"ARIMA(1,1,1)",1,7.5,HistoricalMean,0
14,Nitrogen Booster,3,Beja,2026-03,8.0,8.222222222222221,13.0,14.0,6.177295958041732,"ARIMA(1,1,1)",0,8.222222222222221,HistoricalMean,0
14,Nitrogen Booster,3,Beja,2026-04,0.0,8.2,7.333333333333333,8.0,11.1249319068054,"ARIMA(1,1,1)",0,8.2,HistoricalMean,0
14,Nitrogen Booster,3,Beja,2026-05,0.0,7.454545454545454,7.333333333333333,0.0,13.00210618642273,"ARIMA(1,1,1)",0,7.454545454545454,HistoricalMean,0
14,Nitrogen Booster,4,Kairouan,2025-12,0.0,1.8333333333333333,3.0,6.0,5.856594218898356,"ARIMA(1,1,1)",2,1.8333333333333333,HistoricalMean,0
14,Nitrogen Booster,4,Kairouan,2026-01,1.0,1.5714285714285714,3.0,0.0,1.3534516083986672,"ARIMA(1,1,1)",2,1.5714285714285714,HistoricalMean,0
14,Nitrogen Booster,4,Kairouan,2026-02,0.0,1.5,2.3333333333333335,1.0,1.4171231838028833,"ARIMA(1,1,1)",0,1.5,HistoricalMean,0
14,Nitrogen Booster,4,Kairouan,2026-03,13.0,1.3333333333333333,0.3333333333333333,0.0,1.1151222061036163,"ARIMA(1,1,1)",0,1.3333333333333333,HistoricalMean,0
14,Nitrogen Booster,4,Kairouan,2026-04,8.0,2.5,4.666666666666667,13.0,2.901241143791742,"ARIMA(1,1,1)",1,2.5,HistoricalMean,0
14,Nitrogen Booster,4,Kairouan,2026-05,2.0,3.0,7.0,8.0,6.3910424034436275,"ARIMA(1,1,1)",1,3.0,HistoricalMean,0
14,Nitrogen Booster,5,Gabes,2025-12,0.0,3.1666666666666665,4.0,12.0,12.000009532436003,"ARIMA(1,1,1)",2,3.1666666666666665,HistoricalMean,0
14,Nitrogen Booster,5,Gabes,2026-01,2.0,2.7142857142857144,4.0,0.0,3.820004724078397,"ARIMA(1,1,1)",0,2.7142857142857144,HistoricalMean,0
14,Nitrogen Booster,5,Gabes,2026-02,0.0,2.625,4.666666666666667,2.0,2.9209543420965054,"ARIMA(1,1,1)",1,2.625,HistoricalMean,0
14,Nitrogen Booster,5,Gabes,2026-03,10.0,2.3333333333333335,0.6666666666666666,0.0,3.0963312136287886,"ARIMA(1,1,1)",1,2.3333333333333335,HistoricalMean,0
14,Nitrogen Booster,5,Gabes,2026-04,0.0,3.1,4.0,10.0,0.33498601882475754,"ARIMA(1,1,1)",1,3.1,HistoricalMean,0
14,Nitrogen Booster,5,Gabes,2026-05,0.0,2.8181818181818183,3.3333333333333335,0.0,4.162912733196602,"ARIMA(1,1,1)",1,2.8181818181818183,HistoricalMean,0
15,Citrus Growth Formula,1,Nabeul,2025-12,17.0,7.166666666666667,8.0,1.0,8.0,Recent3Mean fallback,2,7.166666666666667,HistoricalMean,0
15,Citrus Growth Formula,1,Nabeul,2026-01,9.0,8.571428571428571,8.666666666666666,17.0,4.523033067803372,"ARIMA(1,1,1)",0,8.571428571428571,HistoricalMean,0
15,Citrus Growth Formula,1,Nabeul,2026-02,0.0,8.625,9.0,9.0,8.51080795066309,"ARIMA(1,1,1)",1,8.470679617614069,"ARIMA(1,0,0)",0
15,Citrus Growth Formula,1,Nabeul,2026-03,0.0,7.666666666666667,8.666666666666666,0.0,9.658045589956522,"ARIMA(1,1,1)",1,10.489286988058607,"ARIMA(1,0,0)",0
15,Citrus Growth Formula,1,Nabeul,2026-04,14.0,6.9,3.0,0.0,6.535367907961585,"ARIMA(1,1,1)",1,7.370552059167139,"ARIMA(1,0,0)",0
15,Citrus Growth Formula,1,Nabeul,2026-05,21.0,7.545454545454546,4.666666666666667,14.0,6.762970139468114,"ARIMA(1,1,1)",1,6.150142355119716,"ARIMA(1,0,0)",0
15,Citrus Growth Formula,2,Sfax,2025-12,7.0,5.5,7.333333333333333,12.0,10.29530320113247,"ARIMA(1,1,1)",1,5.5,HistoricalMean,0
15,Citrus Growth Formula,2,Sfax,2026-01,0.0,5.714285714285714,9.666666666666666,7.0,7.573390148351498,"ARIMA(1,1,1)",0,5.714285714285714,HistoricalMean,0
15,Citrus Growth Formula,2,Sfax,2026-02,0.0,5.0,6.333333333333333,0.0,3.1318569635041102,"ARIMA(1,1,1)",0,5.0,HistoricalMean,0
15,Citrus Growth Formula,2,Sfax,2026-03,0.0,4.444444444444445,2.3333333333333335,0.0,2.16076150140474,"ARIMA(1,1,1)",0,4.444444444444445,HistoricalMean,0
15,Citrus Growth Formula,2,Sfax,2026-04,0.0,4.0,0.0,0.0,1.7074375829388977,"ARIMA(1,1,1)",0,4.0,HistoricalMean,0
15,Citrus Growth Formula,2,Sfax,2026-05,2.0,3.6363636363636362,0.0,0.0,1.4355655868217696,"ARIMA(1,1,1)",0,3.6363636363636362,HistoricalMean,0
15,Citrus Growth Formula,3,Beja,2025-12,7.0,2.0,1.3333333333333333,4.0,6.870350451299949,"ARIMA(1,1,1)",0,2.0,HistoricalMean,0
15,Citrus Growth Formula,3,Beja,2026-01,0.0,2.7142857142857144,3.6666666666666665,7.0,7.257751883916825,"ARIMA(1,1,1)",2,2.7142857142857144,HistoricalMean,0
15,Citrus Growth Formula,3,Beja,2026-02,0.0,2.375,3.6666666666666665,0.0,1.8920662642980728,"ARIMA(1,1,1)",0,2.375,HistoricalMean,0
15,Citrus Growth Formula,3,Beja,2026-03,6.0,2.111111111111111,2.3333333333333335,0.0,1.5653024833174523,"ARIMA(1,1,1)",0,2.111111111111111,HistoricalMean,0
15,Citrus Growth Formula,3,Beja,2026-04,5.0,2.5,2.0,6.0,3.1541458721211333,"ARIMA(1,1,1)",0,2.5,HistoricalMean,0
15,Citrus Growth Formula,3,Beja,2026-05,12.0,2.727272727272727,3.6666666666666665,5.0,3.446536251235509,"ARIMA(1,1,1)",0,2.727272727272727,HistoricalMean,0
15,Citrus Growth Formula,4,Kairouan,2025-12,0.0,6.333333333333333,9.0,13.0,3.232819374442336,"ARIMA(1,1,1)",1,6.333333333333333,HistoricalMean,0
15,Citrus Growth Formula,4,Kairouan,2026-01,0.0,5.428571428571429,5.333333333333333,0.0,5.333333333333333,Recent3Mean fallback,2,5.428571428571429,HistoricalMean,0
15,Citrus Growth Formula,4,Kairouan,2026-02,10.0,4.75,4.333333333333333,0.0,8.12399701625322,"ARIMA(1,1,1)",2,4.75,HistoricalMean,0
15,Citrus Growth Formula,4,Kairouan,2026-03,8.0,5.333333333333333,3.3333333333333335,10.0,2.5380177468259797,"ARIMA(1,1,1)",0,5.333333333333333,HistoricalMean,0
15,Citrus Growth Formula,4,Kairouan,2026-04,0.0,5.6,6.0,8.0,4.521723079174521,"ARIMA(1,1,1)",0,5.6,HistoricalMean,0
15,Citrus Growth Formula,4,Kairouan,2026-05,0.0,5.090909090909091,6.0,0.0,8.469009304315964,"ARIMA(1,1,1)",1,5.090909090909091,HistoricalMean,0
15,Citrus Growth Formula,5,Gabes,2025-12,9.0,8.333333333333334,11.0,7.0,11.0,Recent3Mean fallback,2,8.333333333333334,HistoricalMean,0
15,Citrus Growth Formula,5,Gabes,2026-01,0.0,8.428571428571429,7.0,9.0,8.418276026747437,"ARIMA(1,1,1)",1,8.428571428571429,HistoricalMean,0
15,Citrus Growth Formula,5,Gabes,2026-02,4.0,7.375,5.333333333333333,0.0,7.840573647923185,"ARIMA(1,1,1)",0,9.05243212789752,"ARIMA(1,0,0)",0
15,Citrus Growth Formula,5,Gabes,2026-03,0.0,7.0,4.333333333333333,4.0,6.8187545972103685,"ARIMA(1,1,1)",0,7.2130669837985,"ARIMA(1,0,0)",0
15,Citrus Growth Formula,5,Gabes,2026-04,0.0,6.3,1.3333333333333333,0.0,3.520689119507977,"ARIMA(1,1,1)",0,6.183807795637285,"ARIMA(1,0,0)",0
15,Citrus Growth Formula,5,Gabes,2026-05,4.0,5.7272727272727275,1.3333333333333333,0.0,1.3300507282338068,"ARIMA(1,1,1)",0,5.7272727272727275,HistoricalMean,0
16,Vegetable Root Stimulator,1,Nabeul,2025-12,0.0,2.3333333333333335,0.3333333333333333,0.0,4.80299558521511e-13,"ARIMA(1,1,1)",2,2.3333333333333335,HistoricalMean,0
16,Vegetable Root Stimulator,1,Nabeul,2026-01,7.0,2.0,0.0,0.0,0.25295664727990996,"ARIMA(1,1,1)",0,2.0,HistoricalMean,0
16,Vegetable Root Stimulator,1,Nabeul,2026-02,7.0,2.625,2.3333333333333335,7.0,2.3333333333333335,Recent3Mean fallback,2,2.625,HistoricalMean,0
16,Vegetable Root Stimulator,1,Nabeul,2026-03,17.0,3.111111111111111,4.666666666666667,7.0,4.666666666666667,Recent3Mean fallback,3,3.111111111111111,HistoricalMean,0
16,Vegetable Root Stimulator,1,Nabeul,2026-04,0.0,4.5,10.333333333333334,17.0,10.333333333333334,Recent3Mean fallback,1,4.5,HistoricalMean,0
16,Vegetable Root Stimulator,1,Nabeul,2026-05,11.0,4.090909090909091,8.0,0.0,11.091408640268112,"ARIMA(1,1,1)",1,4.090909090909091,HistoricalMean,0
16,Vegetable Root Stimulator,2,Sfax,2025-12,0.0,2.8333333333333335,3.6666666666666665,11.0,11.000011351074619,"ARIMA(1,1,1)",2,2.8333333333333335,HistoricalMean,0
16,Vegetable Root Stimulator,2,Sfax,2026-01,2.0,2.4285714285714284,3.6666666666666665,0.0,3.0849502659985584,"ARIMA(1,1,1)",1,2.4285714285714284,HistoricalMean,0
16,Vegetable Root Stimulator,2,Sfax,2026-02,17.0,2.375,4.333333333333333,2.0,2.427616097417791,"ARIMA(1,1,1)",0,2.375,HistoricalMean,0
16,Vegetable Root Stimulator,2,Sfax,2026-03,6.0,4.0,6.333333333333333,17.0,3.9821381597861993,"ARIMA(1,1,1)",0,4.0,HistoricalMean,0
16,Vegetable Root Stimulator,2,Sfax,2026-04,9.0,4.2,8.333333333333334,6.0,7.6909949273111495,"ARIMA(1,1,1)",0,4.2,HistoricalMean,0
16,Vegetable Root Stimulator,2,Sfax,2026-05,0.0,4.636363636363637,10.666666666666666,9.0,7.711579759971929,"ARIMA(1,1,1)",0,4.636363636363637,HistoricalMean,0
16,Vegetable Root Stimulator,3,Beja,2025-12,9.0,6.333333333333333,8.333333333333334,14.0,8.333333333333334,Recent3Mean fallback,2,6.333333333333333,HistoricalMean,0
16,Vegetable Root Stimulator,3,Beja,2026-01,0.0,6.714285714285714,7.666666666666667,9.0,7.666666666666667,Recent3Mean fallback,2,6.714285714285714,HistoricalMean,0
16,Vegetable Root Stimulator,3,Beja,2026-02,0.0,5.875,7.666666666666667,0.0,11.194561987811227,"ARIMA(1,1,1)",1,5.875,HistoricalMean,0
16,Vegetable Root Stimulator,3,Beja,2026-03,3.0,5.222222222222222,3.0,0.0,7.770059241204738,"ARIMA(1,1,1)",0,5.222222222222222,HistoricalMean,0
16,Vegetable Root Stimulator,3,Beja,2026-04,7.0,5.0,1.0,3.0,5.82740618718764,"ARIMA(1,1,1)",0,5.0,HistoricalMean,0
16,Vegetable Root Stimulator,3,Beja,2026-05,9.0,5.181818181818182,3.3333333333333335,7.0,4.699090178323537,"ARIMA(1,1,1)",0,5.181818181818182,HistoricalMean,0
16,Vegetable Root Stimulator,4,Kairouan,2025-12,6.0,8.666666666666666,2.3333333333333335,0.0,0.0,"ARIMA(1,1,1)",1,8.666666666666666,HistoricalMean,0
16,Vegetable Root Stimulator,4,Kairouan,2026-01,12.0,8.285714285714286,2.0,6.0,3.410362037700116,"ARIMA(1,1,1)",0,8.285714285714286,HistoricalMean,0
16,Vegetable Root Stimulator,4,Kairouan,2026-02,23.0,8.75,6.0,12.0,10.3445973982328,"ARIMA(1,1,1)",0,9.92091716971976,"ARIMA(1,0,0)",0
16,Vegetable Root Stimulator,4,Kairouan,2026-03,0.0,10.333333333333334,13.666666666666666,23.0,20.052521887806574,"ARIMA(1,1,1)",0,15.140066624154446,"ARIMA(1,0,0)",0
16,Vegetable Root Stimulator,4,Kairouan,2026-04,9.0,9.3,11.666666666666666,0.0,12.018216870701973,"ARIMA(1,1,1)",0,9.3,HistoricalMean,0
16,Vegetable Root Stimulator,4,Kairouan,2026-05,3.0,9.272727272727273,10.666666666666666,9.0,3.341545403344025,"ARIMA(1,1,1)",0,9.272727272727273,HistoricalMean,0
16,Vegetable Root Stimulator,5,Gabes,2025-12,8.0,6.0,10.333333333333334,14.0,10.333333333333334,Recent3Mean fallback,2,6.0,HistoricalMean,0
16,Vegetable Root Stimulator,5,Gabes,2026-01,0.0,6.285714285714286,10.666666666666666,8.0,11.466369227620284,"ARIMA(1,1,1)",1,6.285714285714286,HistoricalMean,0
16,Vegetable Root Stimulator,5,Gabes,2026-02,6.0,5.5,7.333333333333333,0.0,1.5925103115952295,"ARIMA(1,1,1)",2,5.5,HistoricalMean,0
16,Vegetable Root Stimulator,5,Gabes,2026-03,0.0,5.555555555555555,4.666666666666667,6.0,5.537249626382771,"ARIMA(1,1,1)",2,5.555555555555555,HistoricalMean,0
16,Vegetable Root Stimulator,5,Gabes,2026-04,0.0,5.0,2.0,0.0,2.494267411700693,"ARIMA(1,1,1)",0,5.0,HistoricalMean,0
16,Vegetable Root Stimulator,5,Gabes,2026-05,15.0,4.545454545454546,2.0,0.0,1.9690549641672817,"ARIMA(1,1,1)",0,4.545454545454546,HistoricalMean,0
17,Cereal Yield Enhancer,1,Nabeul,2025-12,0.0,7.166666666666667,7.0,2.0,1.9999930526768437,"ARIMA(1,1,1)",2,7.166666666666667,HistoricalMean,0
17,Cereal Yield Enhancer,1,Nabeul,2026-01,8.0,6.142857142857143,5.333333333333333,0.0,5.935913789867891,"ARIMA(1,1,1)",0,6.142857142857143,HistoricalMean,0
17,Cereal Yield Enhancer,1,Nabeul,2026-02,12.0,6.375,3.3333333333333335,8.0,6.239482554395065,"ARIMA(1,1,1)",2,6.018313771746904,"ARIMA(1,0,0)",0
17,Cereal Yield Enhancer,1,Nabeul,2026-03,11.0,7.0,6.666666666666667,12.0,7.02387788046383,"ARIMA(1,1,1)",0,6.356287260427711,"ARIMA(1,0,0)",0
17,Cereal Yield Enhancer,1,Nabeul,2026-04,7.0,7.4,10.333333333333334,11.0,7.837260919416412,"ARIMA(1,1,1)",0,7.404544208586625,"ARIMA(1,0,0)",0
17,Cereal Yield Enhancer,1,Nabeul,2026-05,12.0,7.363636363636363,10.0,7.0,7.334795797061968,"ARIMA(1,1,1)",0,7.365568592164073,"ARIMA(1,0,0)",0
17,Cereal Yield Enhancer,2,Sfax,2025-12,0.0,1.6666666666666667,3.3333333333333335,0.0,3.3333333333333335,Recent3Mean fallback,2,1.6666666666666667,HistoricalMean,0
17,Cereal Yield Enhancer,2,Sfax,2026-01,0.0,1.4285714285714286,0.3333333333333333,0.0,1.3597086846755633,"ARIMA(1,1,1)",1,1.4285714285714286,HistoricalMean,0
17,Cereal Yield Enhancer,2,Sfax,2026-02,0.0,1.25,0.0,0.0,1.1640463816699185,"ARIMA(1,1,1)",0,1.25,HistoricalMean,0
17,Cereal Yield Enhancer,2,Sfax,2026-03,0.0,1.1111111111111112,0.0,0.0,1.0208268186058294,"ARIMA(1,1,1)",0,1.1111111111111112,HistoricalMean,0
17,Cereal Yield Enhancer,2,Sfax,2026-04,0.0,1.0,0.0,0.0,0.9106837271654394,"ARIMA(1,1,1)",0,1.0,HistoricalMean,0
17,Cereal Yield Enhancer,2,Sfax,2026-05,0.0,0.9090909090909091,0.0,0.0,0.822831744524077,"ARIMA(1,1,1)",0,0.9090909090909091,HistoricalMean,0
17,Cereal Yield Enhancer,3,Beja,2025-12,18.0,6.333333333333333,5.666666666666667,10.0,5.666666666666667,Recent3Mean fallback,2,6.333333333333333,HistoricalMean,0
17,Cereal Yield Enhancer,3,Beja,2026-01,0.0,8.0,11.666666666666666,18.0,20.64498202897863,"ARIMA(1,1,1)",0,8.0,HistoricalMean,0
17,Cereal Yield Enhancer,3,Beja,2026-02,12.0,7.0,9.333333333333334,0.0,6.979525302684173,"ARIMA(1,1,1)",1,8.06643116537733,"ARIMA(1,0,0)",0
17,Cereal Yield Enhancer,3,Beja,2026-03,0.0,7.555555555555555,10.0,12.0,6.878990888654876,"ARIMA(1,1,1)",0,6.425072365558776,"ARIMA(1,0,0)",0
17,Cereal Yield Enhancer,3,Beja,2026-04,0.0,6.8,4.0,0.0,8.59475414897582,"ARIMA(1,1,1)",0,6.8,HistoricalMean,0
17,Cereal Yield Enhancer,3,Beja,2026-05,12.0,6.181818181818182,4.0,0.0,6.604568081454001,"ARIMA(1,1,1)",0,6.181818181818182,HistoricalMean,0
17,Cereal Yield Enhancer,4,Kairouan,2025-12,0.0,4.666666666666667,1.0,0.0,2.5620775257379595e-12,"ARIMA(1,1,1)",0,4.666666666666667,HistoricalMean,0
17,Cereal Yield Enhancer,4,Kairouan,2026-01,0.0,4.0,0.0,0.0,0.0,Recent3Mean fallback,1,4.0,HistoricalMean,0
17,Cereal Yield Enhancer,4,Kairouan,2026-02,1.0,3.5,0.0,0.0,1.0940238947691388e-24,"ARIMA(1,1,1)",0,3.5,HistoricalMean,0
17,Cereal Yield Enhancer,4,Kairouan,2026-03,0.0,3.2222222222222223,0.3333333333333333,1.0,1.000044657422917,"ARIMA(1,1,1)",0,3.2222222222222223,HistoricalMean,0
17,Cereal Yield Enhancer,4,Kairouan,2026-04,9.0,2.9,0.3333333333333333,0.0,0.0,"ARIMA(1,1,1)",0,2.9,HistoricalMean,0
17,Cereal Yield Enhancer,4,Kairouan,2026-05,5.0,3.4545454545454546,3.3333333333333335,9.0,7.187238340956699,"ARIMA(1,1,1)",1,3.4545454545454546,HistoricalMean,0
17,Cereal Yield Enhancer,5,Gabes,2025-12,0.0,7.166666666666667,8.333333333333334,2.0,15.792498442674784,"ARIMA(1,1,1)",2,7.166666666666667,HistoricalMean,0
17,Cereal Yield Enhancer,5,Gabes,2026-01,0.0,6.142857142857143,8.333333333333334,0.0,8.902520643147444,"ARIMA(1,1,1)",0,6.142857142857143,HistoricalMean,0
17,Cereal Yield Enhancer,5,Gabes,2026-02,6.0,5.375,0.6666666666666666,0.0,6.684581501532291,"ARIMA(1,1,1)",0,5.375,HistoricalMean,0
17,Cereal Yield Enhancer,5,Gabes,2026-03,12.0,5.444444444444445,2.0,6.0,5.446076135267825,"ARIMA(1,1,1)",0,5.444444444444445,HistoricalMean,0
17,Cereal Yield Enhancer,5,Gabes,2026-04,0.0,6.1,6.0,12.0,4.908199268890089,"ARIMA(1,1,1)",0,6.1,HistoricalMean,0
17,Cereal Yield Enhancer,5,Gabes,2026-05,9.0,5.545454545454546,6.0,0.0,7.276887823025941,"ARIMA(1,1,1)",0,5.545454545454546,HistoricalMean,0
18,Palm Tree Fertilizer,1,Nabeul,2025-12,5.0,15.5,16.666666666666668,20.0,16.666666666666668,Recent3Mean fallback,1,15.5,HistoricalMean,0
18,Palm Tree Fertilizer,1,Nabeul,2026-01,8.0,14.0,12.333333333333334,5.0,20.11474777794714,"ARIMA(1,1,1)",1,14.0,HistoricalMean,0
18,Palm Tree Fertilizer,1,Nabeul,2026-02,1.0,13.25,11.0,8.0,12.397370632958932,"ARIMA(1,1,1)",1,14.670639511368742,"ARIMA(1,0,0)",0
18,Palm Tree Fertilizer,1,Nabeul,2026-03,7.0,11.88888888888889,4.666666666666667,1.0,4.922960610244333,"ARIMA(1,1,1)",1,12.386245718003362,"ARIMA(1,0,0)",0
18,Palm Tree Fertilizer,1,Nabeul,2026-04,12.0,11.4,5.333333333333333,7.0,3.35821259843241,"ARIMA(1,1,1)",1,10.971869890286646,"ARIMA(1,0,0)",0
18,Palm Tree Fertilizer,1,Nabeul,2026-05,10.0,11.454545454545455,6.666666666666667,12.0,8.296821017471961,"ARIMA(1,1,1)",0,11.627470379943661,"ARIMA(1,0,0)",0
18,Palm Tree Fertilizer,2,Sfax,2025-12,0.0,4.333333333333333,2.6666666666666665,0.0,2.6666666666666665,Recent3Mean fallback,1,4.333333333333333,HistoricalMean,0
18,Palm Tree Fertilizer,2,Sfax,2026-01,0.0,3.7142857142857144,2.6666666666666665,0.0,0.8377405571692191,"ARIMA(1,1,1)",2,3.7142857142857144,HistoricalMean,0
18,Palm Tree Fertilizer,2,Sfax,2026-02,6.0,3.25,0.0,0.0,0.02362614351676093,"ARIMA(1,1,1)",0,3.25,HistoricalMean,0
18,Palm Tree Fertilizer,2,Sfax,2026-03,11.0,3.5555555555555554,2.0,6.0,0.0,"ARIMA(1,1,1)",0,3.5555555555555554,HistoricalMean,0
18,Palm Tree Fertilizer,2,Sfax,2026-04,3.0,4.3,5.666666666666667,11.0,9.544845655678795,"ARIMA(1,1,1)",0,4.3,HistoricalMean,0
18,Palm Tree Fertilizer,2,Sfax,2026-05,11.0,4.181818181818182,6.666666666666667,3.0,9.028535000888715,"ARIMA(1,1,1)",0,4.181818181818182,HistoricalMean,0
18,Palm Tree Fertilizer,3,Beja,2025-12,18.0,6.333333333333333,7.333333333333333,2.0,11.339540334432384,"ARIMA(1,1,1)",2,6.333333333333333,HistoricalMean,0
18,Palm Tree Fertilizer,3,Beja,2026-01,0.0,8.0,10.333333333333334,18.0,0.0,"ARIMA(1,1,1)",1,8.0,HistoricalMean,0
18,Palm Tree Fertilizer,3,Beja,2026-02,0.0,7.0,6.666666666666667,0.0,14.68468426444765,"ARIMA(1,1,1)",1,7.0,HistoricalMean,0
18,Palm Tree Fertilizer,3,Beja,2026-03,0.0,6.222222222222222,6.0,0.0,10.33269361559845,"ARIMA(1,1,1)",1,6.222222222222222,HistoricalMean,0
18,Palm Tree Fertilizer,3,Beja,2026-04,11.0,5.6,0.0,0.0,4.016105957339439,"ARIMA(1,1,1)",0,5.6,HistoricalMean,0
18,Palm Tree Fertilizer,3,Beja,2026-05,11.0,6.090909090909091,3.6666666666666665,11.0,4.158447160694407,"ARIMA(1,1,1)",0,6.090909090909091,HistoricalMean,0
18,Palm Tree Fertilizer,4,Kairouan,2025-12,9.0,2.8333333333333335,5.666666666666667,0.0,0.0,"ARIMA(1,1,1)",2,2.8333333333333335,HistoricalMean,0
18,Palm Tree Fertilizer,4,Kairouan,2026-01,17.0,3.7142857142857144,5.0,9.0,4.823654931585495,"ARIMA(1,1,1)",0,3.7142857142857144,HistoricalMean,0
18,Palm Tree Fertilizer,4,Kairouan,2026-02,0.0,5.375,8.666666666666666,17.0,18.546301108985976,"ARIMA(1,1,1)",0,5.375,HistoricalMean,0
18,Palm Tree Fertilizer,4,Kairouan,2026-03,1.0,4.777777777777778,8.666666666666666,0.0,4.205815013170485,"ARIMA(1,1,1)",0,4.777777777777778,HistoricalMean,0
18,Palm Tree Fertilizer,4,Kairouan,2026-04,8.0,4.4,6.0,1.0,3.788681405824598,"ARIMA(1,1,1)",0,4.4,HistoricalMean,0
18,Palm Tree Fertilizer,4,Kairouan,2026-05,12.0,4.7272727272727275,3.0,8.0,5.009408663758746,"ARIMA(1,1,1)",1,4.7272727272727275,HistoricalMean,0
18,Palm Tree Fertilizer,5,Gabes,2025-12,12.0,10.833333333333334,11.666666666666666,8.0,11.666666666666666,Recent3Mean fallback,3,10.833333333333334,HistoricalMean,0
18,Palm Tree Fertilizer,5,Gabes,2026-01,6.0,11.0,14.0,12.0,10.53590341557416,"ARIMA(1,1,1)",1,11.0,HistoricalMean,0
18,Palm Tree Fertilizer,5,Gabes,2026-02,0.0,10.375,8.666666666666666,6.0,12.001958916798365,"ARIMA(1,1,1)",0,12.374225713938431,"ARIMA(1,0,0)",0
18,Palm Tree Fertilizer,5,Gabes,2026-03,0.0,9.222222222222221,6.0,0.0,9.804346835912785,"ARIMA(1,1,1)",0,11.239733349118195,"ARIMA(1,0,0)",0
18,Palm Tree Fertilizer,5,Gabes,2026-04,0.0,8.3,2.0,0.0,0.3329355973466559,"ARIMA(1,1,1)",0,7.414966212214052,"ARIMA(1,0,0)",0
18,Palm Tree Fertilizer,5,Gabes,2026-05,29.0,7.545454545454546,0.0,0.0,0.02492980824104698,"ARIMA(1,1,1)",0,7.545454545454546,HistoricalMean,0
19,Salinity Control Product,1,Nabeul,2025-12,6.0,12.333333333333334,15.333333333333334,15.0,26.378782107573397,"ARIMA(1,1,1)",2,12.333333333333334,HistoricalMean,0
19,Salinity Control Product,1,Nabeul,2026-01,0.0,11.428571428571429,17.333333333333332,6.0,16.199552752011,"ARIMA(1,1,1)",0,11.428571428571429,HistoricalMean,0
19,Salinity Control Product,1,Nabeul,2026-02,0.0,10.0,7.0,0.0,12.580587842323338,"ARIMA(1,1,1)",0,10.0,HistoricalMean,0
19,Salinity Control Product,1,Nabeul,2026-03,20.0,8.88888888888889,2.0,0.0,0.42797930536031714,"ARIMA(1,1,1)",0,8.88888888888889,HistoricalMean,0
19,Salinity Control Product,1,Nabeul,2026-04,0.0,10.0,6.666666666666667,20.0,8.23145099108948,"ARIMA(1,1,1)",0,10.0,HistoricalMean,0
19,Salinity Control Product,1,Nabeul,2026-05,19.0,9.090909090909092,6.666666666666667,0.0,11.601513440339716,"ARIMA(1,1,1)",0,9.090909090909092,HistoricalMean,0
19,Salinity Control Product,2,Sfax,2025-12,0.0,6.166666666666667,6.333333333333333,1.0,0.9999813827877716,"ARIMA(1,1,1)",2,6.166666666666667,HistoricalMean,0
19,Salinity Control Product,2,Sfax,2026-01,5.0,5.285714285714286,6.333333333333333,0.0,8.012354467983196,"ARIMA(1,1,1)",1,5.285714285714286,HistoricalMean,0
19,Salinity Control Product,2,Sfax,2026-02,1.0,5.25,2.0,5.0,5.2105038576022835,"ARIMA(1,1,1)",0,5.25,HistoricalMean,0
19,Salinity Control Product,2,Sfax,2026-03,9.0,4.777777777777778,2.0,1.0,6.519482645568581,"ARIMA(1,1,1)",0,4.777777777777778,HistoricalMean,0
19,Salinity Control Product,2,Sfax,2026-04,6.0,5.2,5.0,9.0,3.0020021020443686,"ARIMA(1,1,1)",0,5.2,HistoricalMean,0
19,Salinity Control Product,2,Sfax,2026-05,0.0,5.2727272727272725,5.333333333333333,6.0,4.786587977415622,"ARIMA(1,1,1)",0,5.2727272727272725,HistoricalMean,0
19,Salinity Control Product,3,Beja,2025-12,16.0,6.333333333333333,4.0,0.0,9.552897858394285,"ARIMA(1,1,1)",1,6.333333333333333,HistoricalMean,0
19,Salinity Control Product,3,Beja,2026-01,9.0,7.714285714285714,9.333333333333334,16.0,0.0,"ARIMA(1,1,1)",1,7.714285714285714,HistoricalMean,0
19,Salinity Control Product,3,Beja,2026-02,5.0,7.875,8.333333333333334,9.0,15.510923840220471,"ARIMA(1,1,1)",0,6.955484894870776,"ARIMA(1,0,0)",0
19,Salinity Control Product,3,Beja,2026-03,0.0,7.555555555555555,10.0,5.0,8.623429992984473,"ARIMA(1,1,1)",0,8.761172293829322,"ARIMA(1,0,0)",0
19,Salinity Control Product,3,Beja,2026-04,14.0,6.8,4.666666666666667,0.0,3.317935820339799,"ARIMA(1,1,1)",0,6.8,HistoricalMean,0
19,Salinity Control Product,3,Beja,2026-05,0.0,7.454545454545454,6.333333333333333,14.0,3.888015956286768,"ARIMA(1,1,1)",0,7.454545454545454,HistoricalMean,0
19,Salinity Control Product,4,Kairouan,2025-12,4.0,3.5,6.333333333333333,7.0,6.333333333333333,Recent3Mean fallback,1,3.5,HistoricalMean,0
19,Salinity Control Product,4,Kairouan,2026-01,0.0,3.5714285714285716,7.666666666666667,4.0,3.687604602646383,"ARIMA(1,1,1)",1,3.5714285714285716,HistoricalMean,0
19,Salinity Control Product,4,Kairouan,2026-02,6.0,3.125,3.6666666666666665,0.0,1.7508101325529735,"ARIMA(1,1,1)",2,3.125,HistoricalMean,0
19,Salinity Control Product,4,Kairouan,2026-03,4.0,3.4444444444444446,3.3333333333333335,6.0,4.174581996183232,"ARIMA(1,1,1)",2,3.4444444444444446,HistoricalMean,0
19,Salinity Control Product,4,Kairouan,2026-04,0.0,3.5,3.3333333333333335,4.0,3.6055054872068983,"ARIMA(1,1,1)",2,3.5,HistoricalMean,0
19,Salinity Control Product,4,Kairouan,2026-05,0.0,3.1818181818181817,3.3333333333333335,0.0,2.302380075185281,"ARIMA(1,1,1)",2,3.1818181818181817,HistoricalMean,0
19,Salinity Control Product,5,Gabes,2025-12,0.0,4.666666666666667,5.666666666666667,0.0,5.666666666666667,Recent3Mean fallback,2,4.666666666666667,HistoricalMean,0
19,Salinity Control Product,5,Gabes,2026-01,0.0,4.0,4.0,0.0,3.537559255970293,"ARIMA(1,1,1)",2,4.0,HistoricalMean,0
19,Salinity Control Product,5,Gabes,2026-02,18.0,3.5,0.0,0.0,0.950414563934815,"ARIMA(1,1,1)",0,3.5,HistoricalMean,0
19,Salinity Control Product,5,Gabes,2026-03,0.0,5.111111111111111,6.0,18.0,4.186274825712262,"ARIMA(1,1,1)",2,5.111111111111111,HistoricalMean,0
19,Salinity Control Product,5,Gabes,2026-04,0.0,4.6,6.0,0.0,8.173675601541026,"ARIMA(1,1,1)",0,4.6,HistoricalMean,0
19,Salinity Control Product,5,Gabes,2026-05,12.0,4.181818181818182,6.0,0.0,4.9203191546748775,"ARIMA(1,1,1)",1,4.181818181818182,HistoricalMean,0
20,Greenhouse Pest Control,1,Nabeul,2025-12,8.0,2.5,5.0,0.0,0.0,"ARIMA(1,1,1)",2,2.5,HistoricalMean,0
20,Greenhouse Pest Control,1,Nabeul,2026-01,15.0,3.2857142857142856,4.666666666666667,8.0,4.527457082247124,"ARIMA(1,1,1)",0,3.2857142857142856,HistoricalMean,0
20,Greenhouse Pest Control,1,Nabeul,2026-02,27.0,4.75,7.666666666666667,15.0,15.81110543609767,"ARIMA(1,1,1)",0,4.75,HistoricalMean,0
20,Greenhouse Pest Control,1,Nabeul,2026-03,4.0,7.222222222222222,16.666666666666668,27.0,32.01897734118748,"ARIMA(1,1,1)",0,7.222222222222222,HistoricalMean,0
20,Greenhouse Pest Control,1,Nabeul,2026-04,10.0,6.9,15.333333333333334,4.0,7.911560737783043,"ARIMA(1,1,1)",2,6.9,HistoricalMean,0
20,Greenhouse Pest Control,1,Nabeul,2026-05,19.0,7.181818181818182,13.666666666666666,10.0,10.333371514744705,"ARIMA(1,1,1)",1,7.181818181818182,HistoricalMean,0
20,Greenhouse Pest Control,2,Sfax,2025-12,0.0,0.8333333333333334,1.6666666666666667,0.0,4.175963736185427e-12,"ARIMA(1,1,1)",1,0.8333333333333334,HistoricalMean,0
20,Greenhouse Pest Control,2,Sfax,2026-01,5.0,0.7142857142857143,0.0,0.0,0.7611057439234238,"ARIMA(1,1,1)",1,0.7142857142857143,HistoricalMean,0
20,Greenhouse Pest Control,2,Sfax,2026-02,12.0,1.25,1.6666666666666667,5.0,0.6485567803338359,"ARIMA(1,1,1)",1,1.25,HistoricalMean,0
20,Greenhouse Pest Control,2,Sfax,2026-03,10.0,2.4444444444444446,5.666666666666667,12.0,12.809928406942786,"ARIMA(1,1,1)",2,2.4444444444444446,HistoricalMean,0
20,Greenhouse Pest Control,2,Sfax,2026-04,0.0,3.2,9.0,10.0,9.503708593239228,"ARIMA(1,1,1)",2,3.2,HistoricalMean,0
20,Greenhouse Pest Control,2,Sfax,2026-05,11.0,2.909090909090909,7.333333333333333,0.0,0.0,"ARIMA(1,1,1)",2,2.909090909090909,HistoricalMean,0
20,Greenhouse Pest Control,3,Beja,2025-12,11.0,6.0,11.666666666666666,11.0,10.999998380057008,"ARIMA(1,1,1)",2,6.0,HistoricalMean,0
20,Greenhouse Pest Control,3,Beja,2026-01,9.0,6.714285714285714,13.0,11.0,12.760208803520781,"ARIMA(1,1,1)",2,6.714285714285714,HistoricalMean,0
20,Greenhouse Pest Control,3,Beja,2026-02,11.0,7.0,10.333333333333334,9.0,7.836291715575884,"ARIMA(1,1,1)",0,7.919531226446214,"ARIMA(1,0,0)",0
20,Greenhouse Pest Control,3,Beja,2026-03,2.0,7.444444444444445,10.333333333333334,11.0,10.54344414340287,"ARIMA(1,1,1)",0,9.443803638035096,"ARIMA(1,0,0)",0
20,Greenhouse Pest Control,3,Beja,2026-04,16.0,6.9,7.333333333333333,2.0,2.8255617883438138,"ARIMA(1,1,1)",2,3.8262601080902887,"ARIMA(1,0,0)",0
20,Greenhouse Pest Control,3,Beja,2026-05,13.0,7.7272727272727275,9.666666666666666,16.0,10.185581873558286,"ARIMA(1,1,1)",0,10.167065232084463,"ARIMA(1,0,0)",0
20,Greenhouse Pest Control,4,Kairouan,2025-12,0.0,3.0,4.0,0.0,4.0,Recent3Mean fallback,2,3.0,HistoricalMean,0
20,Greenhouse Pest Control,4,Kairouan,2026-01,0.0,2.5714285714285716,0.0,0.0,1.5343691445766583,"ARIMA(1,1,1)",2,2.5714285714285716,HistoricalMean,0
20,Greenhouse Pest Control,4,Kairouan,2026-02,14.0,2.25,0.0,0.0,1.3104653627666398,"ARIMA(1,1,1)",1,2.25,HistoricalMean,0
20,Greenhouse Pest Control,4,Kairouan,2026-03,13.0,3.5555555555555554,4.666666666666667,14.0,5.5947986742197156,"ARIMA(1,1,1)",1,3.5555555555555554,HistoricalMean,0
20,Greenhouse Pest Control,4,Kairouan,2026-04,8.0,4.5,9.0,13.0,8.960162403304338,"ARIMA(1,1,1)",0,4.5,HistoricalMean,0
20,Greenhouse Pest Control,4,Kairouan,2026-05,0.0,4.818181818181818,11.666666666666666,8.0,6.24266080249228,"ARIMA(1,1,1)",0,4.818181818181818,HistoricalMean,0
20,Greenhouse Pest Control,5,Gabes,2025-12,11.0,8.333333333333334,7.666666666666667,13.0,13.000005856886684,"ARIMA(1,1,1)",2,8.333333333333334,HistoricalMean,0
20,Greenhouse Pest Control,5,Gabes,2026-01,1.0,8.714285714285714,8.0,11.0,8.299193889888368,"ARIMA(1,1,1)",1,8.714285714285714,HistoricalMean,0
20,Greenhouse Pest Control,5,Gabes,2026-02,7.0,7.75,8.333333333333334,1.0,10.009375625220198,"ARIMA(1,1,1)",1,10.975594747397587,"ARIMA(1,0,0)",0
20,Greenhouse Pest Control,5,Gabes,2026-03,20.0,7.666666666666667,6.333333333333333,7.0,7.847109294702172,"ARIMA(1,1,1)",1,7.93935892715365,"ARIMA(1,0,0)",0
20,Greenhouse Pest Control,5,Gabes,2026-04,0.0,8.9,9.333333333333334,20.0,6.818280364314909,"ARIMA(1,1,1)",1,5.294673743030382,"ARIMA(1,0,0)",0
20,Greenhouse Pest Control,5,Gabes,2026-05,0.0,8.090909090909092,9.0,0.0,11.840910500890384,"ARIMA(1,1,1)",1,12.4165152451767,"ARIMA(1,0,0)",0
21,Aphid Control Solution,1,Nabeul,2025-12,0.0,5.833333333333333,4.666666666666667,11.0,4.666666666666667,Recent3Mean fallback,2,5.833333333333333,HistoricalMean,0
21,Aphid Control Solution,1,Nabeul,2026-01,15.0,5.0,4.666666666666667,0.0,7.549954310776343,"ARIMA(1,1,1)",0,5.0,HistoricalMean,0
21,Aphid Control Solution,1,Nabeul,2026-02,9.0,6.25,8.666666666666666,15.0,1.3694442295110054,"ARIMA(1,1,1)",1,6.25,HistoricalMean,0
21,Aphid Control Solution,1,Nabeul,2026-03,15.0,6.555555555555555,8.0,9.0,5.734439299554448,"ARIMA(1,1,1)",0,6.555555555555555,HistoricalMean,0
21,Aphid Control Solution,1,Nabeul,2026-04,18.0,7.4,13.0,15.0,7.734253745764255,"ARIMA(1,1,1)",0,7.4,HistoricalMean,0
21,Aphid Control Solution,1,Nabeul,2026-05,8.0,8.363636363636363,14.0,18.0,12.515207949355212,"ARIMA(1,1,1)",0,8.363636363636363,HistoricalMean,0
21,Aphid Control Solution,2,Sfax,2025-12,11.0,2.3333333333333335,2.0,0.0,2.0,Recent3Mean fallback,2,2.3333333333333335,HistoricalMean,0
21,Aphid Control Solution,2,Sfax,2026-01,3.0,3.5714285714285716,4.666666666666667,11.0,0.0,"ARIMA(1,1,1)",1,3.5714285714285716,HistoricalMean,0
21,Aphid Control Solution,2,Sfax,2026-02,3.0,3.5,4.666666666666667,3.0,4.3759219819574,"ARIMA(1,1,1)",1,3.5,HistoricalMean,0
21,Aphid Control Solution,2,Sfax,2026-03,0.0,3.4444444444444446,5.666666666666667,3.0,3.8512496177057263,"ARIMA(1,1,1)",0,3.4444444444444446,HistoricalMean,0
21,Aphid Control Solution,2,Sfax,2026-04,11.0,3.1,2.0,0.0,4.664484410710095,"ARIMA(1,1,1)",0,3.1,HistoricalMean,0
21,Aphid Control Solution,2,Sfax,2026-05,4.0,3.8181818181818183,4.666666666666667,11.0,0.0,"ARIMA(1,1,1)",0,3.8181818181818183,HistoricalMean,0
21,Aphid Control Solution,3,Beja,2025-12,9.0,6.333333333333333,0.0,0.0,0.0,Recent3Mean fallback,1,6.333333333333333,HistoricalMean,0
21,Aphid Control Solution,3,Beja,2026-01,0.0,6.714285714285714,3.0,9.0,7.658757044145901,"ARIMA(1,1,1)",1,6.714285714285714,HistoricalMean,0
21,Aphid Control Solution,3,Beja,2026-02,0.0,5.875,3.0,0.0,3.7087130448761947,"ARIMA(1,1,1)",1,5.875,HistoricalMean,0
21,Aphid Control Solution,3,Beja,2026-03,11.0,5.222222222222222,3.0,0.0,3.097145022703014,"ARIMA(1,1,1)",1,5.222222222222222,HistoricalMean,0
21,Aphid Control Solution,3,Beja,2026-04,2.0,5.8,3.6666666666666665,11.0,7.407511241112466,"ARIMA(1,1,1)",0,5.8,HistoricalMean,0
21,Aphid Control Solution,3,Beja,2026-05,2.0,5.454545454545454,4.333333333333333,2.0,4.648841537471927,"ARIMA(1,1,1)",0,5.454545454545454,HistoricalMean,0
21,Aphid Control Solution,4,Kairouan,2025-12,7.0,4.0,5.333333333333333,11.0,6.640282761207233,"ARIMA(1,1,1)",1,4.0,HistoricalMean,0
21,Aphid Control Solution,4,Kairouan,2026-01,0.0,4.428571428571429,7.666666666666667,7.0,7.60468679494891,"ARIMA(1,1,1)",0,4.428571428571429,HistoricalMean,0
21,Aphid Control Solution,4,Kairouan,2026-02,12.0,3.875,6.0,0.0,3.203960304028691,"ARIMA(1,1,1)",0,3.875,HistoricalMean,0
21,Aphid Control Solution,4,Kairouan,2026-03,0.0,4.777777777777778,6.333333333333333,12.0,4.744448940396679,"ARIMA(1,1,1)",0,4.777777777777778,HistoricalMean,0
21,Aphid Control Solution,4,Kairouan,2026-04,13.0,4.3,4.0,0.0,7.1536482089857145,"ARIMA(1,1,1)",0,4.3,HistoricalMean,0
21,Aphid Control Solution,4,Kairouan,2026-05,11.0,5.090909090909091,8.333333333333334,13.0,2.880923289385107,"ARIMA(1,1,1)",0,5.090909090909091,HistoricalMean,0
21,Aphid Control Solution,5,Gabes,2025-12,1.0,7.833333333333333,6.333333333333333,0.0,6.333333333333333,Recent3Mean fallback,2,7.833333333333333,HistoricalMean,0
21,Aphid Control Solution,5,Gabes,2026-01,0.0,6.857142857142857,2.3333333333333335,1.0,2.0670722279083877,"ARIMA(1,1,1)",2,6.857142857142857,HistoricalMean,0
21,Aphid Control Solution,5,Gabes,2026-02,5.0,6.0,0.3333333333333333,0.0,0.0,"ARIMA(1,1,1)",1,3.8205771327237996,"ARIMA(1,0,0)",0
21,Aphid Control Solution,5,Gabes,2026-03,7.0,5.888888888888889,2.0,5.0,9.143248748565684,"ARIMA(1,1,1)",0,5.89615922418086,"ARIMA(1,0,0)",0
21,Aphid Control Solution,5,Gabes,2026-04,0.0,6.0,4.0,7.0,4.712873300148307,"ARIMA(1,1,1)",0,6.733635163533623,"ARIMA(1,0,0)",0
21,Aphid Control Solution,5,Gabes,2026-05,0.0,5.454545454545454,4.0,0.0,0.0,"ARIMA(1,1,1)",0,5.454545454545454,HistoricalMean,0
22,Mildew Protection Spray,1,Nabeul,2025-12,19.0,8.166666666666666,11.333333333333334,3.0,11.333333333333334,Recent3Mean fallback,2,8.166666666666666,HistoricalMean,0
22,Mildew Protection Spray,1,Nabeul,2026-01,0.0,9.714285714285714,10.333333333333334,19.0,7.395622555901731,"ARIMA(1,1,1)",0,9.714285714285714,HistoricalMean,0
22,Mildew Protection Spray,1,Nabeul,2026-02,14.0,8.5,7.333333333333333,0.0,11.66375249844111,"ARIMA(1,1,1)",0,8.5,HistoricalMean,0
22,Mildew Protection Spray,1,Nabeul,2026-03,18.0,9.11111111111111,11.0,14.0,6.607477958833089,"ARIMA(1,1,1)",0,9.11111111111111,HistoricalMean,0
22,Mildew Protection Spray,1,Nabeul,2026-04,1.0,10.0,10.666666666666666,18.0,7.250563315948103,"ARIMA(1,1,1)",0,10.0,HistoricalMean,0
22,Mildew Protection Spray,1,Nabeul,2026-05,3.0,9.181818181818182,11.0,1.0,12.336848507938385,"ARIMA(1,1,1)",0,9.181818181818182,HistoricalMean,0
22,Mildew Protection Spray,2,Sfax,2025-12,0.0,5.666666666666667,1.0,3.0,1.0,Recent3Mean fallback,1,5.666666666666667,HistoricalMean,0
22,Mildew Protection Spray,2,Sfax,2026-01,4.0,4.857142857142857,1.0,0.0,2.0118803185428953,"ARIMA(1,1,1)",0,4.857142857142857,HistoricalMean,0
22,Mildew Protection Spray,2,Sfax,2026-02,0.0,4.75,2.3333333333333335,4.0,1.5112236052220194,"ARIMA(1,1,1)",0,4.75,HistoricalMean,0
22,Mildew Protection Spray,2,Sfax,2026-03,0.0,4.222222222222222,1.3333333333333333,0.0,2.4217888641197765,"ARIMA(1,1,1)",0,4.222222222222222,HistoricalMean,0
22,Mildew Protection Spray,2,Sfax,2026-04,11.0,3.8,1.3333333333333333,0.0,0.9531884048995635,"ARIMA(1,1,1)",0,3.8,HistoricalMean,0
22,Mildew Protection Spray,2,Sfax,2026-05,0.0,4.454545454545454,3.6666666666666665,11.0,1.6409906093876057,"ARIMA(1,1,1)",0,4.454545454545454,HistoricalMean,0
22,Mildew Protection Spray,3,Beja,2025-12,0.0,4.666666666666667,4.333333333333333,3.0,4.333333333333333,Recent3Mean fallback,3,4.666666666666667,HistoricalMean,0
22,Mildew Protection Spray,3,Beja,2026-01,8.0,4.0,4.333333333333333,0.0,5.961670784759287,"ARIMA(1,1,1)",1,4.0,HistoricalMean,0
22,Mildew Protection Spray,3,Beja,2026-02,19.0,4.5,3.6666666666666665,8.0,9.769760877314312,"ARIMA(1,1,1)",0,4.5,HistoricalMean,0
22,Mildew Protection Spray,3,Beja,2026-03,25.0,6.111111111111111,9.0,19.0,5.65164844350652,"ARIMA(1,1,1)",1,6.111111111111111,HistoricalMean,0
22,Mildew Protection Spray,3,Beja,2026-04,7.0,8.0,17.333333333333332,25.0,22.010718219598452,"ARIMA(1,1,1)",2,8.0,HistoricalMean,0
22,Mildew Protection Spray,3,Beja,2026-05,0.0,7.909090909090909,17.0,7.0,8.026802978284953,"ARIMA(1,1,1)",0,7.909090909090909,HistoricalMean,0
22,Mildew Protection Spray,4,Kairouan,2025-12,0.0,1.1666666666666667,0.0,0.0,0.0,Recent3Mean fallback,1,1.1666666666666667,HistoricalMean,0
22,Mildew Protection Spray,4,Kairouan,2026-01,11.0,1.0,0.0,0.0,0.0,Recent3Mean fallback,1,1.0,HistoricalMean,0
22,Mildew Protection Spray,4,Kairouan,2026-02,0.0,2.25,3.6666666666666665,11.0,1.2224460528847558,"ARIMA(1,1,1)",0,2.25,HistoricalMean,0
22,Mildew Protection Spray,4,Kairouan,2026-03,15.0,2.0,3.6666666666666665,0.0,2.499830710810329,"ARIMA(1,1,1)",1,2.0,HistoricalMean,0
22,Mildew Protection Spray,4,Kairouan,2026-04,2.0,3.3,8.666666666666666,15.0,1.8736289698463953,"ARIMA(1,1,1)",1,3.3,HistoricalMean,0
22,Mildew Protection Spray,4,Kairouan,2026-05,16.0,3.1818181818181817,5.666666666666667,2.0,13.238897730212962,"ARIMA(1,1,1)",1,3.1818181818181817,HistoricalMean,0
22,Mildew Protection Spray,5,Gabes,2025-12,0.0,4.5,3.3333333333333335,0.0,1.1016004073557273,"ARIMA(1,1,1)",2,4.5,HistoricalMean,0
22,Mildew Protection Spray,5,Gabes,2026-01,0.0,3.857142857142857,0.0,0.0,0.07242606683131841,"ARIMA(1,1,1)",0,3.857142857142857,HistoricalMean,0
22,Mildew Protection Spray,5,Gabes,2026-02,0.0,3.375,0.0,0.0,0.0077561971016772676,"ARIMA(1,1,1)",0,3.375,HistoricalMean,0
22,Mildew Protection Spray,5,Gabes,2026-03,5.0,3.0,0.0,0.0,0.0008541195641328842,"ARIMA(1,1,1)",0,3.0,HistoricalMean,0
22,Mildew Protection Spray,5,Gabes,2026-04,0.0,3.2,1.6666666666666667,5.0,1.0116575599307929,"ARIMA(1,1,1)",0,3.2,HistoricalMean,0
22,Mildew Protection Spray,5,Gabes,2026-05,0.0,2.909090909090909,1.6666666666666667,0.0,3.617035419160222,"ARIMA(1,1,1)",0,2.909090909090909,HistoricalMean,0
23,Seed Germination Booster,1,Nabeul,2025-12,9.0,3.5,1.6666666666666667,5.0,4.998721480826222,"ARIMA(1,1,1)",0,3.5,HistoricalMean,0
23,Seed Germination Booster,1,Nabeul,2026-01,0.0,4.285714285714286,4.666666666666667,9.0,9.954647564726208,"ARIMA(1,1,1)",0,4.285714285714286,HistoricalMean,0
23,Seed Germination Booster,1,Nabeul,2026-02,0.0,3.75,4.666666666666667,0.0,3.4002133367384237,"ARIMA(1,1,1)",2,3.75,HistoricalMean,0
23,Seed Germination Booster,1,Nabeul,2026-03,17.0,3.3333333333333335,3.0,0.0,2.8449785884360828,"ARIMA(1,1,1)",0,3.3333333333333335,HistoricalMean,0
23,Seed Germination Booster,1,Nabeul,2026-04,0.0,4.7,5.666666666666667,17.0,4.717906555367621,"ARIMA(1,1,1)",0,4.7,HistoricalMean,0
23,Seed Germination Booster,1,Nabeul,2026-05,15.0,4.2727272727272725,5.666666666666667,0.0,5.068293998098776,"ARIMA(1,1,1)",0,4.2727272727272725,HistoricalMean,0
23,Seed Germination Booster,2,Sfax,2025-12,9.0,8.833333333333334,8.666666666666666,0.0,8.666666666666666,Recent3Mean fallback,2,8.833333333333334,HistoricalMean,0
23,Seed Germination Booster,2,Sfax,2026-01,0.0,8.857142857142858,4.0,9.0,8.902843029261852,"ARIMA(1,1,1)",2,8.857142857142858,HistoricalMean,0
23,Seed Germination Booster,2,Sfax,2026-02,9.0,7.75,3.0,0.0,0.0,"ARIMA(1,1,1)",0,7.75,HistoricalMean,0
23,Seed Germination Booster,2,Sfax,2026-03,0.0,7.888888888888889,6.0,9.0,8.018183210277172,"ARIMA(1,1,1)",0,7.888888888888889,HistoricalMean,0
23,Seed Germination Booster,2,Sfax,2026-04,0.0,7.1,3.0,0.0,6.593181181957144,"ARIMA(1,1,1)",0,7.1,HistoricalMean,0
23,Seed Germination Booster,2,Sfax,2026-05,0.0,6.454545454545454,3.0,0.0,4.297017368241757,"ARIMA(1,1,1)",0,6.454545454545454,HistoricalMean,0
23,Seed Germination Booster,3,Beja,2025-12,3.0,15.5,10.333333333333334,2.0,1.9999947693176163,"ARIMA(1,1,1)",2,15.5,HistoricalMean,0
23,Seed Germination Booster,3,Beja,2026-01,6.0,13.714285714285714,4.333333333333333,3.0,3.9613659195512714,"ARIMA(1,1,1)",0,13.714285714285714,HistoricalMean,0
23,Seed Germination Booster,3,Beja,2026-02,14.0,12.75,3.6666666666666665,6.0,7.574155619403095,"ARIMA(1,1,1)",0,7.816813520586257,"ARIMA(1,0,0)",0
23,Seed Germination Booster,3,Beja,2026-03,2.0,12.88888888888889,7.666666666666667,14.0,19.16069806542158,"ARIMA(1,1,1)",0,13.762142292544368,"ARIMA(1,0,0)",0
23,Seed Germination Booster,3,Beja,2026-04,30.0,11.8,7.333333333333333,2.0,0.0,"ARIMA(1,1,1)",2,5.620880291621674,"ARIMA(1,0,0)",0
23,Seed Germination Booster,3,Beja,2026-05,0.0,13.454545454545455,15.333333333333334,30.0,15.366292148026734,"ARIMA(1,1,1)",2,18.413308314554808,"ARIMA(1,0,0)",0
23,Seed Germination Booster,4,Kairouan,2025-12,6.0,6.666666666666667,6.666666666666667,20.0,6.666666666666667,Recent3Mean fallback,3,6.666666666666667,HistoricalMean,0
23,Seed Germination Booster,4,Kairouan,2026-01,0.0,6.571428571428571,8.666666666666666,6.0,6.568036038796338,"ARIMA(1,1,1)",1,6.571428571428571,HistoricalMean,0
23,Seed Germination Booster,4,Kairouan,2026-02,6.0,5.75,8.666666666666666,0.0,5.663549758374186,"ARIMA(1,1,1)",1,5.75,HistoricalMean,0
23,Seed Germination Booster,4,Kairouan,2026-03,12.0,5.777777777777778,4.0,6.0,5.774724010229909,"ARIMA(1,1,1)",1,5.777777777777778,HistoricalMean,0
23,Seed Germination Booster,4,Kairouan,2026-04,15.0,6.4,6.0,12.0,6.409569830722337,"ARIMA(1,1,1)",1,6.4,HistoricalMean,0
23,Seed Germination Booster,4,Kairouan,2026-05,11.0,7.181818181818182,11.0,15.0,8.463143195857556,"ARIMA(1,1,1)",1,7.181818181818182,HistoricalMean,0
23,Seed Germination Booster,5,Gabes,2025-12,9.0,9.166666666666666,18.0,21.0,11.805475337166277,"ARIMA(1,1,1)",0,9.166666666666666,HistoricalMean,0
23,Seed Germination Booster,5,Gabes,2026-01,0.0,9.142857142857142,11.666666666666666,9.0,16.443238222380817,"ARIMA(1,1,1)",0,9.142857142857142,HistoricalMean,0
23,Seed Germination Booster,5,Gabes,2026-02,0.0,8.0,10.0,0.0,8.4604669705639,"ARIMA(1,1,1)",0,8.0,HistoricalMean,0
23,Seed Germination Booster,5,Gabes,2026-03,10.0,7.111111111111111,3.0,0.0,0.7104305162466807,"ARIMA(1,1,1)",0,7.111111111111111,HistoricalMean,0
23,Seed Germination Booster,5,Gabes,2026-04,0.0,7.4,3.3333333333333335,10.0,7.4038540035760745,"ARIMA(1,1,1)",0,7.4,HistoricalMean,0
23,Seed Germination Booster,5,Gabes,2026-05,12.0,6.7272727272727275,3.3333333333333335,0.0,6.889920079550362,"ARIMA(1,1,1)",0,6.7272727272727275,HistoricalMean,0
24,Foliar Nutrition Mix,1,Nabeul,2025-12,9.0,7.166666666666667,7.0,0.0,7.0,Recent3Mean fallback,2,7.166666666666667,HistoricalMean,0
24,Foliar Nutrition Mix,1,Nabeul,2026-01,23.0,7.428571428571429,3.0,9.0,7.1699400070485435,"ARIMA(1,1,1)",2,7.428571428571429,HistoricalMean,0
24,Foliar Nutrition Mix,1,Nabeul,2026-02,0.0,9.375,10.666666666666666,23.0,10.123040745121749,"ARIMA(1,1,1)",1,9.375,HistoricalMean,0
24,Foliar Nutrition Mix,1,Nabeul,2026-03,8.0,8.333333333333334,10.666666666666666,0.0,10.063848299661633,"ARIMA(1,1,1)",1,8.333333333333334,HistoricalMean,0
24,Foliar Nutrition Mix,1,Nabeul,2026-04,8.0,8.3,10.333333333333334,8.0,8.27149218418445,"ARIMA(1,1,1)",1,8.3,HistoricalMean,0
24,Foliar Nutrition Mix,1,Nabeul,2026-05,0.0,8.272727272727273,5.333333333333333,8.0,8.244653088682675,"ARIMA(1,1,1)",1,8.272727272727273,HistoricalMean,0
24,Foliar Nutrition Mix,2,Sfax,2025-12,0.0,6.833333333333333,13.0,0.0,27.702579187938156,"ARIMA(1,1,1)",1,6.833333333333333,HistoricalMean,0
24,Foliar Nutrition Mix,2,Sfax,2026-01,1.0,5.857142857142857,9.666666666666666,0.0,4.444061449500335,"ARIMA(1,1,1)",1,5.857142857142857,HistoricalMean,0
24,Foliar Nutrition Mix,2,Sfax,2026-02,0.0,5.25,0.3333333333333333,1.0,4.154606950704822,"ARIMA(1,1,1)",2,5.25,HistoricalMean,0
24,Foliar Nutrition Mix,2,Sfax,2026-03,5.0,4.666666666666667,0.3333333333333333,0.0,3.4212617823983713,"ARIMA(1,1,1)",0,4.666666666666667,HistoricalMean,0
24,Foliar Nutrition Mix,2,Sfax,2026-04,0.0,4.7,2.0,5.0,4.714776452509733,"ARIMA(1,1,1)",0,4.7,HistoricalMean,0
24,Foliar Nutrition Mix,2,Sfax,2026-05,1.0,4.2727272727272725,1.6666666666666667,0.0,3.301734013282066,"ARIMA(1,1,1)",0,4.2727272727272725,HistoricalMean,0
24,Foliar Nutrition Mix,3,Beja,2025-12,0.0,6.0,4.0,0.0,0.0,"ARIMA(1,1,1)",1,6.0,HistoricalMean,0
24,Foliar Nutrition Mix,3,Beja,2026-01,0.0,5.142857142857143,0.0,0.0,0.44740450539255805,"ARIMA(1,1,1)",2,5.142857142857143,HistoricalMean,0
24,Foliar Nutrition Mix,3,Beja,2026-02,0.0,4.5,0.0,0.0,0.0,"ARIMA(1,1,1)",1,4.5,HistoricalMean,0
24,Foliar Nutrition Mix,3,Beja,2026-03,0.0,4.0,0.0,0.0,0.02093449996168131,"ARIMA(1,1,1)",1,4.0,HistoricalMean,0
24,Foliar Nutrition Mix,3,Beja,2026-04,0.0,3.6,0.0,0.0,0.0,"ARIMA(1,1,1)",1,3.6,HistoricalMean,0
24,Foliar Nutrition Mix,3,Beja,2026-05,4.0,3.272727272727273,0.0,0.0,0.0010873906996441982,"ARIMA(1,1,1)",1,3.272727272727273,HistoricalMean,0
24,Foliar Nutrition Mix,4,Kairouan,2025-12,15.0,1.8333333333333333,3.6666666666666665,5.0,1.54354235585964,"ARIMA(1,1,1)",0,1.8333333333333333,HistoricalMean,0
24,Foliar Nutrition Mix,4,Kairouan,2026-01,3.0,3.7142857142857144,6.666666666666667,15.0,14.513094188396735,"ARIMA(1,1,1)",1,3.7142857142857144,HistoricalMean,0
24,Foliar Nutrition Mix,4,Kairouan,2026-02,7.0,3.625,7.666666666666667,3.0,7.627294864832365,"ARIMA(1,1,1)",2,3.625,HistoricalMean,0
24,Foliar Nutrition Mix,4,Kairouan,2026-03,3.0,4.0,8.333333333333334,7.0,6.3382009807853645,"ARIMA(1,1,1)",0,4.0,HistoricalMean,0
24,Foliar Nutrition Mix,4,Kairouan,2026-04,0.0,3.9,4.333333333333333,3.0,5.556068966160565,"ARIMA(1,1,1)",0,3.9,HistoricalMean,0
24,Foliar Nutrition Mix,4,Kairouan,2026-05,10.0,3.5454545454545454,3.3333333333333335,0.0,2.85568522167912,"ARIMA(1,1,1)",0,3.5454545454545454,HistoricalMean,0
24,Foliar Nutrition Mix,5,Gabes,2025-12,6.0,8.5,13.666666666666666,4.0,0.0,"ARIMA(1,1,1)",2,8.5,HistoricalMean,0
24,Foliar Nutrition Mix,5,Gabes,2026-01,0.0,8.142857142857142,9.333333333333334,6.0,6.103689190029676,"ARIMA(1,1,1)",1,8.142857142857142,HistoricalMean,0
24,Foliar Nutrition Mix,5,Gabes,2026-02,3.0,7.125,3.3333333333333335,0.0,0.0,"ARIMA(1,1,1)",2,7.125,HistoricalMean,0
24,Foliar Nutrition Mix,5,Gabes,2026-03,0.0,6.666666666666667,3.0,3.0,3.3606899004368724,"ARIMA(1,1,1)",2,6.666666666666667,HistoricalMean,0
24,Foliar Nutrition Mix,5,Gabes,2026-04,0.0,6.0,1.0,0.0,0.0,"ARIMA(1,1,1)",2,6.0,HistoricalMean,0
24,Foliar Nutrition Mix,5,Gabes,2026-05,0.0,5.454545454545454,1.0,0.0,0.018297960511452452,"ARIMA(1,1,1)",2,5.454545454545454,HistoricalMean,0
25,Micro Elements Pack,1,Nabeul,2025-12,4.0,7.333333333333333,6.333333333333333,0.0,6.333333333333333,Recent3Mean fallback,2,7.333333333333333,HistoricalMean,0
25,Micro Elements Pack,1,Nabeul,2026-01,8.0,6.857142857142857,6.0,4.0,8.135937684672509,"ARIMA(1,1,1)",2,6.857142857142857,HistoricalMean,0
25,Micro Elements Pack,1,Nabeul,2026-02,12.0,7.0,4.0,8.0,5.719130564655835,"ARIMA(1,1,1)",0,5.594932136680606,"ARIMA(1,0,0)",0
25,Micro Elements Pack,1,Nabeul,2026-03,13.0,7.555555555555555,8.0,12.0,4.449008315267446,"ARIMA(1,1,1)",0,4.0720977350798275,"ARIMA(1,0,0)",0
25,Micro Elements Pack,1,Nabeul,2026-04,30.0,8.1,11.0,13.0,13.253224091520572,"ARIMA(1,1,1)",0,5.641962369394251,"ARIMA(1,0,0)",0
25,Micro Elements Pack,1,Nabeul,2026-05,11.0,10.090909090909092,18.333333333333332,30.0,18.333333333333332,Recent3Mean fallback,1,11.573862348346761,"ARIMA(1,0,0)",0
25,Micro Elements Pack,2,Sfax,2025-12,12.0,3.6666666666666665,7.333333333333333,0.0,0.0,"ARIMA(1,1,1)",2,3.6666666666666665,HistoricalMean,0
25,Micro Elements Pack,2,Sfax,2026-01,0.0,4.857142857142857,8.666666666666666,12.0,6.639670842965177,"ARIMA(1,1,1)",0,4.857142857142857,HistoricalMean,0
25,Micro Elements Pack,2,Sfax,2026-02,0.0,4.25,4.0,0.0,7.552694298289458,"ARIMA(1,1,1)",0,4.25,HistoricalMean,0
25,Micro Elements Pack,2,Sfax,2026-03,15.0,3.7777777777777777,4.0,0.0,3.7795376714066857,"ARIMA(1,1,1)",0,3.7777777777777777,HistoricalMean,0
25,Micro Elements Pack,2,Sfax,2026-04,7.0,4.9,5.0,15.0,3.3837247747895525,"ARIMA(1,1,1)",0,4.9,HistoricalMean,0
25,Micro Elements Pack,2,Sfax,2026-05,3.0,5.090909090909091,7.333333333333333,7.0,5.527959089445443,"ARIMA(1,1,1)",0,5.090909090909091,HistoricalMean,0
25,Micro Elements Pack,3,Beja,2025-12,3.0,7.0,10.666666666666666,13.0,3.4697088756545114,"ARIMA(1,1,1)",0,7.0,HistoricalMean,0
25,Micro Elements Pack,3,Beja,2026-01,7.0,6.428571428571429,5.333333333333333,3.0,8.844201121349217,"ARIMA(1,1,1)",0,6.428571428571429,HistoricalMean,0
25,Micro Elements Pack,3,Beja,2026-02,9.0,6.5,7.666666666666667,7.0,6.204028535992501,"ARIMA(1,1,1)",0,6.182858498203723,"ARIMA(1,0,0)",0
25,Micro Elements Pack,3,Beja,2026-03,0.0,6.777777777777778,6.333333333333333,9.0,5.348384442379988,"ARIMA(1,1,1)",0,5.255163453862092,"ARIMA(1,0,0)",0
25,Micro Elements Pack,3,Beja,2026-04,0.0,6.1,5.333333333333333,0.0,10.339720855633619,"ARIMA(1,1,1)",0,6.1,HistoricalMean,0
25,Micro Elements Pack,3,Beja,2026-05,9.0,5.545454545454546,3.0,0.0,8.200160344223104,"ARIMA(1,1,1)",0,5.545454545454546,HistoricalMean,0
25,Micro Elements Pack,4,Kairouan,2025-12,19.0,9.0,12.333333333333334,5.0,12.333333333333334,Recent3Mean fallback,2,9.0,HistoricalMean,0
25,Micro Elements Pack,4,Kairouan,2026-01,3.0,10.428571428571429,12.333333333333334,19.0,8.678441714520806,"ARIMA(1,1,1)",0,10.428571428571429,HistoricalMean,0
25,Micro Elements Pack,4,Kairouan,2026-02,0.0,9.5,9.0,3.0,11.90920845475698,"ARIMA(1,1,1)",0,12.508212918437259,"ARIMA(1,0,0)",0
25,Micro Elements Pack,4,Kairouan,2026-03,0.0,8.444444444444445,7.333333333333333,0.0,9.495662238269889,"ARIMA(1,1,1)",0,10.46630439576774,"ARIMA(1,0,0)",0
25,Micro Elements Pack,4,Kairouan,2026-04,0.0,7.6,1.0,0.0,7.069714352145251,"ARIMA(1,1,1)",0,7.6,HistoricalMean,0
25,Micro Elements Pack,4,Kairouan,2026-05,8.0,6.909090909090909,0.0,0.0,2.9827372533367167,"ARIMA(1,1,1)",0,6.909090909090909,HistoricalMean,0
25,Micro Elements Pack,5,Gabes,2025-12,11.0,9.333333333333334,8.666666666666666,0.0,0.0,"ARIMA(1,1,1)",2,9.333333333333334,HistoricalMean,0
25,Micro Elements Pack,5,Gabes,2026-01,0.0,9.571428571428571,8.0,11.0,9.592111341703099,"ARIMA(1,1,1)",2,9.571428571428571,HistoricalMean,0
25,Micro Elements Pack,5,Gabes,2026-02,10.0,8.375,3.6666666666666665,0.0,6.850448283131256,"ARIMA(1,1,1)",1,8.375,HistoricalMean,0
25,Micro Elements Pack,5,Gabes,2026-03,3.0,8.555555555555555,7.0,10.0,2.953573826220298,"ARIMA(1,1,1)",1,8.555555555555555,HistoricalMean,0
25,Micro Elements Pack,5,Gabes,2026-04,0.0,8.0,4.333333333333333,3.0,8.20291260980903,"ARIMA(1,1,1)",0,8.0,HistoricalMean,0
25,Micro Elements Pack,5,Gabes,2026-05,21.0,7.2727272727272725,4.333333333333333,0.0,2.2837952040751404,"ARIMA(1,1,1)",0,7.2727272727272725,HistoricalMean,0
26,Crop Stress Reducer,1,Nabeul,2025-12,6.0,11.0,15.333333333333334,23.0,23.214060307890712,"ARIMA(1,1,1)",2,11.0,HistoricalMean,0
26,Crop Stress Reducer,1,Nabeul,2026-01,0.0,10.285714285714286,16.666666666666668,6.0,8.99512900016911,"ARIMA(1,1,1)",1,10.285714285714286,HistoricalMean,0
26,Crop Stress Reducer,1,Nabeul,2026-02,0.0,9.0,9.666666666666666,0.0,5.388085677136758,"ARIMA(1,1,1)",0,7.300290284915372,"ARIMA(1,0,0)",0
26,Crop Stress Reducer,1,Nabeul,2026-03,0.0,8.0,2.0,0.0,4.0019934885335,"ARIMA(1,1,1)",0,5.442655932551245,"ARIMA(1,0,0)",0
26,Crop Stress Reducer,1,Nabeul,2026-04,2.0,7.2,0.0,0.0,3.2547978244628277,"ARIMA(1,1,1)",0,7.2,HistoricalMean,0
26,Crop Stress Reducer,1,Nabeul,2026-05,5.0,6.7272727272727275,0.6666666666666666,2.0,4.1088949472741625,"ARIMA(1,1,1)",0,6.7272727272727275,HistoricalMean,0
26,Crop Stress Reducer,2,Sfax,2025-12,5.0,4.0,7.0,9.0,4.20331397941534,"ARIMA(1,1,1)",0,4.0,HistoricalMean,0
26,Crop Stress Reducer,2,Sfax,2026-01,9.0,4.142857142857143,4.666666666666667,5.0,6.367169094651512,"ARIMA(1,1,1)",0,4.142857142857143,HistoricalMean,0
26,Crop Stress Reducer,2,Sfax,2026-02,5.0,4.75,7.666666666666667,9.0,6.27624127119471,"ARIMA(1,1,1)",0,4.75,HistoricalMean,0
26,Crop Stress Reducer,2,Sfax,2026-03,11.0,4.777777777777778,6.333333333333333,5.0,7.409774221867588,"ARIMA(1,1,1)",0,4.777777777777778,HistoricalMean,0
26,Crop Stress Reducer,2,Sfax,2026-04,0.0,5.4,8.333333333333334,11.0,6.5835993976934475,"ARIMA(1,1,1)",0,5.4,HistoricalMean,0
26,Crop Stress Reducer,2,Sfax,2026-05,8.0,4.909090909090909,5.333333333333333,0.0,9.116297131582494,"ARIMA(1,1,1)",0,4.909090909090909,HistoricalMean,0
26,Crop Stress Reducer,3,Beja,2025-12,0.0,6.666666666666667,4.666666666666667,0.0,4.666666666666667,Recent3Mean fallback,2,6.666666666666667,HistoricalMean,0
26,Crop Stress Reducer,3,Beja,2026-01,0.0,5.714285714285714,1.3333333333333333,0.0,2.460413914053314,"ARIMA(1,1,1)",1,5.714285714285714,HistoricalMean,0
26,Crop Stress Reducer,3,Beja,2026-02,0.0,5.0,0.0,0.0,0.6169964257457693,"ARIMA(1,1,1)",0,5.0,HistoricalMean,0
26,Crop Stress Reducer,3,Beja,2026-03,4.0,4.444444444444445,0.0,0.0,0.0,"ARIMA(1,1,1)",0,4.444444444444445,HistoricalMean,0
26,Crop Stress Reducer,3,Beja,2026-04,0.0,4.4,1.3333333333333333,4.0,7.5503587886006445,"ARIMA(1,1,1)",0,4.4,HistoricalMean,0
26,Crop Stress Reducer,3,Beja,2026-05,15.0,4.0,1.3333333333333333,0.0,1.6839404258234605,"ARIMA(1,1,1)",0,4.0,HistoricalMean,0
26,Crop Stress Reducer,4,Kairouan,2025-12,0.0,5.833333333333333,8.666666666666666,3.0,8.666666666666666,Recent3Mean fallback,3,5.833333333333333,HistoricalMean,0
26,Crop Stress Reducer,4,Kairouan,2026-01,0.0,5.0,4.333333333333333,0.0,0.0,"ARIMA(1,1,1)",0,5.0,HistoricalMean,0
26,Crop Stress Reducer,4,Kairouan,2026-02,7.0,4.375,1.0,0.0,1.1347203950174036,"ARIMA(1,1,1)",0,4.375,HistoricalMean,0
26,Crop Stress Reducer,4,Kairouan,2026-03,16.0,4.666666666666667,2.3333333333333335,7.0,5.645804113718414,"ARIMA(1,1,1)",0,4.666666666666667,HistoricalMean,0
26,Crop Stress Reducer,4,Kairouan,2026-04,7.0,5.8,7.666666666666667,16.0,19.796340000503864,"ARIMA(1,1,1)",0,5.8,HistoricalMean,0
26,Crop Stress Reducer,4,Kairouan,2026-05,0.0,5.909090909090909,10.0,7.0,6.343949161817548,"ARIMA(1,1,1)",0,5.909090909090909,HistoricalMean,0
26,Crop Stress Reducer,5,Gabes,2025-12,10.0,4.666666666666667,6.666666666666667,19.0,19.000017936593256,"ARIMA(1,1,1)",2,4.666666666666667,HistoricalMean,0
26,Crop Stress Reducer,5,Gabes,2026-01,4.0,5.428571428571429,10.0,10.0,9.836876588505804,"ARIMA(1,1,1)",2,5.428571428571429,HistoricalMean,0
26,Crop Stress Reducer,5,Gabes,2026-02,0.0,5.25,11.0,4.0,4.818240180882148,"ARIMA(1,1,1)",0,5.25,HistoricalMean,0
26,Crop Stress Reducer,5,Gabes,2026-03,0.0,4.666666666666667,4.666666666666667,0.0,3.333173064509286,"ARIMA(1,1,1)",0,4.666666666666667,HistoricalMean,0
26,Crop Stress Reducer,5,Gabes,2026-04,0.0,4.2,1.3333333333333333,0.0,2.797817718612162,"ARIMA(1,1,1)",0,4.2,HistoricalMean,0
26,Crop Stress Reducer,5,Gabes,2026-05,0.0,3.8181818181818183,0.0,0.0,2.428389063865208,"ARIMA(1,1,1)",0,3.8181818181818183,HistoricalMean,0
27,Irrigation Filter Pack,1,Nabeul,2025-12,0.0,20.833333333333332,27.333333333333332,21.0,20.512630663931223,"ARIMA(1,1,1)",2,20.833333333333332,HistoricalMean,0
27,Irrigation Filter Pack,1,Nabeul,2026-01,11.0,17.857142857142858,17.333333333333332,0.0,6.303471506673807,"ARIMA(1,1,1)",1,17.857142857142858,HistoricalMean,0
27,Irrigation Filter Pack,1,Nabeul,2026-02,22.0,17.0,10.666666666666666,11.0,14.010468825683667,"ARIMA(1,1,1)",2,15.127935970714551,"ARIMA(1,0,0)",0
27,Irrigation Filter Pack,1,Nabeul,2026-03,0.0,17.555555555555557,11.0,22.0,22.31990813013027,"ARIMA(1,1,1)",2,18.5316015178719,"ARIMA(1,0,0)",0
27,Irrigation Filter Pack,1,Nabeul,2026-04,9.0,15.8,11.0,0.0,11.095484904011666,"ARIMA(1,1,1)",0,13.76241605985549,"ARIMA(1,0,0)",0
27,Irrigation Filter Pack,1,Nabeul,2026-05,0.0,15.181818181818182,10.333333333333334,9.0,13.179286453042746,"ARIMA(1,1,1)",0,13.929320685828454,"ARIMA(1,0,0)",0
27,Irrigation Filter Pack,2,Sfax,2025-12,1.0,1.8333333333333333,0.6666666666666666,0.0,1.6056006528450872,"ARIMA(1,1,1)",0,1.8333333333333333,HistoricalMean,0
27,Irrigation Filter Pack,2,Sfax,2026-01,0.0,1.7142857142857142,0.3333333333333333,1.0,1.6190561701565025,"ARIMA(1,1,1)",0,1.7142857142857142,HistoricalMean,0
27,Irrigation Filter Pack,2,Sfax,2026-02,0.0,1.5,0.3333333333333333,0.0,1.313567831877842,"ARIMA(1,1,1)",0,1.5,HistoricalMean,0
27,Irrigation Filter Pack,2,Sfax,2026-03,0.0,1.3333333333333333,0.3333333333333333,0.0,1.1364183623669168,"ARIMA(1,1,1)",0,1.3333333333333333,HistoricalMean,0
27,Irrigation Filter Pack,2,Sfax,2026-04,9.0,1.2,0.0,0.0,1.0045524913892503,"ARIMA(1,1,1)",0,1.2,HistoricalMean,0
27,Irrigation Filter Pack,2,Sfax,2026-05,0.0,1.9090909090909092,3.0,9.0,2.229335198885104,"ARIMA(1,1,1)",0,1.9090909090909092,HistoricalMean,0
27,Irrigation Filter Pack,3,Beja,2025-12,6.0,11.5,20.0,11.0,10.854471978665513,"ARIMA(1,1,1)",2,11.5,HistoricalMean,0
27,Irrigation Filter Pack,3,Beja,2026-01,0.0,10.714285714285714,17.666666666666668,6.0,8.857522582498522,"ARIMA(1,1,1)",0,10.714285714285714,HistoricalMean,0
27,Irrigation Filter Pack,3,Beja,2026-02,18.0,9.375,5.666666666666667,0.0,5.548325129570919,"ARIMA(1,1,1)",1,9.375,HistoricalMean,0
27,Irrigation Filter Pack,3,Beja,2026-03,0.0,10.333333333333334,8.0,18.0,11.698980374548853,"ARIMA(1,1,1)",1,10.333333333333334,HistoricalMean,0
27,Irrigation Filter Pack,3,Beja,2026-04,0.0,9.3,6.0,0.0,8.196896686632162,"ARIMA(1,1,1)",1,9.3,HistoricalMean,0
27,Irrigation Filter Pack,3,Beja,2026-05,0.0,8.454545454545455,6.0,0.0,6.742944948428914,"ARIMA(1,1,1)",1,8.454545454545455,HistoricalMean,0
27,Irrigation Filter Pack,4,Kairouan,2025-12,0.0,3.1666666666666665,6.0,8.0,4.9187585406468575,"ARIMA(1,1,1)",1,3.1666666666666665,HistoricalMean,0
27,Irrigation Filter Pack,4,Kairouan,2026-01,10.0,2.7142857142857144,3.6666666666666665,0.0,5.836285591954196,"ARIMA(1,1,1)",1,2.7142857142857144,HistoricalMean,0
27,Irrigation Filter Pack,4,Kairouan,2026-02,0.0,3.625,6.0,10.0,1.48239134732464,"ARIMA(1,1,1)",1,3.625,HistoricalMean,0
27,Irrigation Filter Pack,4,Kairouan,2026-03,1.0,3.2222222222222223,3.3333333333333335,0.0,9.071232600938723,"ARIMA(1,1,1)",1,3.2222222222222223,HistoricalMean,0
27,Irrigation Filter Pack,4,Kairouan,2026-04,0.0,3.0,3.6666666666666665,1.0,0.6516406553040586,"ARIMA(1,1,1)",0,3.0,HistoricalMean,0
27,Irrigation Filter Pack,4,Kairouan,2026-05,16.0,2.727272727272727,0.3333333333333333,0.0,0.7239122975009143,"ARIMA(1,1,1)",0,2.727272727272727,HistoricalMean,0
27,Irrigation Filter Pack,5,Gabes,2025-12,0.0,3.1666666666666665,3.6666666666666665,2.0,3.357182263103091,"ARIMA(1,1,1)",1,3.1666666666666665,HistoricalMean,0
27,Irrigation Filter Pack,5,Gabes,2026-01,10.0,2.7142857142857144,0.6666666666666666,0.0,3.5906988989028976,"ARIMA(1,1,1)",1,2.7142857142857144,HistoricalMean,0
27,Irrigation Filter Pack,5,Gabes,2026-02,10.0,3.625,4.0,10.0,0.0,"ARIMA(1,1,1)",1,3.625,HistoricalMean,0
27,Irrigation Filter Pack,5,Gabes,2026-03,0.0,4.333333333333333,6.666666666666667,10.0,4.880114535311226,"ARIMA(1,1,1)",0,4.333333333333333,HistoricalMean,0
27,Irrigation Filter Pack,5,Gabes,2026-04,2.0,3.9,6.666666666666667,0.0,4.286538572293586,"ARIMA(1,1,1)",1,3.9,HistoricalMean,0
27,Irrigation Filter Pack,5,Gabes,2026-05,13.0,3.727272727272727,4.0,2.0,3.8214120354530023,"ARIMA(1,1,1)",1,3.727272727272727,HistoricalMean,0
28,Soil Moisture Sensor,1,Nabeul,2025-12,7.0,5.333333333333333,6.666666666666667,9.0,6.666666666666667,Recent3Mean fallback,1,5.333333333333333,HistoricalMean,0
28,Soil Moisture Sensor,1,Nabeul,2026-01,0.0,5.571428571428571,9.0,7.0,6.416235150000935,"ARIMA(1,1,1)",2,5.571428571428571,HistoricalMean,0
28,Soil Moisture Sensor,1,Nabeul,2026-02,0.0,4.875,5.333333333333333,0.0,3.7224133761968377,"ARIMA(1,1,1)",2,4.875,HistoricalMean,0
28,Soil Moisture Sensor,1,Nabeul,2026-03,30.0,4.333333333333333,2.3333333333333335,0.0,2.9267759046170085,"ARIMA(1,1,1)",2,4.333333333333333,HistoricalMean,0
28,Soil Moisture Sensor,1,Nabeul,2026-04,1.0,6.9,10.0,30.0,8.345922457016755,"ARIMA(1,1,1)",2,6.9,HistoricalMean,0
28,Soil Moisture Sensor,1,Nabeul,2026-05,0.0,6.363636363636363,10.333333333333334,1.0,7.269418455064234,"ARIMA(1,1,1)",1,6.363636363636363,HistoricalMean,0
28,Soil Moisture Sensor,2,Sfax,2025-12,2.0,2.1666666666666665,1.3333333333333333,0.0,0.0,"ARIMA(1,1,1)",2,2.1666666666666665,HistoricalMean,0
28,Soil Moisture Sensor,2,Sfax,2026-01,0.0,2.142857142857143,2.0,2.0,2.3220198826445184,"ARIMA(1,1,1)",0,2.142857142857143,HistoricalMean,0
28,Soil Moisture Sensor,2,Sfax,2026-02,0.0,1.875,0.6666666666666666,0.0,2.245916157551591,"ARIMA(1,1,1)",1,1.875,HistoricalMean,0
28,Soil Moisture Sensor,2,Sfax,2026-03,0.0,1.6666666666666667,0.6666666666666666,0.0,1.2540594252725157,"ARIMA(1,1,1)",0,1.6666666666666667,HistoricalMean,0
28,Soil Moisture Sensor,2,Sfax,2026-04,2.0,1.5,0.0,0.0,0.6709874670418299,"ARIMA(1,1,1)",0,1.5,HistoricalMean,0
28,Soil Moisture Sensor,2,Sfax,2026-05,16.0,1.5454545454545454,0.6666666666666666,2.0,0.349772162575148,"ARIMA(1,1,1)",0,1.5454545454545454,HistoricalMean,0
28,Soil Moisture Sensor,3,Beja,2025-12,4.0,6.833333333333333,7.666666666666667,4.0,7.666666666666667,Recent3Mean fallback,2,6.833333333333333,HistoricalMean,0
28,Soil Moisture Sensor,3,Beja,2026-01,1.0,6.428571428571429,2.6666666666666665,4.0,4.19232703850748,"ARIMA(1,1,1)",0,6.428571428571429,HistoricalMean,0
28,Soil Moisture Sensor,3,Beja,2026-02,11.0,5.75,3.0,1.0,4.317652840335422,"ARIMA(1,1,1)",0,5.75,HistoricalMean,0
28,Soil Moisture Sensor,3,Beja,2026-03,11.0,6.333333333333333,5.333333333333333,11.0,0.38872129131550004,"ARIMA(1,1,1)",0,6.333333333333333,HistoricalMean,0
28,Soil Moisture Sensor,3,Beja,2026-04,20.0,6.8,7.666666666666667,11.0,9.345478385436406,"ARIMA(1,1,1)",0,6.8,HistoricalMean,0
28,Soil Moisture Sensor,3,Beja,2026-05,2.0,8.0,14.0,20.0,12.71016185803132,"ARIMA(1,1,1)",0,8.0,HistoricalMean,0
28,Soil Moisture Sensor,4,Kairouan,2025-12,6.0,6.666666666666667,12.666666666666666,15.0,14.999995184144666,"ARIMA(1,1,1)",2,6.666666666666667,HistoricalMean,0
28,Soil Moisture Sensor,4,Kairouan,2026-01,12.0,6.571428571428571,14.666666666666666,6.0,5.950426568987204,"ARIMA(1,1,1)",1,6.571428571428571,HistoricalMean,0
28,Soil Moisture Sensor,4,Kairouan,2026-02,0.0,7.25,11.0,12.0,10.175129638206894,"ARIMA(1,1,1)",0,7.25,HistoricalMean,0
28,Soil Moisture Sensor,4,Kairouan,2026-03,4.0,6.444444444444445,6.0,0.0,3.8865989535540413,"ARIMA(1,1,1)",0,6.444444444444445,HistoricalMean,0
28,Soil Moisture Sensor,4,Kairouan,2026-04,0.0,6.2,5.333333333333333,4.0,5.2573553845368375,"ARIMA(1,1,1)",0,6.2,HistoricalMean,0
28,Soil Moisture Sensor,4,Kairouan,2026-05,0.0,5.636363636363637,1.3333333333333333,0.0,3.404745589432292,"ARIMA(1,1,1)",0,5.636363636363637,HistoricalMean,0
28,Soil Moisture Sensor,5,Gabes,2025-12,0.0,5.333333333333333,3.6666666666666665,4.0,3.6666666666666665,Recent3Mean fallback,1,5.333333333333333,HistoricalMean,0
28,Soil Moisture Sensor,5,Gabes,2026-01,11.0,4.571428571428571,3.0,0.0,4.0317015034398604,"ARIMA(1,1,1)",1,4.571428571428571,HistoricalMean,0
28,Soil Moisture Sensor,5,Gabes,2026-02,25.0,5.375,5.0,11.0,3.966017232521631,"ARIMA(1,1,1)",0,3.253490419496126,"ARIMA(1,0,0)",0
28,Soil Moisture Sensor,5,Gabes,2026-03,0.0,7.555555555555555,12.0,25.0,28.457692015666176,"ARIMA(1,1,1)",1,12.343049422069502,"ARIMA(1,0,0)",0
28,Soil Moisture Sensor,5,Gabes,2026-04,0.0,6.8,12.0,0.0,7.212281036614551,"ARIMA(1,1,1)",0,6.8,HistoricalMean,0
28,Soil Moisture Sensor,5,Gabes,2026-05,0.0,6.181818181818182,8.333333333333334,0.0,5.798412999869731,"ARIMA(1,1,1)",0,6.181818181818182,HistoricalMean,0
29,Climate Smart Pack,1,Nabeul,2025-12,0.0,2.3333333333333335,2.0,4.0,4.00000172327869,"ARIMA(1,1,1)",1,2.3333333333333335,HistoricalMean,0
29,Climate Smart Pack,1,Nabeul,2026-01,11.0,2.0,1.3333333333333333,0.0,2.875213511981153,"ARIMA(1,1,1)",1,2.0,HistoricalMean,0
29,Climate Smart Pack,1,Nabeul,2026-02,21.0,3.125,5.0,11.0,0.0,"ARIMA(1,1,1)",1,3.125,HistoricalMean,0
29,Climate Smart Pack,1,Nabeul,2026-03,0.0,5.111111111111111,10.666666666666666,21.0,24.058682431144337,"ARIMA(1,1,1)",2,5.111111111111111,HistoricalMean,0
29,Climate Smart Pack,1,Nabeul,2026-04,12.0,4.6,10.666666666666666,0.0,0.0,"ARIMA(1,1,1)",1,4.6,HistoricalMean,0
29,Climate Smart Pack,1,Nabeul,2026-05,8.0,5.2727272727272725,11.0,12.0,7.920245418672987,"ARIMA(1,1,1)",0,5.2727272727272725,HistoricalMean,0
29,Climate Smart Pack,2,Sfax,2025-12,0.0,4.166666666666667,3.6666666666666665,0.0,0.0,"ARIMA(1,1,1)",2,4.166666666666667,HistoricalMean,0
29,Climate Smart Pack,2,Sfax,2026-01,0.0,3.5714285714285716,1.6666666666666667,0.0,0.9273765361860847,"ARIMA(1,1,1)",2,3.5714285714285716,HistoricalMean,0
29,Climate Smart Pack,2,Sfax,2026-02,0.0,3.125,0.0,0.0,0.5524338615911147,"ARIMA(1,1,1)",1,3.125,HistoricalMean,0
29,Climate Smart Pack,2,Sfax,2026-03,0.0,2.7777777777777777,0.0,0.0,0.4800920208285212,"ARIMA(1,1,1)",0,2.7777777777777777,HistoricalMean,0
29,Climate Smart Pack,2,Sfax,2026-04,11.0,2.5,0.0,0.0,0.4300524876011478,"ARIMA(1,1,1)",0,2.5,HistoricalMean,0
29,Climate Smart Pack,2,Sfax,2026-05,1.0,3.272727272727273,3.6666666666666665,11.0,7.2315925133540055,"ARIMA(1,1,1)",0,3.272727272727273,HistoricalMean,0
29,Climate Smart Pack,3,Beja,2025-12,14.0,3.8333333333333335,4.333333333333333,0.0,0.0,"ARIMA(1,1,1)",2,3.8333333333333335,HistoricalMean,0
29,Climate Smart Pack,3,Beja,2026-01,3.0,5.285714285714286,7.333333333333333,14.0,0.0,"ARIMA(1,1,1)",2,5.285714285714286,HistoricalMean,0
29,Climate Smart Pack,3,Beja,2026-02,6.0,5.0,5.666666666666667,3.0,9.035559452059818,"ARIMA(1,1,1)",2,5.0,HistoricalMean,0
29,Climate Smart Pack,3,Beja,2026-03,4.0,5.111111111111111,7.666666666666667,6.0,5.042700368021688,"ARIMA(1,1,1)",0,5.111111111111111,HistoricalMean,0
29,Climate Smart Pack,3,Beja,2026-04,11.0,5.0,4.333333333333333,4.0,6.115654395393876,"ARIMA(1,1,1)",1,5.0,HistoricalMean,0
29,Climate Smart Pack,3,Beja,2026-05,7.0,5.545454545454546,7.0,11.0,2.3601513338602764,"ARIMA(1,1,1)",1,5.545454545454546,HistoricalMean,0
29,Climate Smart Pack,4,Kairouan,2025-12,10.0,2.8333333333333335,3.6666666666666665,0.0,3.6666666666666665,Recent3Mean fallback,1,2.8333333333333335,HistoricalMean,0
29,Climate Smart Pack,4,Kairouan,2026-01,0.0,3.857142857142857,7.0,10.0,2.658961511522538,"ARIMA(1,1,1)",0,3.857142857142857,HistoricalMean,0
29,Climate Smart Pack,4,Kairouan,2026-02,2.0,3.375,3.3333333333333335,0.0,6.801362756192196,"ARIMA(1,1,1)",0,3.375,HistoricalMean,0
29,Climate Smart Pack,4,Kairouan,2026-03,0.0,3.2222222222222223,4.0,2.0,3.6158476463282216,"ARIMA(1,1,1)",0,3.2222222222222223,HistoricalMean,0
29,Climate Smart Pack,4,Kairouan,2026-04,1.0,2.9,0.6666666666666666,0.0,3.9453246331078264,"ARIMA(1,1,1)",0,2.9,HistoricalMean,0
29,Climate Smart Pack,4,Kairouan,2026-05,6.0,2.727272727272727,1.0,1.0,3.2404527104650684,"ARIMA(1,1,1)",0,2.727272727272727,HistoricalMean,0
29,Climate Smart Pack,5,Gabes,2025-12,0.0,7.0,7.333333333333333,8.0,8.000002321898165,"ARIMA(1,1,1)",2,7.0,HistoricalMean,0
29,Climate Smart Pack,5,Gabes,2026-01,11.0,6.0,4.0,0.0,4.0,Recent3Mean fallback,2,6.0,HistoricalMean,0
29,Climate Smart Pack,5,Gabes,2026-02,3.0,6.625,6.333333333333333,11.0,5.612344149154441,"ARIMA(1,1,1)",1,5.068589869057902,"ARIMA(1,0,0)",0
29,Climate Smart Pack,5,Gabes,2026-03,0.0,6.222222222222222,4.666666666666667,3.0,7.72575472721668,"ARIMA(1,1,1)",1,8.159206944535875,"ARIMA(1,0,0)",0
29,Climate Smart Pack,5,Gabes,2026-04,0.0,5.6,4.666666666666667,0.0,6.2081958575235205,"ARIMA(1,1,1)",0,5.6,HistoricalMean,0
29,Climate Smart Pack,5,Gabes,2026-05,2.0,5.090909090909091,1.0,0.0,2.866956737794801,"ARIMA(1,1,1)",0,5.090909090909091,HistoricalMean,0
30,Bio Stimulant Plus,1,Nabeul,2025-12,9.0,7.833333333333333,5.333333333333333,3.0,2.9999480519348682,"ARIMA(1,1,1)",2,7.833333333333333,HistoricalMean,0
30,Bio Stimulant Plus,1,Nabeul,2026-01,0.0,8.0,6.666666666666667,9.0,6.666666666666667,Recent3Mean fallback,1,8.0,HistoricalMean,0
30,Bio Stimulant Plus,1,Nabeul,2026-02,0.0,7.0,4.0,0.0,7.074426378298607,"ARIMA(1,1,1)",1,11.336714607900731,"ARIMA(1,0,0)",0
30,Bio Stimulant Plus,1,Nabeul,2026-03,0.0,6.222222222222222,3.0,0.0,3.0,Recent3Mean fallback,1,5.655711028355568,"ARIMA(1,0,0)",0
30,Bio Stimulant Plus,1,Nabeul,2026-04,9.0,5.6,0.0,0.0,3.0272086387601536,"ARIMA(1,1,1)",0,5.6,HistoricalMean,0
30,Bio Stimulant Plus,1,Nabeul,2026-05,14.0,5.909090909090909,3.0,9.0,3.0,Recent3Mean fallback,1,5.909090909090909,HistoricalMean,0
30,Bio Stimulant Plus,2,Sfax,2025-12,11.0,2.3333333333333335,4.666666666666667,0.0,0.0,"ARIMA(1,1,1)",2,2.3333333333333335,HistoricalMean,0
30,Bio Stimulant Plus,2,Sfax,2026-01,0.0,3.5714285714285716,7.0,11.0,3.4076452366270695,"ARIMA(1,1,1)",0,3.5714285714285716,HistoricalMean,0
30,Bio Stimulant Plus,2,Sfax,2026-02,0.0,3.125,3.6666666666666665,0.0,8.607663514977855,"ARIMA(1,1,1)",0,3.125,HistoricalMean,0
30,Bio Stimulant Plus,2,Sfax,2026-03,4.0,2.7777777777777777,3.6666666666666665,0.0,2.07976915466744,"ARIMA(1,1,1)",0,2.7777777777777777,HistoricalMean,0
30,Bio Stimulant Plus,2,Sfax,2026-04,11.0,2.9,1.3333333333333333,4.0,2.7613836217618584,"ARIMA(1,1,1)",0,2.9,HistoricalMean,0
30,Bio Stimulant Plus,2,Sfax,2026-05,0.0,3.6363636363636362,5.0,11.0,3.5171354933514056,"ARIMA(1,1,1)",0,3.6363636363636362,HistoricalMean,0
30,Bio Stimulant Plus,3,Beja,2025-12,0.0,4.166666666666667,6.0,0.0,3.981332607169915,"ARIMA(1,1,1)",1,4.166666666666667,HistoricalMean,0
30,Bio Stimulant Plus,3,Beja,2026-01,7.0,3.5714285714285716,2.3333333333333335,0.0,2.9422518377165043,"ARIMA(1,1,1)",0,3.5714285714285716,HistoricalMean,0
30,Bio Stimulant Plus,3,Beja,2026-02,0.0,4.0,2.3333333333333335,7.0,4.206492490521137,"ARIMA(1,1,1)",0,4.0,HistoricalMean,0
30,Bio Stimulant Plus,3,Beja,2026-03,0.0,3.5555555555555554,2.3333333333333335,0.0,3.759096085592748,"ARIMA(1,1,1)",1,3.5555555555555554,HistoricalMean,0
30,Bio Stimulant Plus,3,Beja,2026-04,10.0,3.2,2.3333333333333335,0.0,3.1260280825194706,"ARIMA(1,1,1)",1,3.2,HistoricalMean,0
30,Bio Stimulant Plus,3,Beja,2026-05,0.0,3.8181818181818183,3.3333333333333335,10.0,3.159246497215489,"ARIMA(1,1,1)",0,3.8181818181818183,HistoricalMean,0
30,Bio Stimulant Plus,4,Kairouan,2025-12,8.0,1.8333333333333333,0.6666666666666666,0.0,1.6456980931570552e-10,"ARIMA(1,1,1)",2,1.8333333333333333,HistoricalMean,0
30,Bio Stimulant Plus,4,Kairouan,2026-01,17.0,2.7142857142857144,2.6666666666666665,8.0,3.2396197779914297,"ARIMA(1,1,1)",0,2.7142857142857144,HistoricalMean,0
30,Bio Stimulant Plus,4,Kairouan,2026-02,0.0,4.5,8.333333333333334,17.0,20.43536161879844,"ARIMA(1,1,1)",1,4.5,HistoricalMean,0
30,Bio Stimulant Plus,4,Kairouan,2026-03,1.0,4.0,8.333333333333334,0.0,3.2493980747371416,"ARIMA(1,1,1)",0,4.0,HistoricalMean,0
30,Bio Stimulant Plus,4,Kairouan,2026-04,0.0,3.7,6.0,1.0,3.124341675049887,"ARIMA(1,1,1)",0,3.7,HistoricalMean,0
30,Bio Stimulant Plus,4,Kairouan,2026-05,9.0,3.3636363636363638,0.3333333333333333,0.0,2.56189676944488,"ARIMA(1,1,1)",2,3.3636363636363638,HistoricalMean,0
30,Bio Stimulant Plus,5,Gabes,2025-12,6.0,2.5,2.6666666666666665,5.0,2.2980098016812347,"ARIMA(1,1,1)",2,2.5,HistoricalMean,0
30,Bio Stimulant Plus,5,Gabes,2026-01,0.0,3.0,3.6666666666666665,6.0,3.6462067123279,"ARIMA(1,1,1)",1,3.0,HistoricalMean,0
30,Bio Stimulant Plus,5,Gabes,2026-02,13.0,2.625,3.6666666666666665,0.0,2.8391280644122565,"ARIMA(1,1,1)",0,2.625,HistoricalMean,0
30,Bio Stimulant Plus,5,Gabes,2026-03,12.0,3.7777777777777777,6.333333333333333,13.0,1.4144321118175434,"ARIMA(1,1,1)",2,3.7777777777777777,HistoricalMean,0
30,Bio Stimulant Plus,5,Gabes,2026-04,0.0,4.6,8.333333333333334,12.0,9.541083491262913,"ARIMA(1,1,1)",0,4.6,HistoricalMean,0
30,Bio Stimulant Plus,5,Gabes,2026-05,0.0,4.181818181818182,8.333333333333334,0.0,4.613938404770631,"ARIMA(1,1,1)",0,4.181818181818182,HistoricalMean,0
