zone_id,zone_name,date,year,month,temperature_max,temperature_min,temperature_mean,humidity_mean,rainfall,drought_risk
1,Nabeul,2025-01-01,2025,1,16.4,10.6,13.4,79,2.8,low
1,Nabeul,2025-01-02,2025,1,14.6,11.6,13.0,87,11.3,low
1,Nabeul,2025-01-03,2025,1,16.4,10.6,12.8,81,0.0,medium
1,Nabeul,2025-01-04,2025,1,17.1,11.5,13.7,77,0.1,medium
1,Nabeul,2025-01-05,2025,1,16.9,10.9,14.0,79,0.0,medium
1,Nabeul,2025-01-06,2025,1,18.2,12.1,14.8,62,0.0,medium
1,Nabeul,2025-01-07,2025,1,18.0,11.2,14.2,67,0.1,medium
1,Nabeul,2025-01-08,2025,1,17.6,10.7,13.4,66,0.0,medium
1,Nabeul,2025-01-09,2025,1,20.5,10.1,14.5,63,0.3,medium
1,Nabeul,2025-01-10,2025,1,19.5,12.6,15.3,72,0.0,medium
1,Nabeul,2025-01-11,2025,1,20.0,11.9,15.3,68,0.0,medium
1,Nabeul,2025-01-12,2025,1,15.1,9.9,12.9,73,0.7,medium
1,Nabeul,2025-01-13,2025,1,12.7,8.5,9.9,80,2.0,low
1,Nabeul,2025-01-14,2025,1,12.2,8.6,10.2,82,2.8,low
1,Nabeul,2025-01-15,2025,1,13.6,8.4,10.5,73,0.0,medium
1,Nabeul,2025-01-16,2025,1,13.2,7.6,10.4,72,0.4,medium
1,Nabeul,2025-01-17,2025,1,14.7,10.0,11.8,79,42.0,low
1,Nabeul,2025-01-18,2025,1,13.8,10.1,12.0,67,0.7,medium
1,Nabeul,2025-01-19,2025,1,15.1,8.8,11.6,77,0.1,medium
1,Nabeul,2025-01-20,2025,1,16.6,8.6,11.8,73,0.0,medium
1,Nabeul,2025-01-21,2025,1,15.4,9.3,12.2,80,0.0,medium
1,Nabeul,2025-01-22,2025,1,18.0,11.6,13.9,77,0.0,medium
1,Nabeul,2025-01-23,2025,1,21.1,10.9,15.3,67,0.0,medium
1,Nabeul,2025-01-24,2025,1,19.7,10.9,14.5,67,0.0,medium
1,Nabeul,2025-01-25,2025,1,16.2,8.4,13.3,81,0.0,medium
1,Nabeul,2025-01-26,2025,1,20.9,11.8,16.0,64,0.0,medium
1,Nabeul,2025-01-27,2025,1,17.5,11.7,14.5,75,0.0,medium
1,Nabeul,2025-01-28,2025,1,21.5,12.9,16.2,62,1.9,medium
1,Nabeul,2025-01-29,2025,1,15.6,10.1,12.4,74,10.7,low
1,Nabeul,2025-01-30,2025,1,14.8,9.3,12.1,74,0.0,medium
1,Nabeul,2025-01-31,2025,1,16.6,10.1,13.1,76,0.0,medium
1,Nabeul,2025-02-01,2025,2,13.4,10.6,12.2,90,34.0,low
1,Nabeul,2025-02-02,2025,2,16.0,9.9,12.1,74,0.4,medium
1,Nabeul,2025-02-03,2025,2,14.4,8.2,11.3,76,0.5,medium
1,Nabeul,2025-02-04,2025,2,16.0,10.2,12.4,82,1.1,medium
1,Nabeul,2025-02-05,2025,2,16.9,9.2,12.2,78,0.0,medium
1,Nabeul,2025-02-06,2025,2,15.1,7.8,10.6,83,1.4,medium
1,Nabeul,2025-02-07,2025,2,13.7,8.0,10.3,91,10.8,low
1,Nabeul,2025-02-08,2025,2,14.4,11.1,12.1,90,20.7,low
1,Nabeul,2025-02-09,2025,2,15.5,9.3,11.9,76,0.3,medium
1,Nabeul,2025-02-10,2025,2,15.8,10.4,12.6,76,0.2,medium
1,Nabeul,2025-02-11,2025,2,15.6,11.9,13.6,84,2.9,low
1,Nabeul,2025-02-12,2025,2,16.4,11.1,13.7,84,0.0,medium
1,Nabeul,2025-02-13,2025,2,16.7,10.5,13.4,85,0.0,medium
1,Nabeul,2025-02-14,2025,2,17.4,10.8,13.4,77,0.3,medium
1,Nabeul,2025-02-15,2025,2,16.0,11.1,13.1,62,1.5,medium
1,Nabeul,2025-02-16,2025,2,16.9,9.7,12.7,70,0.0,medium
1,Nabeul,2025-02-17,2025,2,17.1,9.7,13.0,77,0.0,medium
1,Nabeul,2025-02-18,2025,2,17.2,9.9,13.0,79,0.0,medium
1,Nabeul,2025-02-19,2025,2,16.2,9.5,13.0,86,0.0,medium
1,Nabeul,2025-02-20,2025,2,15.8,11.0,13.3,90,0.0,medium
1,Nabeul,2025-02-21,2025,2,15.5,10.4,13.5,86,1.3,medium
1,Nabeul,2025-02-22,2025,2,16.2,11.7,14.1,79,0.0,medium
1,Nabeul,2025-02-23,2025,2,16.7,11.4,13.9,78,0.0,medium
1,Nabeul,2025-02-24,2025,2,16.4,11.9,13.8,86,0.9,medium
1,Nabeul,2025-02-25,2025,2,16.6,10.0,13.0,87,0.0,medium
1,Nabeul,2025-02-26,2025,2,14.6,10.9,12.8,80,7.7,low
1,Nabeul,2025-02-27,2025,2,17.6,9.9,12.7,63,0.3,medium
1,Nabeul,2025-02-28,2025,2,16.0,9.9,13.3,77,0.1,medium
1,Nabeul,2025-03-01,2025,3,18.0,12.1,15.0,69,0.0,medium
1,Nabeul,2025-03-02,2025,3,17.5,13.1,15.5,82,16.4,low
1,Nabeul,2025-03-03,2025,3,17.8,12.6,14.8,81,0.1,medium
1,Nabeul,2025-03-04,2025,3,16.1,11.9,13.9,87,0.4,medium
1,Nabeul,2025-03-05,2025,3,16.6,13.4,14.6,73,2.0,low
1,Nabeul,2025-03-06,2025,3,15.5,13.9,14.7,76,7.3,low
1,Nabeul,2025-03-07,2025,3,17.0,13.1,15.0,87,11.6,low
1,Nabeul,2025-03-08,2025,3,18.4,12.8,15.0,87,0.4,medium
1,Nabeul,2025-03-09,2025,3,18.2,13.9,15.9,86,0.0,medium
1,Nabeul,2025-03-10,2025,3,20.4,13.2,16.6,82,0.8,medium
1,Nabeul,2025-03-11,2025,3,20.8,13.6,16.4,82,0.0,medium
1,Nabeul,2025-03-12,2025,3,20.0,12.7,16.1,80,0.0,medium
1,Nabeul,2025-03-13,2025,3,20.2,12.7,16.3,80,0.0,medium
1,Nabeul,2025-03-14,2025,3,25.0,14.4,19.7,60,0.0,medium
1,Nabeul,2025-03-15,2025,3,22.5,13.6,17.0,71,0.1,medium
1,Nabeul,2025-03-16,2025,3,17.6,11.4,14.4,75,0.1,medium
1,Nabeul,2025-03-17,2025,3,18.9,11.9,15.3,84,0.4,medium
1,Nabeul,2025-03-18,2025,3,19.5,13.2,15.8,86,0.3,medium
1,Nabeul,2025-03-19,2025,3,17.1,14.4,15.3,83,0.3,medium
1,Nabeul,2025-03-20,2025,3,16.8,14.2,15.2,74,0.0,medium
1,Nabeul,2025-03-21,2025,3,18.0,14.9,16.2,81,0.7,medium
1,Nabeul,2025-03-22,2025,3,20.9,15.6,17.6,80,0.1,medium
1,Nabeul,2025-03-23,2025,3,20.6,13.8,16.8,67,0.0,medium
1,Nabeul,2025-03-24,2025,3,20.4,13.2,16.2,75,0.0,medium
1,Nabeul,2025-03-25,2025,3,18.7,13.1,15.2,71,0.0,medium
1,Nabeul,2025-03-26,2025,3,18.2,11.9,14.3,67,0.2,medium
1,Nabeul,2025-03-27,2025,3,17.5,10.9,13.8,65,1.2,medium
1,Nabeul,2025-03-28,2025,3,18.1,12.2,14.8,64,0.1,medium
1,Nabeul,2025-03-29,2025,3,18.5,11.8,14.4,63,0.0,medium
1,Nabeul,2025-03-30,2025,3,16.9,9.3,13.1,65,1.4,medium
1,Nabeul,2025-03-31,2025,3,18.2,12.0,14.7,71,0.4,medium
1,Nabeul,2025-04-01,2025,4,17.2,11.4,14.1,59,0.0,medium
1,Nabeul,2025-04-02,2025,4,17.6,8.9,13.8,66,0.0,medium
1,Nabeul,2025-04-03,2025,4,18.0,11.9,15.0,79,0.0,medium
1,Nabeul,2025-04-04,2025,4,18.2,13.9,15.6,83,0.0,medium
1,Nabeul,2025-04-05,2025,4,21.6,13.5,16.8,82,0.4,medium
1,Nabeul,2025-04-06,2025,4,20.8,13.1,16.4,74,1.6,medium
1,Nabeul,2025-04-07,2025,4,19.4,11.8,14.9,79,0.9,medium
1,Nabeul,2025-04-08,2025,4,18.1,10.1,14.2,78,0.0,medium
1,Nabeul,2025-04-09,2025,4,18.2,11.6,15.3,81,0.0,medium
1,Nabeul,2025-04-10,2025,4,19.9,12.9,16.7,81,0.2,medium
1,Nabeul,2025-04-11,2025,4,19.1,10.6,15.3,77,0.0,medium
1,Nabeul,2025-04-12,2025,4,20.3,15.1,17.1,84,0.0,medium
1,Nabeul,2025-04-13,2025,4,19.0,16.2,17.7,81,0.0,medium
1,Nabeul,2025-04-14,2025,4,23.0,17.1,19.6,75,6.3,low
1,Nabeul,2025-04-15,2025,4,23.4,15.0,18.8,74,0.1,medium
1,Nabeul,2025-04-16,2025,4,22.8,11.6,15.9,84,12.9,low
1,Nabeul,2025-04-17,2025,4,20.2,11.6,15.6,57,0.0,medium
1,Nabeul,2025-04-18,2025,4,20.1,12.1,16.2,71,0.0,medium
1,Nabeul,2025-04-19,2025,4,21.3,15.4,17.6,77,0.0,medium
1,Nabeul,2025-04-20,2025,4,20.9,14.8,17.5,82,0.0,medium
1,Nabeul,2025-04-21,2025,4,15.2,13.4,14.2,88,18.1,low
1,Nabeul,2025-04-22,2025,4,21.6,13.9,16.9,67,0.2,medium
1,Nabeul,2025-04-23,2025,4,21.4,11.9,16.8,63,0.0,medium
1,Nabeul,2025-04-24,2025,4,22.5,13.8,17.7,64,0.0,medium
1,Nabeul,2025-04-25,2025,4,24.2,12.6,17.6,68,0.0,medium
1,Nabeul,2025-04-26,2025,4,22.0,13.6,17.0,68,0.0,medium
1,Nabeul,2025-04-27,2025,4,21.7,12.9,16.7,80,1.8,medium
1,Nabeul,2025-04-28,2025,4,18.4,13.1,15.8,82,9.7,low
1,Nabeul,2025-04-29,2025,4,20.0,12.3,16.1,80,1.3,medium
1,Nabeul,2025-04-30,2025,4,21.2,12.0,16.6,79,0.0,medium
1,Nabeul,2025-05-01,2025,5,22.6,14.4,18.2,76,0.0,medium
1,Nabeul,2025-05-02,2025,5,22.4,15.8,19.0,73,0.0,medium
1,Nabeul,2025-05-03,2025,5,22.5,17.2,19.5,70,0.0,medium
1,Nabeul,2025-05-04,2025,5,23.1,17.5,19.6,77,0.3,medium
1,Nabeul,2025-05-05,2025,5,24.0,16.8,19.9,71,0.7,medium
1,Nabeul,2025-05-06,2025,5,24.5,15.9,19.5,68,0.0,medium
1,Nabeul,2025-05-07,2025,5,23.8,15.8,19.2,77,0.9,medium
1,Nabeul,2025-05-08,2025,5,23.4,15.3,19.2,74,0.1,medium
1,Nabeul,2025-05-09,2025,5,24.5,16.5,19.9,72,0.4,medium
1,Nabeul,2025-05-10,2025,5,22.5,16.2,19.3,79,0.0,medium
1,Nabeul,2025-05-11,2025,5,22.8,17.8,20.2,78,0.4,medium
1,Nabeul,2025-05-12,2025,5,25.8,17.0,20.6,69,1.0,medium
1,Nabeul,2025-05-13,2025,5,24.1,15.1,19.5,67,0.0,medium
1,Nabeul,2025-05-14,2025,5,23.0,16.6,19.2,76,0.0,medium
1,Nabeul,2025-05-15,2025,5,21.1,16.6,18.6,82,11.3,low
1,Nabeul,2025-05-16,2025,5,23.8,16.1,19.1,68,0.9,medium
1,Nabeul,2025-05-17,2025,5,24.4,16.6,19.7,67,0.9,medium
1,Nabeul,2025-05-18,2025,5,24.5,16.6,20.8,75,0.0,medium
1,Nabeul,2025-05-19,2025,5,29.0,19.7,23.5,63,0.0,medium
1,Nabeul,2025-05-20,2025,5,30.5,19.0,23.4,65,0.0,medium
1,Nabeul,2025-05-21,2025,5,26.0,17.5,21.1,65,0.0,medium
1,Nabeul,2025-05-22,2025,5,23.9,16.1,20.1,69,5.0,low
1,Nabeul,2025-05-23,2025,5,24.2,18.0,20.3,65,0.1,medium
1,Nabeul,2025-05-24,2025,5,23.7,17.0,19.5,59,0.0,medium
1,Nabeul,2025-05-25,2025,5,24.8,16.4,20.0,61,1.9,medium
1,Nabeul,2025-05-26,2025,5,25.3,16.5,20.5,59,0.0,medium
1,Nabeul,2025-05-27,2025,5,28.5,15.9,22.4,48,0.0,medium
1,Nabeul,2025-05-28,2025,5,26.4,18.3,21.8,54,0.0,medium
1,Nabeul,2025-05-29,2025,5,29.8,18.2,23.3,50,0.0,medium
1,Nabeul,2025-05-30,2025,5,27.6,18.4,22.6,62,0.0,medium
1,Nabeul,2025-05-31,2025,5,27.5,16.8,22.4,63,0.0,medium
1,Nabeul,2025-06-01,2025,6,26.1,17.5,21.6,71,0.0,medium
1,Nabeul,2025-06-02,2025,6,24.7,18.9,21.4,68,0.0,medium
1,Nabeul,2025-06-03,2025,6,24.2,18.8,21.3,80,0.0,medium
1,Nabeul,2025-06-04,2025,6,26.1,19.6,22.5,81,0.0,medium
1,Nabeul,2025-06-05,2025,6,27.0,18.4,22.5,80,0.0,medium
1,Nabeul,2025-06-06,2025,6,27.5,19.0,23.1,71,0.0,medium
1,Nabeul,2025-06-07,2025,6,30.9,20.7,25.0,56,0.0,medium
1,Nabeul,2025-06-08,2025,6,31.8,22.3,26.6,50,0.0,medium
1,Nabeul,2025-06-09,2025,6,32.7,19.6,25.9,52,0.0,medium
1,Nabeul,2025-06-10,2025,6,32.4,20.4,25.6,45,0.0,medium
1,Nabeul,2025-06-11,2025,6,29.4,18.0,23.5,69,0.0,medium
1,Nabeul,2025-06-12,2025,6,27.0,17.8,22.2,77,0.0,medium
1,Nabeul,2025-06-13,2025,6,30.0,19.8,24.8,67,0.0,medium
1,Nabeul,2025-06-14,2025,6,31.9,20.8,26.4,48,0.0,medium
1,Nabeul,2025-06-15,2025,6,32.6,21.3,26.9,47,0.0,medium
1,Nabeul,2025-06-16,2025,6,33.8,22.0,28.0,44,0.0,medium
1,Nabeul,2025-06-17,2025,6,34.3,22.4,28.0,40,0.0,medium
1,Nabeul,2025-06-18,2025,6,30.4,21.2,25.2,60,0.7,medium
1,Nabeul,2025-06-19,2025,6,28.5,21.4,24.3,68,0.2,medium
1,Nabeul,2025-06-20,2025,6,30.9,19.9,24.9,68,1.1,medium
1,Nabeul,2025-06-21,2025,6,32.3,21.9,26.8,54,0.0,medium
1,Nabeul,2025-06-22,2025,6,30.0,19.9,25.3,69,0.0,medium
1,Nabeul,2025-06-23,2025,6,31.0,21.2,25.9,71,0.0,medium
1,Nabeul,2025-06-24,2025,6,32.0,22.2,26.9,65,0.0,medium
1,Nabeul,2025-06-25,2025,6,32.1,23.0,27.3,62,0.0,medium
1,Nabeul,2025-06-26,2025,6,31.9,23.6,27.4,67,0.0,medium
1,Nabeul,2025-06-27,2025,6,34.5,23.1,28.1,65,0.0,medium
1,Nabeul,2025-06-28,2025,6,31.9,24.0,27.4,63,0.0,medium
1,Nabeul,2025-06-29,2025,6,34.2,23.4,27.8,64,0.0,medium
1,Nabeul,2025-06-30,2025,6,32.0,23.2,26.8,74,0.0,medium
1,Nabeul,2025-07-01,2025,7,31.3,22.4,26.8,65,0.0,medium
1,Nabeul,2025-07-02,2025,7,31.5,23.3,27.1,71,0.0,medium
1,Nabeul,2025-07-03,2025,7,31.7,24.9,27.9,70,0.0,medium
1,Nabeul,2025-07-04,2025,7,32.2,23.6,27.9,73,0.0,medium
1,Nabeul,2025-07-05,2025,7,32.2,24.0,27.8,75,0.0,medium
1,Nabeul,2025-07-06,2025,7,31.6,23.4,27.6,74,0.0,medium
1,Nabeul,2025-07-07,2025,7,33.1,24.6,29.1,63,0.0,medium
1,Nabeul,2025-07-08,2025,7,35.2,25.4,29.4,59,0.0,medium
1,Nabeul,2025-07-09,2025,7,31.2,23.9,27.1,54,0.0,medium
1,Nabeul,2025-07-10,2025,7,31.9,21.8,26.1,56,0.0,medium
1,Nabeul,2025-07-11,2025,7,28.9,20.8,25.1,60,0.0,medium
1,Nabeul,2025-07-12,2025,7,29.0,24.1,26.4,64,0.0,medium
1,Nabeul,2025-07-13,2025,7,31.5,25.5,27.9,70,0.0,medium
1,Nabeul,2025-07-14,2025,7,36.4,25.0,30.2,54,0.0,high
1,Nabeul,2025-07-15,2025,7,32.8,23.5,28.0,62,0.0,medium
1,Nabeul,2025-07-16,2025,7,35.8,24.7,29.6,46,0.0,medium
1,Nabeul,2025-07-17,2025,7,35.3,24.2,29.3,47,0.0,medium
1,Nabeul,2025-07-18,2025,7,34.1,24.2,28.6,54,0.0,medium
1,Nabeul,2025-07-19,2025,7,30.5,22.8,26.6,79,0.0,medium
1,Nabeul,2025-07-20,2025,7,32.8,25.6,28.7,72,0.0,medium
1,Nabeul,2025-07-21,2025,7,39.8,26.2,31.9,52,0.0,high
1,Nabeul,2025-07-22,2025,7,36.3,25.0,30.4,49,0.0,high
1,Nabeul,2025-07-23,2025,7,33.2,22.7,28.3,58,0.0,medium
1,Nabeul,2025-07-24,2025,7,36.0,26.7,31.1,52,0.0,high
1,Nabeul,2025-07-25,2025,7,35.7,27.2,31.0,58,0.0,high
1,Nabeul,2025-07-26,2025,7,31.4,24.2,27.6,53,0.0,medium
1,Nabeul,2025-07-27,2025,7,32.0,23.5,27.1,50,0.0,medium
1,Nabeul,2025-07-28,2025,7,33.4,22.9,27.6,51,0.0,medium
1,Nabeul,2025-07-29,2025,7,31.5,22.8,26.5,47,0.0,medium
1,Nabeul,2025-07-30,2025,7,32.8,21.7,26.2,47,0.0,medium
1,Nabeul,2025-07-31,2025,7,32.2,21.9,26.1,52,0.0,medium
1,Nabeul,2025-08-01,2025,8,29.2,20.3,25.3,63,0.0,medium
1,Nabeul,2025-08-02,2025,8,30.3,22.9,26.3,70,0.0,medium
1,Nabeul,2025-08-03,2025,8,31.9,22.0,26.7,54,0.0,medium
1,Nabeul,2025-08-04,2025,8,29.9,21.9,25.3,56,0.0,medium
1,Nabeul,2025-08-05,2025,8,31.0,20.4,25.3,60,0.0,medium
1,Nabeul,2025-08-06,2025,8,32.2,21.2,25.9,67,0.0,medium
1,Nabeul,2025-08-07,2025,8,30.6,20.8,25.7,71,0.0,medium
1,Nabeul,2025-08-08,2025,8,32.4,21.4,26.2,70,0.0,medium
1,Nabeul,2025-08-09,2025,8,30.6,21.1,26.1,70,0.0,medium
1,Nabeul,2025-08-10,2025,8,32.8,21.5,27.5,60,0.0,medium
1,Nabeul,2025-08-11,2025,8,34.7,23.4,28.2,52,0.0,medium
1,Nabeul,2025-08-12,2025,8,34.2,23.5,28.0,54,0.0,medium
1,Nabeul,2025-08-13,2025,8,33.1,22.9,27.3,66,0.0,medium
1,Nabeul,2025-08-14,2025,8,31.6,22.5,26.8,77,0.0,medium
1,Nabeul,2025-08-15,2025,8,33.8,22.6,28.0,56,0.0,medium
1,Nabeul,2025-08-16,2025,8,31.2,24.1,27.1,63,2.3,low
1,Nabeul,2025-08-17,2025,8,33.2,23.6,27.5,71,3.3,low
1,Nabeul,2025-08-18,2025,8,31.4,22.9,27.0,71,0.1,medium
1,Nabeul,2025-08-19,2025,8,30.9,23.4,27.0,77,0.0,medium
1,Nabeul,2025-08-20,2025,8,33.5,25.6,28.6,73,0.0,medium
1,Nabeul,2025-08-21,2025,8,32.8,24.0,28.1,67,0.0,medium
1,Nabeul,2025-08-22,2025,8,32.5,23.8,27.4,65,0.0,medium
1,Nabeul,2025-08-23,2025,8,31.9,22.6,26.8,60,0.0,medium
1,Nabeul,2025-08-24,2025,8,30.8,21.4,26.3,61,0.0,medium
1,Nabeul,2025-08-25,2025,8,29.9,23.8,26.5,75,0.0,medium
1,Nabeul,2025-08-26,2025,8,30.5,24.0,27.0,77,0.0,medium
1,Nabeul,2025-08-27,2025,8,30.8,26.5,28.2,76,0.0,medium
1,Nabeul,2025-08-28,2025,8,31.7,26.1,28.4,80,0.0,medium
1,Nabeul,2025-08-29,2025,8,32.0,25.1,27.9,68,0.0,medium
1,Nabeul,2025-08-30,2025,8,32.8,23.7,27.0,63,0.3,medium
1,Nabeul,2025-08-31,2025,8,29.8,21.2,25.9,59,0.0,medium
1,Nabeul,2025-09-01,2025,9,32.5,25.0,28.3,69,0.0,medium
1,Nabeul,2025-09-02,2025,9,32.5,24.2,27.0,66,0.0,medium
1,Nabeul,2025-09-03,2025,9,30.7,22.7,25.9,53,0.0,medium
1,Nabeul,2025-09-04,2025,9,28.1,19.1,24.3,68,0.0,medium
1,Nabeul,2025-09-05,2025,9,30.1,22.5,26.1,67,0.0,medium
1,Nabeul,2025-09-06,2025,9,29.5,22.1,25.8,72,0.0,medium
1,Nabeul,2025-09-07,2025,9,30.8,24.3,27.0,81,0.0,medium
1,Nabeul,2025-09-08,2025,9,31.0,24.4,27.4,82,0.0,medium
1,Nabeul,2025-09-09,2025,9,34.8,26.4,29.9,52,1.3,medium
1,Nabeul,2025-09-10,2025,9,32.5,21.6,27.2,68,0.0,medium
1,Nabeul,2025-09-11,2025,9,30.2,22.1,25.7,65,0.0,medium
1,Nabeul,2025-09-12,2025,9,30.4,22.9,25.7,64,0.0,medium
1,Nabeul,2025-09-13,2025,9,29.4,21.3,24.8,67,0.0,medium
1,Nabeul,2025-09-14,2025,9,28.9,22.1,25.3,72,0.0,medium
1,Nabeul,2025-09-15,2025,9,31.5,21.8,26.1,69,0.0,medium
1,Nabeul,2025-09-16,2025,9,30.0,23.0,26.2,70,0.0,medium
1,Nabeul,2025-09-17,2025,9,32.1,22.7,26.5,60,0.0,medium
1,Nabeul,2025-09-18,2025,9,31.1,22.0,25.8,66,0.0,medium
1,Nabeul,2025-09-19,2025,9,28.0,20.9,24.6,76,0.5,medium
1,Nabeul,2025-09-20,2025,9,28.0,23.5,25.7,68,0.0,medium
1,Nabeul,2025-09-21,2025,9,28.1,24.2,25.7,66,0.0,medium
1,Nabeul,2025-09-22,2025,9,28.8,23.1,25.9,73,3.2,low
1,Nabeul,2025-09-23,2025,9,28.2,20.9,24.4,79,4.3,low
1,Nabeul,2025-09-24,2025,9,29.1,21.0,24.5,66,0.6,medium
1,Nabeul,2025-09-25,2025,9,26.5,19.8,22.9,66,0.0,medium
1,Nabeul,2025-09-26,2025,9,26.9,20.5,23.0,77,5.1,low
1,Nabeul,2025-09-27,2025,9,27.5,19.5,22.1,71,2.5,low
1,Nabeul,2025-09-28,2025,9,26.8,19.4,22.4,63,0.0,medium
1,Nabeul,2025-09-29,2025,9,27.1,17.9,22.7,64,0.0,medium
1,Nabeul,2025-09-30,2025,9,27.6,21.7,24.6,64,0.0,medium
1,Nabeul,2025-10-01,2025,10,28.0,20.4,23.8,58,0.1,medium
1,Nabeul,2025-10-02,2025,10,24.7,19.1,21.2,58,0.6,medium
1,Nabeul,2025-10-03,2025,10,22.9,17.7,19.9,51,0.0,medium
1,Nabeul,2025-10-04,2025,10,26.1,17.4,21.1,54,0.0,medium
1,Nabeul,2025-10-05,2025,10,27.8,17.4,22.9,62,0.0,medium
1,Nabeul,2025-10-06,2025,10,23.8,18.8,21.2,53,0.0,medium
1,Nabeul,2025-10-07,2025,10,24.1,17.3,20.3,56,0.0,medium
1,Nabeul,2025-10-08,2025,10,25.4,14.9,20.3,60,0.0,medium
1,Nabeul,2025-10-09,2025,10,25.9,17.9,22.4,66,0.0,medium
1,Nabeul,2025-10-10,2025,10,26.6,20.1,23.2,67,0.1,medium
1,Nabeul,2025-10-11,2025,10,25.6,22.1,23.5,71,0.7,medium
1,Nabeul,2025-10-12,2025,10,24.0,19.5,22.3,76,1.8,medium
1,Nabeul,2025-10-13,2025,10,26.2,20.0,22.8,75,0.0,medium
1,Nabeul,2025-10-14,2025,10,26.9,21.0,22.8,79,0.0,medium
1,Nabeul,2025-10-15,2025,10,27.9,18.5,22.3,79,6.6,low
1,Nabeul,2025-10-16,2025,10,24.2,18.2,20.7,74,0.4,medium
1,Nabeul,2025-10-17,2025,10,25.2,17.0,20.7,66,0.8,medium
1,Nabeul,2025-10-18,2025,10,21.1,16.5,19.3,79,5.4,low
1,Nabeul,2025-10-19,2025,10,23.4,16.4,19.4,70,0.7,medium
1,Nabeul,2025-10-20,2025,10,23.5,16.1,20.2,72,0.3,medium
1,Nabeul,2025-10-21,2025,10,28.8,18.3,22.7,63,0.0,medium
1,Nabeul,2025-10-22,2025,10,27.9,20.5,23.1,63,0.8,medium
1,Nabeul,2025-10-23,2025,10,28.2,20.5,23.6,65,0.0,medium
1,Nabeul,2025-10-24,2025,10,27.0,19.4,22.4,70,0.4,medium
1,Nabeul,2025-10-25,2025,10,25.8,19.1,22.4,84,0.0,medium
1,Nabeul,2025-10-26,2025,10,30.8,20.3,23.9,58,0.0,medium
1,Nabeul,2025-10-27,2025,10,22.8,17.5,20.0,58,0.0,medium
1,Nabeul,2025-10-28,2025,10,24.4,15.7,19.4,59,0.0,medium
1,Nabeul,2025-10-29,2025,10,24.0,15.6,20.1,68,0.0,medium
1,Nabeul,2025-10-30,2025,10,24.0,19.2,21.5,85,0.1,medium
1,Nabeul,2025-10-31,2025,10,25.0,18.1,21.1,66,0.8,medium
1,Nabeul,2025-11-01,2025,11,24.5,16.8,20.1,72,0.0,medium
1,Nabeul,2025-11-02,2025,11,23.3,15.4,19.2,78,0.0,medium
1,Nabeul,2025-11-03,2025,11,23.9,17.2,20.0,69,0.0,medium
1,Nabeul,2025-11-04,2025,11,22.9,15.7,18.4,65,0.0,medium
1,Nabeul,2025-11-05,2025,11,22.5,13.4,17.6,67,0.0,medium
1,Nabeul,2025-11-06,2025,11,22.6,15.8,19.1,78,0.0,medium
1,Nabeul,2025-11-07,2025,11,22.2,15.9,18.9,67,0.0,medium
1,Nabeul,2025-11-08,2025,11,21.4,14.6,18.5,65,0.8,medium
1,Nabeul,2025-11-09,2025,11,20.4,13.9,17.3,67,0.4,medium
1,Nabeul,2025-11-10,2025,11,21.5,14.9,17.8,68,0.0,medium
1,Nabeul,2025-11-11,2025,11,22.0,12.1,16.7,70,0.0,medium
1,Nabeul,2025-11-12,2025,11,21.2,14.3,18.1,72,0.0,medium
1,Nabeul,2025-11-13,2025,11,23.1,16.8,19.5,74,0.0,medium
1,Nabeul,2025-11-14,2025,11,24.3,16.6,20.2,61,0.0,medium
1,Nabeul,2025-11-15,2025,11,25.9,16.5,20.3,54,0.0,medium
1,Nabeul,2025-11-16,2025,11,26.3,16.9,20.8,58,0.0,medium
1,Nabeul,2025-11-17,2025,11,22.3,14.4,18.6,67,0.6,medium
1,Nabeul,2025-11-18,2025,11,21.6,15.9,18.1,74,3.4,low
1,Nabeul,2025-11-19,2025,11,20.5,13.8,16.6,60,0.0,medium
1,Nabeul,2025-11-20,2025,11,20.9,11.8,15.8,64,0.8,medium
1,Nabeul,2025-11-21,2025,11,17.8,10.4,14.7,57,0.0,medium
1,Nabeul,2025-11-22,2025,11,13.2,8.2,10.5,56,0.0,medium
1,Nabeul,2025-11-23,2025,11,17.0,9.9,12.9,54,0.0,medium
1,Nabeul,2025-11-24,2025,11,17.3,11.7,14.1,55,0.0,medium
1,Nabeul,2025-11-25,2025,11,20.3,13.4,15.7,54,1.5,medium
1,Nabeul,2025-11-26,2025,11,15.6,9.8,12.8,65,0.0,medium
1,Nabeul,2025-11-27,2025,11,13.6,8.9,10.5,63,0.0,medium
1,Nabeul,2025-11-28,2025,11,14.1,8.8,10.9,74,3.5,low
1,Nabeul,2025-11-29,2025,11,17.4,10.2,13.1,71,0.0,medium
1,Nabeul,2025-11-30,2025,11,17.0,10.1,13.4,66,0.0,medium
1,Nabeul,2025-12-01,2025,12,17.8,9.4,13.3,62,0.0,medium
1,Nabeul,2025-12-02,2025,12,18.5,8.4,13.0,70,0.0,medium
1,Nabeul,2025-12-03,2025,12,18.0,9.4,13.5,77,0.6,medium
1,Nabeul,2025-12-04,2025,12,16.4,11.4,13.0,69,1.3,medium
1,Nabeul,2025-12-05,2025,12,14.6,10.9,12.5,66,1.3,medium
1,Nabeul,2025-12-06,2025,12,17.0,11.9,14.5,60,0.0,medium
1,Nabeul,2025-12-07,2025,12,20.0,14.2,16.4,74,0.0,medium
1,Nabeul,2025-12-08,2025,12,20.6,13.3,16.2,80,0.0,medium
1,Nabeul,2025-12-09,2025,12,17.8,10.4,14.2,86,0.0,medium
1,Nabeul,2025-12-10,2025,12,18.2,11.9,15.1,83,0.0,medium
1,Nabeul,2025-12-11,2025,12,17.9,11.1,14.1,84,0.4,medium
1,Nabeul,2025-12-12,2025,12,18.2,10.5,14.5,83,0.3,medium
1,Nabeul,2025-12-13,2025,12,18.1,13.6,15.4,82,0.7,medium
1,Nabeul,2025-12-14,2025,12,18.0,13.1,16.0,80,1.9,medium
1,Nabeul,2025-12-15,2025,12,18.6,16.4,17.5,81,6.0,low
1,Nabeul,2025-12-16,2025,12,18.4,15.0,16.3,84,9.1,low
1,Nabeul,2025-12-17,2025,12,18.4,13.8,16.1,89,0.5,medium
1,Nabeul,2025-12-18,2025,12,19.8,16.4,17.7,88,0.5,medium
1,Nabeul,2025-12-19,2025,12,17.0,13.8,15.5,88,23.7,low
1,Nabeul,2025-12-20,2025,12,17.6,12.6,14.5,86,1.8,medium
1,Nabeul,2025-12-21,2025,12,17.7,12.4,14.3,84,7.5,low
1,Nabeul,2025-12-22,2025,12,17.6,12.9,14.8,77,0.1,medium
1,Nabeul,2025-12-23,2025,12,14.5,9.9,11.7,66,6.9,low
1,Nabeul,2025-12-24,2025,12,15.0,8.9,11.8,62,0.0,medium
1,Nabeul,2025-12-25,2025,12,17.0,10.7,13.7,67,0.0,medium
1,Nabeul,2025-12-26,2025,12,18.5,10.4,13.7,77,4.3,low
1,Nabeul,2025-12-27,2025,12,15.7,12.1,13.6,89,13.0,low
1,Nabeul,2025-12-28,2025,12,17.0,11.4,13.6,84,1.6,medium
1,Nabeul,2025-12-29,2025,12,15.6,11.0,13.0,79,0.0,medium
1,Nabeul,2025-12-30,2025,12,16.1,9.4,12.2,73,0.0,medium
1,Nabeul,2025-12-31,2025,12,16.5,9.9,12.0,78,2.6,low
2,Sfax,2025-01-01,2025,1,17.4,12.7,14.2,81,2.1,low
2,Sfax,2025-01-02,2025,1,16.1,11.8,13.2,89,14.7,low
2,Sfax,2025-01-03,2025,1,15.6,11.1,13.1,88,13.3,low
2,Sfax,2025-01-04,2025,1,18.5,9.3,13.2,74,0.0,medium
2,Sfax,2025-01-05,2025,1,17.4,9.7,12.7,76,0.0,medium
2,Sfax,2025-01-06,2025,1,17.2,10.1,13.2,73,0.0,medium
2,Sfax,2025-01-07,2025,1,19.0,10.1,14.0,68,0.0,medium
2,Sfax,2025-01-08,2025,1,17.7,8.6,12.5,69,0.0,medium
2,Sfax,2025-01-09,2025,1,18.4,8.2,12.6,65,0.5,medium
2,Sfax,2025-01-10,2025,1,20.0,10.2,14.2,69,0.4,medium
2,Sfax,2025-01-11,2025,1,19.7,7.6,13.1,65,0.0,medium
2,Sfax,2025-01-12,2025,1,16.9,10.1,13.3,65,1.7,medium
2,Sfax,2025-01-13,2025,1,14.2,8.2,10.7,71,0.1,medium
2,Sfax,2025-01-14,2025,1,14.0,7.9,10.3,76,4.5,low
2,Sfax,2025-01-15,2025,1,15.1,8.4,10.9,72,0.1,medium
2,Sfax,2025-01-16,2025,1,13.8,4.8,9.9,83,6.9,low
2,Sfax,2025-01-17,2025,1,14.1,9.2,10.8,73,13.6,low
2,Sfax,2025-01-18,2025,1,13.5,9.6,11.4,62,0.0,medium
2,Sfax,2025-01-19,2025,1,15.2,7.3,11.2,70,0.0,medium
2,Sfax,2025-01-20,2025,1,17.3,7.8,11.7,81,0.0,medium
2,Sfax,2025-01-21,2025,1,16.6,7.1,11.5,69,0.0,medium
2,Sfax,2025-01-22,2025,1,19.5,10.8,14.2,54,0.0,medium
2,Sfax,2025-01-23,2025,1,20.2,11.4,14.5,51,0.0,medium
2,Sfax,2025-01-24,2025,1,22.9,9.4,14.4,62,0.0,medium
2,Sfax,2025-01-25,2025,1,18.4,9.2,13.7,71,0.6,medium
2,Sfax,2025-01-26,2025,1,22.1,11.4,15.5,66,0.0,medium
2,Sfax,2025-01-27,2025,1,21.9,10.6,15.4,66,0.0,medium
2,Sfax,2025-01-28,2025,1,23.5,12.4,16.7,55,0.0,medium
2,Sfax,2025-01-29,2025,1,17.5,9.3,13.1,65,6.8,low
2,Sfax,2025-01-30,2025,1,17.2,7.6,11.9,61,0.0,medium
2,Sfax,2025-01-31,2025,1,17.5,8.9,13.1,76,0.0,medium
2,Sfax,2025-02-01,2025,2,17.7,10.9,14.6,83,0.1,medium
2,Sfax,2025-02-02,2025,2,17.4,8.9,12.7,69,0.0,medium
2,Sfax,2025-02-03,2025,2,16.9,6.9,11.9,68,0.0,medium
2,Sfax,2025-02-04,2025,2,16.6,9.2,12.6,76,0.6,medium
2,Sfax,2025-02-05,2025,2,16.3,9.6,12.2,82,4.3,low
2,Sfax,2025-02-06,2025,2,16.2,9.2,11.8,82,0.2,medium
2,Sfax,2025-02-07,2025,2,14.6,9.6,11.7,90,19.3,low
2,Sfax,2025-02-08,2025,2,17.2,10.9,13.4,83,10.2,low
2,Sfax,2025-02-09,2025,2,17.6,8.2,12.2,75,0.0,medium
2,Sfax,2025-02-10,2025,2,16.4,9.3,12.5,75,0.2,medium
2,Sfax,2025-02-11,2025,2,16.6,9.7,12.8,85,0.1,medium
2,Sfax,2025-02-12,2025,2,16.8,8.9,12.7,85,0.0,medium
2,Sfax,2025-02-13,2025,2,18.5,10.1,14.1,86,0.2,medium
2,Sfax,2025-02-14,2025,2,19.1,10.4,14.0,79,0.1,medium
2,Sfax,2025-02-15,2025,2,21.0,11.3,14.7,69,0.3,medium
2,Sfax,2025-02-16,2025,2,17.8,8.4,12.4,69,0.0,medium
2,Sfax,2025-02-17,2025,2,17.6,10.6,14.0,81,0.0,medium
2,Sfax,2025-02-18,2025,2,18.0,9.8,13.2,80,0.0,medium
2,Sfax,2025-02-19,2025,2,17.0,8.4,12.6,89,0.0,medium
2,Sfax,2025-02-20,2025,2,18.0,11.1,14.2,83,0.0,medium
2,Sfax,2025-02-21,2025,2,17.4,11.9,14.3,80,0.6,medium
2,Sfax,2025-02-22,2025,2,16.5,11.6,13.9,75,0.2,medium
2,Sfax,2025-02-23,2025,2,17.2,9.1,13.7,80,0.5,medium
2,Sfax,2025-02-24,2025,2,18.5,10.8,14.4,75,0.4,medium
2,Sfax,2025-02-25,2025,2,20.0,10.9,14.9,69,0.0,medium
2,Sfax,2025-02-26,2025,2,20.4,11.3,14.4,57,1.0,medium
2,Sfax,2025-02-27,2025,2,18.4,7.0,12.7,59,0.0,medium
2,Sfax,2025-02-28,2025,2,19.6,10.1,14.5,61,0.0,medium
2,Sfax,2025-03-01,2025,3,20.0,11.4,16.3,68,0.0,medium
2,Sfax,2025-03-02,2025,3,20.2,13.7,17.0,72,0.0,medium
2,Sfax,2025-03-03,2025,3,18.6,13.9,15.9,82,0.1,medium
2,Sfax,2025-03-04,2025,3,17.5,11.8,14.8,83,0.8,medium
2,Sfax,2025-03-05,2025,3,17.1,14.1,15.2,75,1.9,medium
2,Sfax,2025-03-06,2025,3,16.9,14.6,15.5,80,9.3,low
2,Sfax,2025-03-07,2025,3,20.5,13.6,16.4,79,5.5,low
2,Sfax,2025-03-08,2025,3,20.5,12.5,15.6,82,0.1,medium
2,Sfax,2025-03-09,2025,3,20.6,14.2,17.5,79,0.0,medium
2,Sfax,2025-03-10,2025,3,26.1,16.3,20.4,61,0.0,medium
2,Sfax,2025-03-11,2025,3,23.6,14.6,18.5,68,0.0,medium
2,Sfax,2025-03-12,2025,3,24.2,14.6,18.0,80,0.0,medium
2,Sfax,2025-03-13,2025,3,24.1,14.4,19.0,68,0.0,medium
2,Sfax,2025-03-14,2025,3,30.5,18.6,24.2,38,0.0,medium
2,Sfax,2025-03-15,2025,3,29.4,15.9,23.3,34,0.0,medium
2,Sfax,2025-03-16,2025,3,19.9,12.9,16.5,66,0.0,medium
2,Sfax,2025-03-17,2025,3,22.5,13.6,17.9,71,0.0,medium
2,Sfax,2025-03-18,2025,3,24.8,13.8,18.7,66,0.0,medium
2,Sfax,2025-03-19,2025,3,19.9,15.2,17.3,79,2.4,low
2,Sfax,2025-03-20,2025,3,19.2,15.0,16.7,74,0.1,medium
2,Sfax,2025-03-21,2025,3,20.0,15.8,17.7,78,0.0,medium
2,Sfax,2025-03-22,2025,3,27.5,16.5,22.2,50,0.0,medium
2,Sfax,2025-03-23,2025,3,24.2,15.9,19.3,59,0.0,medium
2,Sfax,2025-03-24,2025,3,24.7,14.6,18.0,66,0.0,medium
2,Sfax,2025-03-25,2025,3,18.5,13.8,15.9,73,13.4,low
2,Sfax,2025-03-26,2025,3,20.1,12.5,15.6,65,0.2,medium
2,Sfax,2025-03-27,2025,3,20.6,11.1,15.4,57,0.0,medium
2,Sfax,2025-03-28,2025,3,22.2,11.8,16.2,57,0.0,medium
2,Sfax,2025-03-29,2025,3,21.8,11.8,16.5,55,1.1,medium
2,Sfax,2025-03-30,2025,3,18.8,10.1,14.1,62,1.7,medium
2,Sfax,2025-03-31,2025,3,21.2,12.6,16.5,56,0.0,medium
2,Sfax,2025-04-01,2025,4,21.4,12.2,16.1,52,0.0,medium
2,Sfax,2025-04-02,2025,4,18.7,9.9,14.7,62,0.0,medium
2,Sfax,2025-04-03,2025,4,20.8,14.1,16.8,74,0.0,medium
2,Sfax,2025-04-04,2025,4,20.0,13.3,16.7,81,0.0,medium
2,Sfax,2025-04-05,2025,4,22.6,13.6,17.7,80,0.0,medium
2,Sfax,2025-04-06,2025,4,20.1,13.4,16.9,80,4.8,low
2,Sfax,2025-04-07,2025,4,20.5,13.1,16.3,73,2.3,low
2,Sfax,2025-04-08,2025,4,18.9,11.5,15.5,78,0.7,medium
2,Sfax,2025-04-09,2025,4,20.6,12.4,17.1,76,0.0,medium
2,Sfax,2025-04-10,2025,4,29.2,16.1,20.9,52,0.0,medium
2,Sfax,2025-04-11,2025,4,20.5,13.6,17.1,79,0.0,medium
2,Sfax,2025-04-12,2025,4,23.0,15.8,18.9,80,0.0,medium
2,Sfax,2025-04-13,2025,4,22.9,16.9,19.9,74,0.0,medium
2,Sfax,2025-04-14,2025,4,29.0,19.0,23.3,56,0.1,medium
2,Sfax,2025-04-15,2025,4,25.9,16.8,20.5,68,0.0,medium
2,Sfax,2025-04-16,2025,4,26.0,15.1,19.2,71,1.0,medium
2,Sfax,2025-04-17,2025,4,23.0,12.3,17.4,43,0.0,medium
2,Sfax,2025-04-18,2025,4,24.0,14.4,19.2,48,0.0,medium
2,Sfax,2025-04-19,2025,4,23.8,16.0,19.7,66,0.0,medium
2,Sfax,2025-04-20,2025,4,22.4,16.5,19.3,74,0.0,medium
2,Sfax,2025-04-21,2025,4,19.1,14.6,15.9,76,6.3,low
2,Sfax,2025-04-22,2025,4,23.0,13.6,17.1,68,0.3,medium
2,Sfax,2025-04-23,2025,4,23.0,12.6,17.8,71,0.3,medium
2,Sfax,2025-04-24,2025,4,25.6,13.1,19.0,65,0.0,medium
2,Sfax,2025-04-25,2025,4,24.5,14.4,19.2,65,0.0,medium
2,Sfax,2025-04-26,2025,4,23.8,16.7,19.9,68,0.0,medium
2,Sfax,2025-04-27,2025,4,24.2,14.2,18.7,71,0.1,medium
2,Sfax,2025-04-28,2025,4,20.5,14.9,17.4,78,4.3,low
2,Sfax,2025-04-29,2025,4,20.0,13.2,16.7,79,2.7,low
2,Sfax,2025-04-30,2025,4,21.5,13.1,17.6,78,0.0,medium
2,Sfax,2025-05-01,2025,5,24.0,15.3,19.7,71,0.1,medium
2,Sfax,2025-05-02,2025,5,24.5,17.6,20.8,62,0.0,medium
2,Sfax,2025-05-03,2025,5,24.4,17.2,20.8,67,0.0,medium
2,Sfax,2025-05-04,2025,5,27.5,17.5,22.0,70,0.0,medium
2,Sfax,2025-05-05,2025,5,27.0,18.7,22.0,67,0.2,medium
2,Sfax,2025-05-06,2025,5,26.2,17.5,21.4,58,0.0,medium
2,Sfax,2025-05-07,2025,5,25.9,18.0,21.0,59,0.0,medium
2,Sfax,2025-05-08,2025,5,25.0,17.3,21.0,68,0.0,medium
2,Sfax,2025-05-09,2025,5,27.4,17.5,21.8,64,0.0,medium
2,Sfax,2025-05-10,2025,5,25.2,16.6,21.0,67,0.0,medium
2,Sfax,2025-05-11,2025,5,30.8,20.2,24.4,61,0.0,medium
2,Sfax,2025-05-12,2025,5,27.4,18.5,21.7,69,5.1,low
2,Sfax,2025-05-13,2025,5,25.0,17.0,21.2,72,0.0,medium
2,Sfax,2025-05-14,2025,5,23.8,19.0,21.1,68,1.1,medium
2,Sfax,2025-05-15,2025,5,29.7,18.0,21.4,75,9.4,low
2,Sfax,2025-05-16,2025,5,25.2,16.3,20.3,63,0.1,medium
2,Sfax,2025-05-17,2025,5,25.2,15.9,20.5,64,0.0,medium
2,Sfax,2025-05-18,2025,5,27.5,19.1,23.0,64,0.0,medium
2,Sfax,2025-05-19,2025,5,32.5,20.1,25.7,55,0.0,medium
2,Sfax,2025-05-20,2025,5,32.0,20.1,25.7,60,0.0,medium
2,Sfax,2025-05-21,2025,5,27.5,19.5,22.8,60,0.0,medium
2,Sfax,2025-05-22,2025,5,26.8,18.9,22.4,66,0.3,medium
2,Sfax,2025-05-23,2025,5,27.2,19.2,22.6,58,0.0,medium
2,Sfax,2025-05-24,2025,5,22.5,16.8,18.9,65,4.9,low
2,Sfax,2025-05-25,2025,5,26.4,15.8,20.8,56,0.0,medium
2,Sfax,2025-05-26,2025,5,26.4,15.9,21.3,56,0.0,medium
2,Sfax,2025-05-27,2025,5,28.1,16.2,22.6,65,0.0,medium
2,Sfax,2025-05-28,2025,5,29.9,17.3,23.1,60,0.0,medium
2,Sfax,2025-05-29,2025,5,32.6,17.2,24.9,52,0.0,medium
2,Sfax,2025-05-30,2025,5,28.4,20.2,24.3,42,0.0,medium
2,Sfax,2025-05-31,2025,5,27.9,18.0,23.0,51,0.0,medium
2,Sfax,2025-06-01,2025,6,25.9,17.9,22.2,58,0.0,medium
2,Sfax,2025-06-02,2025,6,25.2,18.5,21.9,66,0.0,medium
2,Sfax,2025-06-03,2025,6,28.5,18.5,23.3,73,0.0,medium
2,Sfax,2025-06-04,2025,6,32.0,19.5,26.0,65,0.0,medium
2,Sfax,2025-06-05,2025,6,30.6,21.5,25.8,65,0.0,medium
2,Sfax,2025-06-06,2025,6,29.8,20.5,25.4,60,0.0,medium
2,Sfax,2025-06-07,2025,6,31.4,21.2,26.1,55,0.0,medium
2,Sfax,2025-06-08,2025,6,32.9,21.5,26.9,52,0.0,medium
2,Sfax,2025-06-09,2025,6,32.3,21.0,26.9,53,0.0,medium
2,Sfax,2025-06-10,2025,6,31.3,21.2,26.4,56,0.0,medium
2,Sfax,2025-06-11,2025,6,30.9,20.0,24.8,63,0.0,medium
2,Sfax,2025-06-12,2025,6,28.8,18.6,24.2,71,0.0,medium
2,Sfax,2025-06-13,2025,6,30.6,20.8,26.0,66,0.0,medium
2,Sfax,2025-06-14,2025,6,32.5,20.5,26.9,55,0.0,medium
2,Sfax,2025-06-15,2025,6,32.9,21.4,27.4,57,0.0,medium
2,Sfax,2025-06-16,2025,6,33.8,21.3,27.9,57,0.0,medium
2,Sfax,2025-06-17,2025,6,36.2,22.6,29.0,48,0.0,medium
2,Sfax,2025-06-18,2025,6,31.0,23.2,27.0,61,0.0,medium
2,Sfax,2025-06-19,2025,6,30.8,22.5,26.4,58,0.0,medium
2,Sfax,2025-06-20,2025,6,31.6,22.5,26.7,56,0.0,medium
2,Sfax,2025-06-21,2025,6,32.4,22.5,27.0,55,0.0,medium
2,Sfax,2025-06-22,2025,6,31.6,21.2,26.8,60,0.0,medium
2,Sfax,2025-06-23,2025,6,32.2,22.6,27.4,61,0.0,medium
2,Sfax,2025-06-24,2025,6,32.0,22.1,27.7,56,0.0,medium
2,Sfax,2025-06-25,2025,6,33.6,23.4,28.6,57,0.0,medium
2,Sfax,2025-06-26,2025,6,33.3,24.8,28.9,57,0.0,medium
2,Sfax,2025-06-27,2025,6,34.2,22.4,28.5,55,0.0,medium
2,Sfax,2025-06-28,2025,6,36.9,25.5,30.6,46,0.0,high
2,Sfax,2025-06-29,2025,6,35.1,24.9,29.3,53,0.0,medium
2,Sfax,2025-06-30,2025,6,31.6,23.7,27.5,67,0.0,medium
2,Sfax,2025-07-01,2025,7,32.2,22.4,27.6,64,0.0,medium
2,Sfax,2025-07-02,2025,7,32.3,21.7,27.7,67,0.0,medium
2,Sfax,2025-07-03,2025,7,33.2,24.4,28.9,59,0.4,medium
2,Sfax,2025-07-04,2025,7,33.9,24.0,29.1,56,0.0,medium
2,Sfax,2025-07-05,2025,7,32.8,23.5,28.5,67,0.0,medium
2,Sfax,2025-07-06,2025,7,34.0,24.1,28.7,69,0.0,medium
2,Sfax,2025-07-07,2025,7,36.2,25.2,30.6,55,0.0,high
2,Sfax,2025-07-08,2025,7,38.2,26.1,31.7,49,0.0,high
2,Sfax,2025-07-09,2025,7,35.7,26.0,29.5,49,0.0,medium
2,Sfax,2025-07-10,2025,7,32.1,22.6,27.1,54,0.0,medium
2,Sfax,2025-07-11,2025,7,31.2,23.0,27.0,56,0.0,medium
2,Sfax,2025-07-12,2025,7,30.2,23.8,27.3,62,0.0,medium
2,Sfax,2025-07-13,2025,7,32.8,25.3,28.8,68,0.0,medium
2,Sfax,2025-07-14,2025,7,41.3,25.2,31.7,51,0.0,high
2,Sfax,2025-07-15,2025,7,34.7,25.2,29.7,49,0.0,medium
2,Sfax,2025-07-16,2025,7,34.9,24.6,29.7,52,0.0,medium
2,Sfax,2025-07-17,2025,7,36.2,25.1,29.6,48,0.0,medium
2,Sfax,2025-07-18,2025,7,36.7,23.2,29.5,53,0.0,medium
2,Sfax,2025-07-19,2025,7,32.7,23.7,28.2,73,0.0,medium
2,Sfax,2025-07-20,2025,7,33.8,25.7,29.7,68,0.0,medium
2,Sfax,2025-07-21,2025,7,41.8,27.1,34.4,43,0.0,high
2,Sfax,2025-07-22,2025,7,36.9,28.0,31.8,51,0.0,high
2,Sfax,2025-07-23,2025,7,36.4,24.5,30.5,52,0.0,high
2,Sfax,2025-07-24,2025,7,42.7,27.2,32.8,52,0.0,high
2,Sfax,2025-07-25,2025,7,39.4,28.2,33.6,49,0.0,high
2,Sfax,2025-07-26,2025,7,36.5,27.7,31.3,43,0.0,high
2,Sfax,2025-07-27,2025,7,34.0,24.0,28.4,47,0.0,medium
2,Sfax,2025-07-28,2025,7,34.0,23.5,28.6,46,0.0,medium
2,Sfax,2025-07-29,2025,7,34.2,24.4,28.0,50,0.0,medium
2,Sfax,2025-07-30,2025,7,33.4,22.6,27.1,49,0.0,medium
2,Sfax,2025-07-31,2025,7,32.0,22.5,26.8,51,0.0,medium
2,Sfax,2025-08-01,2025,8,30.4,24.0,27.2,66,0.0,medium
2,Sfax,2025-08-02,2025,8,32.5,24.6,28.3,67,0.0,medium
2,Sfax,2025-08-03,2025,8,32.3,24.1,28.0,62,0.0,medium
2,Sfax,2025-08-04,2025,8,33.9,24.0,27.8,53,0.0,medium
2,Sfax,2025-08-05,2025,8,31.5,21.2,26.5,55,0.0,medium
2,Sfax,2025-08-06,2025,8,31.8,22.0,26.5,61,0.0,medium
2,Sfax,2025-08-07,2025,8,31.7,21.8,27.0,61,0.0,medium
2,Sfax,2025-08-08,2025,8,32.2,22.0,27.1,63,0.0,medium
2,Sfax,2025-08-09,2025,8,32.0,21.6,27.2,64,0.0,medium
2,Sfax,2025-08-10,2025,8,33.2,22.4,28.1,56,0.0,medium
2,Sfax,2025-08-11,2025,8,34.4,23.7,28.8,50,0.0,medium
2,Sfax,2025-08-12,2025,8,34.0,24.4,28.5,55,0.0,medium
2,Sfax,2025-08-13,2025,8,33.7,23.2,27.8,67,0.0,medium
2,Sfax,2025-08-14,2025,8,33.4,22.5,27.9,71,2.6,low
2,Sfax,2025-08-15,2025,8,33.2,23.5,28.2,66,2.4,low
2,Sfax,2025-08-16,2025,8,34.1,23.5,28.3,53,3.1,low
2,Sfax,2025-08-17,2025,8,33.8,23.4,28.1,59,0.6,medium
2,Sfax,2025-08-18,2025,8,32.2,25.0,28.4,68,0.1,medium
2,Sfax,2025-08-19,2025,8,31.8,22.8,27.8,74,0.0,medium
2,Sfax,2025-08-20,2025,8,35.5,26.5,30.7,63,0.0,high
2,Sfax,2025-08-21,2025,8,35.5,25.1,29.9,66,0.0,medium
2,Sfax,2025-08-22,2025,8,33.2,25.1,28.5,62,0.0,medium
2,Sfax,2025-08-23,2025,8,32.0,24.4,27.9,61,0.0,medium
2,Sfax,2025-08-24,2025,8,31.8,24.0,28.0,66,0.0,medium
2,Sfax,2025-08-25,2025,8,32.9,24.0,28.5,73,0.0,medium
2,Sfax,2025-08-26,2025,8,31.6,24.2,28.2,71,0.0,medium
2,Sfax,2025-08-27,2025,8,32.8,25.5,29.4,71,0.0,medium
2,Sfax,2025-08-28,2025,8,38.8,27.7,32.4,60,0.0,high
2,Sfax,2025-08-29,2025,8,33.3,27.3,29.4,68,0.6,medium
2,Sfax,2025-08-30,2025,8,32.5,25.5,28.3,70,0.0,medium
2,Sfax,2025-08-31,2025,8,31.5,23.4,27.4,57,0.0,medium
2,Sfax,2025-09-01,2025,9,33.0,25.5,28.6,70,0.0,medium
2,Sfax,2025-09-02,2025,9,32.4,24.5,28.4,74,0.0,medium
2,Sfax,2025-09-03,2025,9,31.5,24.0,27.2,58,0.0,medium
2,Sfax,2025-09-04,2025,9,30.8,22.2,26.6,64,0.0,medium
2,Sfax,2025-09-05,2025,9,31.5,22.9,27.4,67,0.0,medium
2,Sfax,2025-09-06,2025,9,31.1,21.4,26.9,66,0.0,medium
2,Sfax,2025-09-07,2025,9,34.4,24.8,29.2,69,0.0,medium
2,Sfax,2025-09-08,2025,9,34.1,24.3,29.1,68,0.0,medium
2,Sfax,2025-09-09,2025,9,34.3,25.5,29.6,67,0.0,medium
2,Sfax,2025-09-10,2025,9,37.1,26.2,31.2,55,0.0,high
2,Sfax,2025-09-11,2025,9,32.4,23.8,27.5,56,0.0,medium
2,Sfax,2025-09-12,2025,9,32.3,22.9,27.1,58,0.0,medium
2,Sfax,2025-09-13,2025,9,30.5,21.8,26.0,65,0.0,medium
2,Sfax,2025-09-14,2025,9,30.0,19.9,25.7,71,0.0,medium
2,Sfax,2025-09-15,2025,9,31.5,21.5,26.4,69,0.0,medium
2,Sfax,2025-09-16,2025,9,31.3,21.0,26.4,70,0.0,medium
2,Sfax,2025-09-17,2025,9,33.3,23.1,27.5,60,0.0,medium
2,Sfax,2025-09-18,2025,9,32.5,22.2,26.8,61,0.0,medium
2,Sfax,2025-09-19,2025,9,29.0,23.1,26.3,70,2.2,low
2,Sfax,2025-09-20,2025,9,29.4,23.9,26.3,62,0.0,medium
2,Sfax,2025-09-21,2025,9,28.1,22.0,25.3,69,1.6,medium
2,Sfax,2025-09-22,2025,9,29.9,25.0,26.9,67,1.6,medium
2,Sfax,2025-09-23,2025,9,28.3,23.7,26.0,77,3.2,low
2,Sfax,2025-09-24,2025,9,32.0,22.6,26.0,73,6.2,low
2,Sfax,2025-09-25,2025,9,27.8,20.0,24.0,69,0.0,medium
2,Sfax,2025-09-26,2025,9,29.5,22.9,25.9,72,0.7,medium
2,Sfax,2025-09-27,2025,9,27.0,19.6,22.5,71,59.5,low
2,Sfax,2025-09-28,2025,9,29.1,19.9,23.5,59,0.0,medium
2,Sfax,2025-09-29,2025,9,29.4,18.5,24.4,54,0.0,medium
2,Sfax,2025-09-30,2025,9,28.8,20.9,25.0,59,0.0,medium
2,Sfax,2025-10-01,2025,10,31.9,21.0,25.7,54,0.1,medium
2,Sfax,2025-10-02,2025,10,27.0,19.5,23.0,52,0.1,medium
2,Sfax,2025-10-03,2025,10,25.2,16.7,20.9,50,0.0,medium
2,Sfax,2025-10-04,2025,10,26.4,15.4,21.6,49,0.0,medium
2,Sfax,2025-10-05,2025,10,30.6,18.8,24.8,42,0.0,medium
2,Sfax,2025-10-06,2025,10,27.0,20.4,23.4,47,0.0,medium
2,Sfax,2025-10-07,2025,10,26.5,17.3,21.4,50,0.1,medium
2,Sfax,2025-10-08,2025,10,26.5,16.2,21.5,58,0.0,medium
2,Sfax,2025-10-09,2025,10,27.9,18.8,23.4,60,0.0,medium
2,Sfax,2025-10-10,2025,10,28.0,20.6,24.1,66,0.0,medium
2,Sfax,2025-10-11,2025,10,26.8,21.5,23.8,70,0.0,medium
2,Sfax,2025-10-12,2025,10,26.3,21.6,23.7,66,0.7,medium
2,Sfax,2025-10-13,2025,10,27.0,20.6,23.7,68,0.0,medium
2,Sfax,2025-10-14,2025,10,27.6,20.9,24.2,72,0.0,medium
2,Sfax,2025-10-15,2025,10,30.0,22.4,25.0,68,1.9,medium
2,Sfax,2025-10-16,2025,10,28.0,19.5,23.2,70,0.0,medium
2,Sfax,2025-10-17,2025,10,25.6,17.6,21.8,65,0.0,medium
2,Sfax,2025-10-18,2025,10,22.8,18.5,21.0,78,13.9,low
2,Sfax,2025-10-19,2025,10,25.1,17.1,20.3,77,2.2,low
2,Sfax,2025-10-20,2025,10,23.9,15.9,20.0,80,0.1,medium
2,Sfax,2025-10-21,2025,10,28.2,18.2,22.6,70,0.0,medium
2,Sfax,2025-10-22,2025,10,29.1,18.4,22.9,82,0.0,medium
2,Sfax,2025-10-23,2025,10,27.0,19.3,22.9,82,0.0,medium
2,Sfax,2025-10-24,2025,10,29.9,20.2,23.9,62,0.0,medium
2,Sfax,2025-10-25,2025,10,31.9,19.2,25.7,56,0.0,medium
2,Sfax,2025-10-26,2025,10,34.0,23.4,27.7,28,0.0,medium
2,Sfax,2025-10-27,2025,10,26.0,19.2,22.1,55,0.0,medium
2,Sfax,2025-10-28,2025,10,24.4,15.4,19.8,55,0.0,medium
2,Sfax,2025-10-29,2025,10,26.2,13.2,20.2,72,0.0,medium
2,Sfax,2025-10-30,2025,10,27.3,19.4,22.9,78,0.0,medium
2,Sfax,2025-10-31,2025,10,28.3,19.0,23.2,52,0.0,medium
2,Sfax,2025-11-01,2025,11,26.6,17.8,21.3,64,0.0,medium
2,Sfax,2025-11-02,2025,11,25.1,15.7,20.2,79,0.0,medium
2,Sfax,2025-11-03,2025,11,26.1,16.7,20.7,73,2.1,low
2,Sfax,2025-11-04,2025,11,24.5,16.1,19.7,60,0.0,medium
2,Sfax,2025-11-05,2025,11,24.3,15.2,19.1,70,0.0,medium
2,Sfax,2025-11-06,2025,11,25.4,16.3,20.8,65,0.0,medium
2,Sfax,2025-11-07,2025,11,24.0,17.3,19.7,68,0.7,medium
2,Sfax,2025-11-08,2025,11,23.0,16.5,19.3,65,0.2,medium
2,Sfax,2025-11-09,2025,11,23.5,14.1,19.0,47,0.0,medium
2,Sfax,2025-11-10,2025,11,24.0,15.4,19.0,56,0.0,medium
2,Sfax,2025-11-11,2025,11,23.7,12.7,17.8,53,0.0,medium
2,Sfax,2025-11-12,2025,11,23.8,14.4,18.8,66,0.0,medium
2,Sfax,2025-11-13,2025,11,23.4,13.5,18.9,68,0.0,medium
2,Sfax,2025-11-14,2025,11,23.9,16.2,19.9,69,0.0,medium
2,Sfax,2025-11-15,2025,11,27.0,15.2,20.3,49,0.0,medium
2,Sfax,2025-11-16,2025,11,27.0,16.2,21.4,34,0.0,medium
2,Sfax,2025-11-17,2025,11,23.9,16.9,20.1,48,0.4,medium
2,Sfax,2025-11-18,2025,11,23.1,16.5,19.2,69,1.7,medium
2,Sfax,2025-11-19,2025,11,19.9,14.4,16.5,78,6.6,low
2,Sfax,2025-11-20,2025,11,21.1,11.9,16.0,74,0.0,medium
2,Sfax,2025-11-21,2025,11,20.0,13.6,15.9,58,0.0,medium
2,Sfax,2025-11-22,2025,11,15.9,9.1,12.1,44,0.0,medium
2,Sfax,2025-11-23,2025,11,16.2,7.7,11.3,52,0.0,medium
2,Sfax,2025-11-24,2025,11,15.7,6.8,11.4,42,0.0,medium
2,Sfax,2025-11-25,2025,11,17.0,9.6,13.0,40,0.0,medium
2,Sfax,2025-11-26,2025,11,18.5,11.1,14.2,57,0.3,medium
2,Sfax,2025-11-27,2025,11,15.8,8.1,11.7,48,0.0,medium
2,Sfax,2025-11-28,2025,11,16.8,8.4,12.2,53,0.0,medium
2,Sfax,2025-11-29,2025,11,18.1,10.2,13.5,54,1.0,medium
2,Sfax,2025-11-30,2025,11,16.9,6.3,11.4,46,0.0,medium
2,Sfax,2025-12-01,2025,12,18.6,3.2,11.2,51,0.0,medium
2,Sfax,2025-12-02,2025,12,20.1,9.9,14.5,60,0.0,medium
2,Sfax,2025-12-03,2025,12,20.2,11.0,15.0,63,0.0,medium
2,Sfax,2025-12-04,2025,12,17.9,10.5,13.9,59,0.0,medium
2,Sfax,2025-12-05,2025,12,18.4,10.2,13.7,53,0.0,medium
2,Sfax,2025-12-06,2025,12,19.0,11.6,14.3,51,0.0,medium
2,Sfax,2025-12-07,2025,12,22.5,12.4,16.6,54,0.0,medium
2,Sfax,2025-12-08,2025,12,22.2,12.2,16.5,63,0.0,medium
2,Sfax,2025-12-09,2025,12,19.2,11.9,15.0,78,0.0,medium
2,Sfax,2025-12-10,2025,12,19.2,10.1,14.2,84,0.0,medium
2,Sfax,2025-12-11,2025,12,18.5,10.9,14.2,87,0.2,medium
2,Sfax,2025-12-12,2025,12,18.6,11.7,14.7,87,0.3,medium
2,Sfax,2025-12-13,2025,12,19.6,12.6,15.6,78,0.2,medium
2,Sfax,2025-12-14,2025,12,19.8,13.4,16.3,83,0.0,medium
2,Sfax,2025-12-15,2025,12,19.4,15.7,17.6,84,1.3,medium
2,Sfax,2025-12-16,2025,12,18.5,15.1,16.4,85,3.3,low
2,Sfax,2025-12-17,2025,12,20.0,13.7,16.6,91,0.1,medium
2,Sfax,2025-12-18,2025,12,20.0,16.4,18.0,83,0.0,medium
2,Sfax,2025-12-19,2025,12,17.4,13.1,15.4,90,14.2,low
2,Sfax,2025-12-20,2025,12,17.9,11.8,14.2,83,0.3,medium
2,Sfax,2025-12-21,2025,12,17.6,10.7,13.3,86,0.4,medium
2,Sfax,2025-12-22,2025,12,16.4,10.1,12.7,81,0.0,medium
2,Sfax,2025-12-23,2025,12,14.7,8.7,11.3,74,7.4,low
2,Sfax,2025-12-24,2025,12,14.1,6.8,10.6,72,0.0,medium
2,Sfax,2025-12-25,2025,12,16.9,10.2,12.5,67,0.0,medium
2,Sfax,2025-12-26,2025,12,18.5,11.6,14.4,79,6.3,low
2,Sfax,2025-12-27,2025,12,18.2,9.9,13.5,85,0.1,medium
2,Sfax,2025-12-28,2025,12,17.6,8.4,12.3,88,0.0,medium
2,Sfax,2025-12-29,2025,12,16.1,7.1,10.9,84,0.0,medium
2,Sfax,2025-12-30,2025,12,17.6,7.3,11.5,68,0.0,medium
2,Sfax,2025-12-31,2025,12,17.4,8.1,12.1,64,0.0,medium
3,Beja,2025-01-01,2025,1,13.6,6.1,9.3,93,0.3,medium
3,Beja,2025-01-02,2025,1,14.4,6.5,9.5,90,1.1,medium
3,Beja,2025-01-03,2025,1,15.4,3.5,9.2,88,0.0,medium
3,Beja,2025-01-04,2025,1,15.2,8.1,10.8,86,0.0,medium
3,Beja,2025-01-05,2025,1,16.0,5.2,9.9,87,0.0,medium
3,Beja,2025-01-06,2025,1,16.8,7.4,11.3,62,0.0,medium
3,Beja,2025-01-07,2025,1,15.1,5.2,10.0,80,1.2,medium
3,Beja,2025-01-08,2025,1,14.8,4.8,9.2,81,0.0,medium
3,Beja,2025-01-09,2025,1,17.7,4.0,9.6,75,0.9,medium
3,Beja,2025-01-10,2025,1,17.4,9.1,12.5,83,0.0,medium
3,Beja,2025-01-11,2025,1,18.0,6.6,11.7,81,0.3,medium
3,Beja,2025-01-12,2025,1,12.1,8.1,10.2,86,7.7,low
3,Beja,2025-01-13,2025,1,8.7,5.7,7.3,89,10.2,low
3,Beja,2025-01-14,2025,1,10.5,5.2,7.7,88,3.4,low
3,Beja,2025-01-15,2025,1,10.7,3.7,7.1,89,2.1,low
3,Beja,2025-01-16,2025,1,9.9,4.0,6.3,90,0.3,medium
3,Beja,2025-01-17,2025,1,9.9,3.9,7.2,90,37.1,low
3,Beja,2025-01-18,2025,1,11.4,4.9,7.6,85,0.6,medium
3,Beja,2025-01-19,2025,1,12.8,3.7,7.5,90,0.1,medium
3,Beja,2025-01-20,2025,1,14.7,4.5,8.6,84,0.1,medium
3,Beja,2025-01-21,2025,1,14.6,2.7,8.3,81,0.0,medium
3,Beja,2025-01-22,2025,1,18.0,6.4,11.2,77,0.0,medium
3,Beja,2025-01-23,2025,1,19.5,8.1,12.4,65,0.0,medium
3,Beja,2025-01-24,2025,1,18.5,5.9,10.9,77,0.0,medium
3,Beja,2025-01-25,2025,1,15.1,4.3,10.3,82,0.0,medium
3,Beja,2025-01-26,2025,1,18.6,6.7,12.0,80,0.0,medium
3,Beja,2025-01-27,2025,1,18.5,5.7,11.5,80,0.0,medium
3,Beja,2025-01-28,2025,1,18.5,9.8,13.1,72,0.7,medium
3,Beja,2025-01-29,2025,1,13.2,6.2,9.6,83,4.0,low
3,Beja,2025-01-30,2025,1,16.5,4.2,9.5,81,0.0,medium
3,Beja,2025-01-31,2025,1,16.5,4.8,10.3,84,0.0,medium
3,Beja,2025-02-01,2025,2,14.1,8.7,10.5,93,17.4,low
3,Beja,2025-02-02,2025,2,13.2,6.4,9.6,85,1.5,medium
3,Beja,2025-02-03,2025,2,13.4,4.2,8.6,87,1.5,medium
3,Beja,2025-02-04,2025,2,14.7,6.8,10.6,87,0.8,medium
3,Beja,2025-02-05,2025,2,14.1,6.2,9.7,87,2.4,low
3,Beja,2025-02-06,2025,2,13.9,5.2,8.9,88,0.8,medium
3,Beja,2025-02-07,2025,2,12.3,4.3,8.1,89,1.0,medium
3,Beja,2025-02-08,2025,2,14.1,7.4,9.9,86,0.8,medium
3,Beja,2025-02-09,2025,2,11.0,5.6,8.9,86,3.3,low
3,Beja,2025-02-10,2025,2,14.1,5.5,9.7,87,0.3,medium
3,Beja,2025-02-11,2025,2,17.5,4.8,9.8,86,0.0,medium
3,Beja,2025-02-12,2025,2,17.7,4.7,10.4,85,0.0,medium
3,Beja,2025-02-13,2025,2,16.5,5.5,10.6,86,1.0,medium
3,Beja,2025-02-14,2025,2,14.1,6.7,10.6,87,1.3,medium
3,Beja,2025-02-15,2025,2,13.9,6.9,9.6,81,6.9,low
3,Beja,2025-02-16,2025,2,15.4,2.4,8.8,81,0.0,medium
3,Beja,2025-02-17,2025,2,15.1,4.9,9.5,84,0.0,medium
3,Beja,2025-02-18,2025,2,15.6,3.9,9.2,86,0.0,medium
3,Beja,2025-02-19,2025,2,18.0,4.3,10.6,85,0.0,medium
3,Beja,2025-02-20,2025,2,19.6,5.2,11.2,85,0.0,medium
3,Beja,2025-02-21,2025,2,16.0,8.1,11.4,87,0.0,medium
3,Beja,2025-02-22,2025,2,18.7,6.2,11.6,84,0.0,medium
3,Beja,2025-02-23,2025,2,18.3,5.3,11.2,84,0.3,medium
3,Beja,2025-02-24,2025,2,16.1,7.3,10.9,91,2.9,low
3,Beja,2025-02-25,2025,2,18.1,7.9,12.1,85,0.4,medium
3,Beja,2025-02-26,2025,2,13.4,8.3,10.6,81,3.8,low
3,Beja,2025-02-27,2025,2,15.8,5.9,10.0,77,0.0,medium
3,Beja,2025-02-28,2025,2,16.4,4.0,10.0,85,0.0,medium
3,Beja,2025-03-01,2025,3,19.6,7.2,12.6,75,0.2,medium
3,Beja,2025-03-02,2025,3,16.6,9.2,12.3,83,2.9,low
3,Beja,2025-03-03,2025,3,17.2,8.4,12.7,83,0.3,medium
3,Beja,2025-03-04,2025,3,18.1,7.7,12.4,83,0.0,medium
3,Beja,2025-03-05,2025,3,15.8,9.6,12.3,82,0.3,medium
3,Beja,2025-03-06,2025,3,14.1,10.9,12.4,87,4.7,low
3,Beja,2025-03-07,2025,3,17.0,10.9,13.2,89,4.7,low
3,Beja,2025-03-08,2025,3,18.7,11.2,14.1,85,0.0,medium
3,Beja,2025-03-09,2025,3,22.4,7.9,14.4,82,0.0,medium
3,Beja,2025-03-10,2025,3,20.1,8.8,14.0,86,4.8,low
3,Beja,2025-03-11,2025,3,20.5,8.1,14.3,85,0.0,medium
3,Beja,2025-03-12,2025,3,18.1,9.4,13.4,82,2.8,low
3,Beja,2025-03-13,2025,3,22.0,7.3,14.1,78,0.0,medium
3,Beja,2025-03-14,2025,3,23.4,11.4,15.7,82,0.0,medium
3,Beja,2025-03-15,2025,3,19.4,8.8,13.3,79,0.0,medium
3,Beja,2025-03-16,2025,3,17.8,6.6,11.4,81,0.0,medium
3,Beja,2025-03-17,2025,3,20.2,7.1,12.8,80,0.0,medium
3,Beja,2025-03-18,2025,3,19.8,9.4,14.1,80,0.4,medium
3,Beja,2025-03-19,2025,3,20.3,12.0,15.0,83,0.0,medium
3,Beja,2025-03-20,2025,3,21.0,10.8,15.1,78,0.0,medium
3,Beja,2025-03-21,2025,3,22.8,9.4,15.6,78,0.0,medium
3,Beja,2025-03-22,2025,3,22.4,9.9,15.8,84,0.0,medium
3,Beja,2025-03-23,2025,3,18.4,11.4,14.6,71,0.0,medium
3,Beja,2025-03-24,2025,3,19.6,10.4,14.0,73,0.5,medium
3,Beja,2025-03-25,2025,3,13.9,9.5,12.5,79,0.2,medium
3,Beja,2025-03-26,2025,3,14.9,8.1,11.3,80,1.4,medium
3,Beja,2025-03-27,2025,3,13.6,8.9,11.2,81,2.2,low
3,Beja,2025-03-28,2025,3,16.0,10.0,12.4,76,0.7,medium
3,Beja,2025-03-29,2025,3,14.6,9.2,11.5,80,2.7,low
3,Beja,2025-03-30,2025,3,13.8,6.7,10.3,81,3.8,low
3,Beja,2025-03-31,2025,3,14.8,10.8,12.3,83,3.1,low
3,Beja,2025-04-01,2025,4,16.5,7.3,12.0,76,1.7,medium
3,Beja,2025-04-02,2025,4,18.0,5.1,11.5,75,0.0,medium
3,Beja,2025-04-03,2025,4,20.9,7.4,13.9,77,0.0,medium
3,Beja,2025-04-04,2025,4,23.2,7.8,14.9,82,0.0,medium
3,Beja,2025-04-05,2025,4,19.7,10.2,14.7,81,0.1,medium
3,Beja,2025-04-06,2025,4,18.0,10.1,13.9,81,1.1,medium
3,Beja,2025-04-07,2025,4,17.8,8.8,13.2,84,4.7,low
3,Beja,2025-04-08,2025,4,19.0,7.9,13.0,85,1.5,medium
3,Beja,2025-04-09,2025,4,22.2,7.3,14.1,81,0.0,medium
3,Beja,2025-04-10,2025,4,22.5,9.8,15.3,83,0.0,medium
3,Beja,2025-04-11,2025,4,22.0,7.8,14.9,73,0.0,medium
3,Beja,2025-04-12,2025,4,29.0,12.4,19.9,67,0.0,medium
3,Beja,2025-04-13,2025,4,25.9,15.9,20.0,72,0.0,medium
3,Beja,2025-04-14,2025,4,22.8,14.1,18.2,82,6.2,low
3,Beja,2025-04-15,2025,4,22.6,11.5,16.8,80,0.2,medium
3,Beja,2025-04-16,2025,4,15.8,9.1,13.2,90,17.5,low
3,Beja,2025-04-17,2025,4,17.0,9.0,12.5,72,0.3,medium
3,Beja,2025-04-18,2025,4,21.5,8.8,14.7,77,0.0,medium
3,Beja,2025-04-19,2025,4,25.5,9.2,16.9,75,0.0,medium
3,Beja,2025-04-20,2025,4,23.4,12.2,16.7,74,7.6,low
3,Beja,2025-04-21,2025,4,13.9,11.0,12.3,87,7.4,low
3,Beja,2025-04-22,2025,4,17.9,9.6,13.7,78,0.1,medium
3,Beja,2025-04-23,2025,4,19.1,7.0,13.2,78,0.0,medium
3,Beja,2025-04-24,2025,4,20.5,8.5,14.1,78,0.0,medium
3,Beja,2025-04-25,2025,4,21.9,8.1,14.7,73,0.0,medium
3,Beja,2025-04-26,2025,4,20.5,9.8,14.6,78,0.0,medium
3,Beja,2025-04-27,2025,4,20.8,8.2,14.4,82,6.0,low
3,Beja,2025-04-28,2025,4,18.4,10.4,13.7,86,13.2,low
3,Beja,2025-04-29,2025,4,20.0,9.2,14.6,79,0.3,medium
3,Beja,2025-04-30,2025,4,24.0,9.9,16.6,75,0.0,medium
3,Beja,2025-05-01,2025,5,26.0,11.4,18.5,70,0.0,medium
3,Beja,2025-05-02,2025,5,27.8,12.9,19.9,66,0.0,medium
3,Beja,2025-05-03,2025,5,30.3,14.2,21.9,60,0.8,medium
3,Beja,2025-05-04,2025,5,22.5,16.0,19.5,74,2.8,low
3,Beja,2025-05-05,2025,5,25.1,13.4,18.8,69,0.5,medium
3,Beja,2025-05-06,2025,5,23.6,13.9,18.2,69,0.9,medium
3,Beja,2025-05-07,2025,5,23.5,12.6,17.7,80,2.2,low
3,Beja,2025-05-08,2025,5,23.9,14.7,18.1,84,22.4,low
3,Beja,2025-05-09,2025,5,21.9,14.2,17.7,82,3.3,low
3,Beja,2025-05-10,2025,5,26.6,13.1,18.9,80,2.8,low
3,Beja,2025-05-11,2025,5,25.1,14.8,19.4,78,1.3,medium
3,Beja,2025-05-12,2025,5,22.4,13.5,17.9,78,0.7,medium
3,Beja,2025-05-13,2025,5,25.0,10.2,17.7,69,0.0,medium
3,Beja,2025-05-14,2025,5,22.1,15.4,17.6,70,2.0,low
3,Beja,2025-05-15,2025,5,18.6,14.6,16.2,85,5.2,low
3,Beja,2025-05-16,2025,5,19.0,14.0,16.0,81,7.8,low
3,Beja,2025-05-17,2025,5,22.5,11.7,16.9,74,0.5,medium
3,Beja,2025-05-18,2025,5,28.4,12.1,19.9,69,0.0,medium
3,Beja,2025-05-19,2025,5,32.6,15.4,23.9,58,0.0,medium
3,Beja,2025-05-20,2025,5,27.1,16.6,20.9,71,0.2,medium
3,Beja,2025-05-21,2025,5,23.1,14.4,18.3,73,0.0,medium
3,Beja,2025-05-22,2025,5,24.2,13.7,18.9,78,14.1,low
3,Beja,2025-05-23,2025,5,21.0,14.9,17.4,74,0.0,medium
3,Beja,2025-05-24,2025,5,19.6,14.0,16.5,70,0.1,medium
3,Beja,2025-05-25,2025,5,21.4,13.6,17.2,70,0.0,medium
3,Beja,2025-05-26,2025,5,25.2,10.3,17.9,64,0.0,medium
3,Beja,2025-05-27,2025,5,26.3,12.0,19.0,59,0.0,medium
3,Beja,2025-05-28,2025,5,24.0,12.8,18.7,63,0.0,medium
3,Beja,2025-05-29,2025,5,25.4,13.6,19.7,63,0.0,medium
3,Beja,2025-05-30,2025,5,27.9,15.7,21.3,71,0.0,medium
3,Beja,2025-05-31,2025,5,29.4,14.5,21.8,60,0.0,medium
3,Beja,2025-06-01,2025,6,30.6,14.9,23.1,46,0.0,medium
3,Beja,2025-06-02,2025,6,32.7,14.9,24.3,42,0.0,medium
3,Beja,2025-06-03,2025,6,36.0,15.9,26.0,44,0.0,medium
3,Beja,2025-06-04,2025,6,33.7,17.5,25.2,59,0.0,medium
3,Beja,2025-06-05,2025,6,34.0,18.8,25.9,60,0.7,medium
3,Beja,2025-06-06,2025,6,36.7,19.9,28.2,43,0.0,medium
3,Beja,2025-06-07,2025,6,36.2,20.5,27.7,45,0.0,medium
3,Beja,2025-06-08,2025,6,33.1,19.8,26.3,56,0.0,medium
3,Beja,2025-06-09,2025,6,31.2,17.1,24.1,60,0.0,medium
3,Beja,2025-06-10,2025,6,32.2,16.8,23.7,47,0.0,medium
3,Beja,2025-06-11,2025,6,31.1,14.4,23.5,52,0.0,medium
3,Beja,2025-06-12,2025,6,34.0,16.8,25.3,55,0.0,medium
3,Beja,2025-06-13,2025,6,35.3,18.1,27.0,46,0.0,medium
3,Beja,2025-06-14,2025,6,35.3,19.4,27.9,35,0.0,medium
3,Beja,2025-06-15,2025,6,36.2,19.8,28.7,32,0.0,medium
3,Beja,2025-06-16,2025,6,36.7,20.9,28.8,33,0.0,medium
3,Beja,2025-06-17,2025,6,32.0,19.4,25.8,44,0.0,medium
3,Beja,2025-06-18,2025,6,29.0,18.0,23.3,62,0.0,medium
3,Beja,2025-06-19,2025,6,28.2,19.2,23.2,69,0.1,medium
3,Beja,2025-06-20,2025,6,29.2,19.3,24.0,66,0.2,medium
3,Beja,2025-06-21,2025,6,32.0,17.5,25.3,50,0.0,medium
3,Beja,2025-06-22,2025,6,35.8,19.1,27.9,46,0.0,medium
3,Beja,2025-06-23,2025,6,35.6,21.5,28.3,41,0.1,medium
3,Beja,2025-06-24,2025,6,36.1,19.9,28.2,44,0.0,medium
3,Beja,2025-06-25,2025,6,39.4,21.5,30.7,33,0.0,high
3,Beja,2025-06-26,2025,6,35.0,22.6,28.5,50,0.0,medium
3,Beja,2025-06-27,2025,6,32.2,20.1,25.9,65,0.0,medium
3,Beja,2025-06-28,2025,6,30.0,21.0,25.2,71,0.0,medium
3,Beja,2025-06-29,2025,6,31.9,20.2,25.8,69,0.0,medium
3,Beja,2025-06-30,2025,6,35.2,19.0,27.3,59,0.0,medium
3,Beja,2025-07-01,2025,7,37.1,21.6,28.9,49,0.2,medium
3,Beja,2025-07-02,2025,7,38.5,23.1,30.4,40,0.0,high
3,Beja,2025-07-03,2025,7,35.0,22.0,28.8,49,0.0,medium
3,Beja,2025-07-04,2025,7,33.0,20.3,26.9,61,0.0,medium
3,Beja,2025-07-05,2025,7,35.7,19.8,27.6,60,0.0,medium
3,Beja,2025-07-06,2025,7,37.0,22.3,29.0,55,0.0,medium
3,Beja,2025-07-07,2025,7,38.5,21.8,30.0,54,0.0,high
3,Beja,2025-07-08,2025,7,33.5,23.6,27.6,64,0.0,medium
3,Beja,2025-07-09,2025,7,29.6,21.6,25.5,57,0.0,medium
3,Beja,2025-07-10,2025,7,31.0,18.6,24.7,59,0.1,medium
3,Beja,2025-07-11,2025,7,33.8,17.0,25.5,55,0.0,medium
3,Beja,2025-07-12,2025,7,38.5,20.3,29.6,41,0.0,medium
3,Beja,2025-07-13,2025,7,38.7,25.0,30.9,40,0.0,high
3,Beja,2025-07-14,2025,7,37.8,22.3,30.2,53,0.0,high
3,Beja,2025-07-15,2025,7,39.9,23.2,31.2,40,0.0,high
3,Beja,2025-07-16,2025,7,32.1,23.5,27.1,63,0.0,medium
3,Beja,2025-07-17,2025,7,31.9,21.5,26.5,56,0.0,medium
3,Beja,2025-07-18,2025,7,34.0,20.0,27.3,51,0.0,medium
3,Beja,2025-07-19,2025,7,42.0,21.1,31.0,46,0.0,high
3,Beja,2025-07-20,2025,7,40.1,23.4,31.4,36,0.0,high
3,Beja,2025-07-21,2025,7,43.2,24.2,32.2,41,0.0,high
3,Beja,2025-07-22,2025,7,35.2,23.0,28.8,51,0.0,medium
3,Beja,2025-07-23,2025,7,44.0,23.2,32.4,39,0.0,high
3,Beja,2025-07-24,2025,7,44.7,24.4,34.3,34,0.0,high
3,Beja,2025-07-25,2025,7,40.5,24.4,30.3,44,0.0,high
3,Beja,2025-07-26,2025,7,28.5,22.4,24.9,63,0.6,medium
3,Beja,2025-07-27,2025,7,28.8,20.6,24.4,61,0.0,medium
3,Beja,2025-07-28,2025,7,30.2,18.0,24.2,64,0.0,medium
3,Beja,2025-07-29,2025,7,28.1,21.0,24.1,56,0.0,medium
3,Beja,2025-07-30,2025,7,28.6,18.5,23.3,58,0.0,medium
3,Beja,2025-07-31,2025,7,29.3,17.5,23.3,63,0.0,medium
3,Beja,2025-08-01,2025,8,34.8,17.2,25.2,56,0.0,medium
3,Beja,2025-08-02,2025,8,32.2,20.6,25.4,57,0.0,medium
3,Beja,2025-08-03,2025,8,31.0,18.5,24.4,63,0.0,medium
3,Beja,2025-08-04,2025,8,28.4,18.4,23.2,64,0.0,medium
3,Beja,2025-08-05,2025,8,29.7,15.9,22.8,68,0.0,medium
3,Beja,2025-08-06,2025,8,33.4,17.0,24.3,66,0.0,medium
3,Beja,2025-08-07,2025,8,36.2,18.4,27.0,49,0.0,medium
3,Beja,2025-08-08,2025,8,36.2,20.4,27.8,48,0.0,medium
3,Beja,2025-08-09,2025,8,35.8,19.1,27.5,52,0.0,medium
3,Beja,2025-08-10,2025,8,35.8,21.2,27.7,49,0.0,medium
3,Beja,2025-08-11,2025,8,33.7,20.1,26.2,64,0.0,medium
3,Beja,2025-08-12,2025,8,32.6,18.6,25.6,56,0.0,medium
3,Beja,2025-08-13,2025,8,32.9,19.0,26.0,57,0.4,medium
3,Beja,2025-08-14,2025,8,35.1,18.5,26.6,58,0.0,medium
3,Beja,2025-08-15,2025,8,34.2,19.2,26.7,51,0.0,medium
3,Beja,2025-08-16,2025,8,30.2,20.5,25.1,68,3.3,low
3,Beja,2025-08-17,2025,8,32.2,20.6,26.1,68,0.0,medium
3,Beja,2025-08-18,2025,8,32.9,21.3,26.2,66,0.0,medium
3,Beja,2025-08-19,2025,8,37.2,19.3,28.1,56,0.0,medium
3,Beja,2025-08-20,2025,8,37.2,21.5,28.5,54,0.0,medium
3,Beja,2025-08-21,2025,8,32.9,20.6,26.2,70,0.0,medium
3,Beja,2025-08-22,2025,8,31.4,21.7,25.5,73,0.0,medium
3,Beja,2025-08-23,2025,8,31.0,19.0,24.8,66,0.1,medium
3,Beja,2025-08-24,2025,8,33.7,17.4,25.7,61,0.0,medium
3,Beja,2025-08-25,2025,8,36.5,20.4,28.2,53,0.0,medium
3,Beja,2025-08-26,2025,8,38.0,22.4,29.7,46,0.2,medium
3,Beja,2025-08-27,2025,8,42.4,23.9,32.7,36,0.0,high
3,Beja,2025-08-28,2025,8,35.7,24.6,29.9,54,0.0,medium
3,Beja,2025-08-29,2025,8,32.5,22.4,26.5,64,1.5,medium
3,Beja,2025-08-30,2025,8,30.0,20.5,24.9,69,0.0,medium
3,Beja,2025-08-31,2025,8,34.8,18.5,26.5,55,0.0,medium
3,Beja,2025-09-01,2025,9,38.5,20.8,28.2,52,0.0,medium
3,Beja,2025-09-02,2025,9,30.6,21.6,24.4,69,6.7,low
3,Beja,2025-09-03,2025,9,31.2,18.1,24.3,61,0.0,medium
3,Beja,2025-09-04,2025,9,34.0,18.8,25.9,59,0.0,medium
3,Beja,2025-09-05,2025,9,33.6,19.7,26.6,58,0.0,medium
3,Beja,2025-09-06,2025,9,36.5,21.4,28.2,50,0.0,medium
3,Beja,2025-09-07,2025,9,37.8,21.6,29.2,54,0.0,medium
3,Beja,2025-09-08,2025,9,36.2,22.9,29.5,43,0.6,medium
3,Beja,2025-09-09,2025,9,36.7,22.4,28.1,55,2.0,low
3,Beja,2025-09-10,2025,9,27.5,20.0,23.2,82,11.4,low
3,Beja,2025-09-11,2025,9,28.2,18.0,22.7,76,0.0,medium
3,Beja,2025-09-12,2025,9,28.4,18.2,22.7,75,0.0,medium
3,Beja,2025-09-13,2025,9,30.8,15.9,22.9,68,0.0,medium
3,Beja,2025-09-14,2025,9,35.2,16.9,24.9,65,0.0,medium
3,Beja,2025-09-15,2025,9,33.8,17.4,25.3,64,0.0,medium
3,Beja,2025-09-16,2025,9,35.4,20.0,26.4,58,0.0,medium
3,Beja,2025-09-17,2025,9,29.9,18.1,23.6,74,0.0,medium
3,Beja,2025-09-18,2025,9,29.8,19.5,23.9,71,0.0,medium
3,Beja,2025-09-19,2025,9,32.3,17.5,24.4,68,0.0,medium
3,Beja,2025-09-20,2025,9,32.8,19.5,25.6,62,0.0,medium
3,Beja,2025-09-21,2025,9,34.1,18.2,25.7,57,0.0,medium
3,Beja,2025-09-22,2025,9,31.1,20.1,24.3,72,12.2,low
3,Beja,2025-09-23,2025,9,30.5,18.4,22.7,77,0.3,medium
3,Beja,2025-09-24,2025,9,24.5,16.9,20.8,78,0.7,medium
3,Beja,2025-09-25,2025,9,26.2,14.8,20.4,71,0.1,medium
3,Beja,2025-09-26,2025,9,25.7,16.5,20.5,78,1.0,medium
3,Beja,2025-09-27,2025,9,23.2,15.3,19.1,80,1.1,medium
3,Beja,2025-09-28,2025,9,25.4,14.6,19.4,73,0.0,medium
3,Beja,2025-09-29,2025,9,28.4,13.7,20.4,66,0.0,medium
3,Beja,2025-09-30,2025,9,27.0,15.8,20.4,69,0.0,medium
3,Beja,2025-10-01,2025,10,25.1,16.6,20.1,74,0.7,medium
3,Beja,2025-10-02,2025,10,22.3,15.1,18.5,73,1.9,medium
3,Beja,2025-10-03,2025,10,21.8,12.9,16.8,73,0.5,medium
3,Beja,2025-10-04,2025,10,24.5,12.7,18.1,76,0.9,medium
3,Beja,2025-10-05,2025,10,27.0,13.6,19.8,75,0.0,medium
3,Beja,2025-10-06,2025,10,21.5,15.9,18.9,60,0.2,medium
3,Beja,2025-10-07,2025,10,23.1,12.4,17.2,69,0.0,medium
3,Beja,2025-10-08,2025,10,25.3,11.6,17.8,71,0.0,medium
3,Beja,2025-10-09,2025,10,27.1,12.4,19.3,72,0.0,medium
3,Beja,2025-10-10,2025,10,28.6,14.2,20.2,74,0.2,medium
3,Beja,2025-10-11,2025,10,28.8,16.0,20.9,73,1.8,medium
3,Beja,2025-10-12,2025,10,27.5,16.9,20.6,73,2.5,low
3,Beja,2025-10-13,2025,10,29.2,15.9,21.8,61,0.0,medium
3,Beja,2025-10-14,2025,10,29.6,16.3,21.9,55,0.0,medium
3,Beja,2025-10-15,2025,10,26.0,15.6,19.7,72,0.9,medium
3,Beja,2025-10-16,2025,10,22.1,15.4,18.5,83,1.5,medium
3,Beja,2025-10-17,2025,10,24.5,12.7,18.1,75,0.0,medium
3,Beja,2025-10-18,2025,10,21.5,15.7,18.4,82,6.8,low
3,Beja,2025-10-19,2025,10,21.5,14.9,17.2,85,9.0,low
3,Beja,2025-10-20,2025,10,25.2,12.2,17.9,71,0.0,medium
3,Beja,2025-10-21,2025,10,26.6,13.6,19.2,67,0.0,medium
3,Beja,2025-10-22,2025,10,26.1,14.7,19.8,78,1.6,medium
3,Beja,2025-10-23,2025,10,27.4,15.3,21.5,68,0.1,medium
3,Beja,2025-10-24,2025,10,26.0,17.0,20.5,79,1.5,medium
3,Beja,2025-10-25,2025,10,30.6,14.5,21.1,68,0.0,medium
3,Beja,2025-10-26,2025,10,33.2,16.6,22.2,57,0.0,medium
3,Beja,2025-10-27,2025,10,20.6,12.9,17.4,67,0.2,medium
3,Beja,2025-10-28,2025,10,22.6,10.8,16.1,71,0.0,medium
3,Beja,2025-10-29,2025,10,27.0,10.1,17.6,66,0.0,medium
3,Beja,2025-10-30,2025,10,26.1,14.4,18.5,66,1.9,medium
3,Beja,2025-10-31,2025,10,22.6,13.9,17.9,78,0.3,medium
3,Beja,2025-11-01,2025,11,24.9,11.5,17.1,77,0.0,medium
3,Beja,2025-11-02,2025,11,26.9,10.5,17.6,79,0.0,medium
3,Beja,2025-11-03,2025,11,21.6,12.9,17.5,80,1.1,medium
3,Beja,2025-11-04,2025,11,21.1,10.7,15.4,76,0.0,medium
3,Beja,2025-11-05,2025,11,22.5,9.5,15.5,71,0.0,medium
3,Beja,2025-11-06,2025,11,24.8,9.6,16.7,76,0.0,medium
3,Beja,2025-11-07,2025,11,20.2,12.7,16.4,76,1.0,medium
3,Beja,2025-11-08,2025,11,21.8,9.9,15.1,70,3.7,low
3,Beja,2025-11-09,2025,11,16.8,11.3,14.1,83,2.5,low
3,Beja,2025-11-10,2025,11,19.3,11.1,15.0,82,1.3,medium
3,Beja,2025-11-11,2025,11,20.6,7.7,13.2,79,0.0,medium
3,Beja,2025-11-12,2025,11,22.7,6.9,14.1,68,0.0,medium
3,Beja,2025-11-13,2025,11,24.4,6.8,14.5,69,0.0,medium
3,Beja,2025-11-14,2025,11,25.2,9.8,16.7,46,0.0,medium
3,Beja,2025-11-15,2025,11,25.7,11.9,17.7,44,0.0,medium
3,Beja,2025-11-16,2025,11,24.9,11.0,16.6,52,0.0,medium
3,Beja,2025-11-17,2025,11,21.5,10.8,15.7,72,1.2,medium
3,Beja,2025-11-18,2025,11,18.9,11.9,15.2,82,0.7,medium
3,Beja,2025-11-19,2025,11,18.5,9.2,12.8,80,0.0,medium
3,Beja,2025-11-20,2025,11,19.7,6.8,12.0,79,0.0,medium
3,Beja,2025-11-21,2025,11,14.6,6.6,10.9,75,5.8,low
3,Beja,2025-11-22,2025,11,10.4,4.6,7.1,77,3.4,low
3,Beja,2025-11-23,2025,11,14.7,5.7,9.3,74,1.1,medium
3,Beja,2025-11-24,2025,11,16.5,3.7,9.3,64,0.0,medium
3,Beja,2025-11-25,2025,11,19.5,8.4,12.0,64,1.9,medium
3,Beja,2025-11-26,2025,11,11.9,6.9,9.4,83,3.0,low
3,Beja,2025-11-27,2025,11,9.9,6.2,7.5,82,2.6,low
3,Beja,2025-11-28,2025,11,11.4,6.8,8.8,85,7.4,low
3,Beja,2025-11-29,2025,11,14.4,7.4,10.3,86,2.1,low
3,Beja,2025-11-30,2025,11,15.7,4.0,9.0,77,0.0,medium
3,Beja,2025-12-01,2025,12,16.5,3.5,8.9,73,0.0,medium
3,Beja,2025-12-02,2025,12,16.2,3.8,9.2,86,0.3,medium
3,Beja,2025-12-03,2025,12,16.4,4.8,9.8,84,0.5,medium
3,Beja,2025-12-04,2025,12,13.5,8.4,10.1,81,1.7,medium
3,Beja,2025-12-05,2025,12,11.5,8.4,9.7,81,4.6,low
3,Beja,2025-12-06,2025,12,16.0,9.6,12.8,67,1.2,medium
3,Beja,2025-12-07,2025,12,18.1,11.8,14.5,84,0.6,medium
3,Beja,2025-12-08,2025,12,19.5,9.2,13.3,86,0.0,medium
3,Beja,2025-12-09,2025,12,17.8,7.0,11.6,86,0.0,medium
3,Beja,2025-12-10,2025,12,17.5,6.8,10.9,89,0.0,medium
3,Beja,2025-12-11,2025,12,15.6,6.2,9.8,93,0.0,medium
3,Beja,2025-12-12,2025,12,16.9,6.7,10.8,91,0.0,medium
3,Beja,2025-12-13,2025,12,17.1,7.4,11.5,91,0.0,medium
3,Beja,2025-12-14,2025,12,19.1,7.7,12.3,85,0.0,medium
3,Beja,2025-12-15,2025,12,16.4,11.6,13.8,93,3.0,low
3,Beja,2025-12-16,2025,12,18.4,10.4,13.6,78,1.2,medium
3,Beja,2025-12-17,2025,12,18.0,8.1,12.3,83,0.0,medium
3,Beja,2025-12-18,2025,12,18.4,11.5,14.7,89,0.4,medium
3,Beja,2025-12-19,2025,12,14.9,11.9,13.4,92,12.7,low
3,Beja,2025-12-20,2025,12,15.4,8.7,11.5,90,1.1,medium
3,Beja,2025-12-21,2025,12,14.0,9.4,11.1,94,11.7,low
3,Beja,2025-12-22,2025,12,15.6,7.4,10.6,80,0.0,medium
3,Beja,2025-12-23,2025,12,12.6,4.5,8.4,76,0.2,medium
3,Beja,2025-12-24,2025,12,13.1,4.0,8.0,70,0.0,medium
3,Beja,2025-12-25,2025,12,15.9,6.1,10.0,76,0.0,medium
3,Beja,2025-12-26,2025,12,15.7,5.6,9.8,77,0.8,medium
3,Beja,2025-12-27,2025,12,15.4,6.2,9.7,90,0.9,medium
3,Beja,2025-12-28,2025,12,15.6,6.7,10.0,86,0.0,medium
3,Beja,2025-12-29,2025,12,13.9,4.4,8.7,86,0.0,medium
3,Beja,2025-12-30,2025,12,13.9,4.1,8.5,86,0.2,medium
3,Beja,2025-12-31,2025,12,14.1,6.2,9.4,88,0.6,medium
4,Kairouan,2025-01-01,2025,1,18.0,8.7,12.3,82,1.1,medium
4,Kairouan,2025-01-02,2025,1,15.9,10.9,12.3,91,12.8,low
4,Kairouan,2025-01-03,2025,1,17.6,8.1,12.9,77,0.3,medium
4,Kairouan,2025-01-04,2025,1,19.0,7.8,12.6,74,0.0,medium
4,Kairouan,2025-01-05,2025,1,21.0,8.6,13.3,67,0.0,medium
4,Kairouan,2025-01-06,2025,1,19.8,11.9,15.1,50,0.0,medium
4,Kairouan,2025-01-07,2025,1,19.9,7.7,13.3,65,0.0,medium
4,Kairouan,2025-01-08,2025,1,19.0,6.9,11.9,67,0.0,medium
4,Kairouan,2025-01-09,2025,1,22.0,5.2,12.4,61,0.0,medium
4,Kairouan,2025-01-10,2025,1,21.1,9.8,14.3,68,0.0,medium
4,Kairouan,2025-01-11,2025,1,22.0,9.1,14.3,64,0.0,medium
4,Kairouan,2025-01-12,2025,1,16.2,9.9,12.9,66,0.8,medium
4,Kairouan,2025-01-13,2025,1,13.4,8.2,10.3,72,2.0,low
4,Kairouan,2025-01-14,2025,1,12.9,8.4,10.2,75,1.8,medium
4,Kairouan,2025-01-15,2025,1,15.1,6.9,10.3,74,0.0,medium
4,Kairouan,2025-01-16,2025,1,15.6,4.6,9.6,73,1.1,medium
4,Kairouan,2025-01-17,2025,1,11.4,8.7,10.0,74,19.2,low
4,Kairouan,2025-01-18,2025,1,15.6,8.9,11.8,62,12.8,low
4,Kairouan,2025-01-19,2025,1,18.0,5.7,10.6,80,0.9,medium
4,Kairouan,2025-01-20,2025,1,17.9,5.5,11.4,73,0.0,medium
4,Kairouan,2025-01-21,2025,1,20.5,5.2,11.8,67,0.0,medium
4,Kairouan,2025-01-22,2025,1,22.9,7.4,13.6,67,0.0,medium
4,Kairouan,2025-01-23,2025,1,24.2,11.6,16.0,46,0.0,medium
4,Kairouan,2025-01-24,2025,1,23.7,7.0,13.9,67,0.0,medium
4,Kairouan,2025-01-25,2025,1,21.0,6.5,14.2,64,0.0,medium
4,Kairouan,2025-01-26,2025,1,23.0,10.9,16.3,62,0.0,medium
4,Kairouan,2025-01-27,2025,1,24.2,10.4,16.4,55,0.0,medium
4,Kairouan,2025-01-28,2025,1,24.8,12.1,17.3,54,0.0,medium
4,Kairouan,2025-01-29,2025,1,17.5,8.4,12.9,68,5.7,low
4,Kairouan,2025-01-30,2025,1,21.2,7.0,12.7,57,0.0,medium
4,Kairouan,2025-01-31,2025,1,20.5,4.8,12.2,71,0.0,medium
4,Kairouan,2025-02-01,2025,2,14.6,10.6,12.1,89,28.5,low
4,Kairouan,2025-02-02,2025,2,17.4,8.6,12.1,71,0.7,medium
4,Kairouan,2025-02-03,2025,2,17.9,6.6,11.7,70,0.0,medium
4,Kairouan,2025-02-04,2025,2,17.1,9.5,12.5,76,0.3,medium
4,Kairouan,2025-02-05,2025,2,16.9,8.9,12.2,79,0.2,medium
4,Kairouan,2025-02-06,2025,2,17.2,7.6,11.4,76,0.0,medium
4,Kairouan,2025-02-07,2025,2,12.8,6.7,9.9,91,13.2,low
4,Kairouan,2025-02-08,2025,2,17.5,8.7,12.4,78,9.8,low
4,Kairouan,2025-02-09,2025,2,17.8,5.9,11.7,70,0.0,medium
4,Kairouan,2025-02-10,2025,2,17.2,9.1,12.3,75,0.0,medium
4,Kairouan,2025-02-11,2025,2,18.5,8.0,12.6,80,0.0,medium
4,Kairouan,2025-02-12,2025,2,19.9,7.8,13.1,72,0.0,medium
4,Kairouan,2025-02-13,2025,2,19.4,7.5,12.9,76,0.1,medium
4,Kairouan,2025-02-14,2025,2,19.5,8.4,13.5,74,0.2,medium
4,Kairouan,2025-02-15,2025,2,19.2,8.7,13.8,65,0.0,medium
4,Kairouan,2025-02-16,2025,2,19.1,5.7,12.0,64,0.0,medium
4,Kairouan,2025-02-17,2025,2,20.1,6.7,13.0,74,0.0,medium
4,Kairouan,2025-02-18,2025,2,19.1,5.4,12.3,75,0.0,medium
4,Kairouan,2025-02-19,2025,2,20.5,7.3,13.4,75,0.0,medium
4,Kairouan,2025-02-20,2025,2,19.5,8.2,13.2,82,0.0,medium
4,Kairouan,2025-02-21,2025,2,18.0,9.9,13.0,86,2.6,low
4,Kairouan,2025-02-22,2025,2,19.8,9.4,13.9,72,0.0,medium
4,Kairouan,2025-02-23,2025,2,20.4,8.8,13.5,73,0.0,medium
4,Kairouan,2025-02-24,2025,2,20.6,9.1,14.1,75,0.0,medium
4,Kairouan,2025-02-25,2025,2,21.2,7.9,14.4,71,0.0,medium
4,Kairouan,2025-02-26,2025,2,18.4,9.4,12.6,77,3.0,low
4,Kairouan,2025-02-27,2025,2,20.0,6.6,12.9,57,0.0,medium
4,Kairouan,2025-02-28,2025,2,22.3,6.4,13.8,62,0.0,medium
4,Kairouan,2025-03-01,2025,3,24.2,10.2,16.1,48,0.0,medium
4,Kairouan,2025-03-02,2025,3,19.8,10.9,14.5,80,2.6,low
4,Kairouan,2025-03-03,2025,3,20.4,11.4,15.3,75,2.1,low
4,Kairouan,2025-03-04,2025,3,20.0,9.8,14.3,77,0.1,medium
4,Kairouan,2025-03-05,2025,3,18.0,10.7,14.2,76,0.8,medium
4,Kairouan,2025-03-06,2025,3,17.7,12.9,14.4,82,6.7,low
4,Kairouan,2025-03-07,2025,3,20.5,12.2,15.4,82,3.0,low
4,Kairouan,2025-03-08,2025,3,22.0,10.6,16.0,75,0.0,medium
4,Kairouan,2025-03-09,2025,3,25.6,11.8,17.6,72,0.0,medium
4,Kairouan,2025-03-10,2025,3,27.4,11.7,18.2,67,0.0,medium
4,Kairouan,2025-03-11,2025,3,24.1,12.4,18.1,70,0.0,medium
4,Kairouan,2025-03-12,2025,3,22.0,12.7,16.5,75,1.8,medium
4,Kairouan,2025-03-13,2025,3,27.1,12.1,18.5,63,0.0,medium
4,Kairouan,2025-03-14,2025,3,31.6,12.8,22.1,44,0.0,medium
4,Kairouan,2025-03-15,2025,3,26.6,12.2,18.7,57,0.1,medium
4,Kairouan,2025-03-16,2025,3,23.2,11.2,16.6,59,0.0,medium
4,Kairouan,2025-03-17,2025,3,25.4,11.1,16.9,69,0.0,medium
4,Kairouan,2025-03-18,2025,3,22.8,13.2,17.1,75,0.9,medium
4,Kairouan,2025-03-19,2025,3,21.3,14.0,17.1,76,0.8,medium
4,Kairouan,2025-03-20,2025,3,22.4,12.3,16.3,73,0.0,medium
4,Kairouan,2025-03-21,2025,3,25.0,12.1,17.6,70,0.0,medium
4,Kairouan,2025-03-22,2025,3,28.4,11.9,19.2,70,0.9,medium
4,Kairouan,2025-03-23,2025,3,23.9,14.1,18.5,57,0.0,medium
4,Kairouan,2025-03-24,2025,3,24.0,12.6,17.6,59,0.0,medium
4,Kairouan,2025-03-25,2025,3,21.1,13.1,16.1,61,0.1,medium
4,Kairouan,2025-03-26,2025,3,20.4,10.9,15.3,58,0.3,medium
4,Kairouan,2025-03-27,2025,3,20.0,11.4,15.2,54,0.0,medium
4,Kairouan,2025-03-28,2025,3,21.9,11.9,16.3,50,0.1,medium
4,Kairouan,2025-03-29,2025,3,21.3,10.9,15.3,56,0.8,medium
4,Kairouan,2025-03-30,2025,3,18.5,8.6,13.6,61,2.7,low
4,Kairouan,2025-03-31,2025,3,20.2,12.9,16.1,57,0.0,medium
4,Kairouan,2025-04-01,2025,4,20.6,11.3,15.7,53,0.0,medium
4,Kairouan,2025-04-02,2025,4,22.5,7.5,14.9,59,0.0,medium
4,Kairouan,2025-04-03,2025,4,23.6,9.1,16.1,68,0.0,medium
4,Kairouan,2025-04-04,2025,4,26.0,10.9,17.8,66,0.0,medium
4,Kairouan,2025-04-05,2025,4,25.1,12.6,18.3,71,0.7,medium
4,Kairouan,2025-04-06,2025,4,23.4,13.9,17.9,68,1.5,medium
4,Kairouan,2025-04-07,2025,4,20.7,10.4,15.8,70,0.3,medium
4,Kairouan,2025-04-08,2025,4,23.8,9.7,16.0,73,0.0,medium
4,Kairouan,2025-04-09,2025,4,25.8,10.6,17.6,68,0.0,medium
4,Kairouan,2025-04-10,2025,4,26.5,11.6,18.0,71,0.0,medium
4,Kairouan,2025-04-11,2025,4,25.2,10.3,17.7,65,0.0,medium
4,Kairouan,2025-04-12,2025,4,31.5,15.3,21.8,64,0.0,medium
4,Kairouan,2025-04-13,2025,4,27.2,15.2,20.6,65,0.0,medium
4,Kairouan,2025-04-14,2025,4,26.7,17.1,20.9,69,1.8,medium
4,Kairouan,2025-04-15,2025,4,27.0,15.5,20.0,69,0.0,medium
4,Kairouan,2025-04-16,2025,4,24.6,11.9,16.7,77,22.6,low
4,Kairouan,2025-04-17,2025,4,22.7,10.5,16.2,51,0.0,medium
4,Kairouan,2025-04-18,2025,4,25.9,11.0,18.4,55,0.0,medium
4,Kairouan,2025-04-19,2025,4,28.9,12.9,20.4,48,0.0,medium
4,Kairouan,2025-04-20,2025,4,27.8,12.1,19.3,63,0.0,medium
4,Kairouan,2025-04-21,2025,4,17.2,13.9,15.1,76,16.3,low
4,Kairouan,2025-04-22,2025,4,23.0,12.6,17.8,61,0.0,medium
4,Kairouan,2025-04-23,2025,4,24.1,10.0,17.6,61,0.0,medium
4,Kairouan,2025-04-24,2025,4,26.0,11.8,18.6,58,0.0,medium
4,Kairouan,2025-04-25,2025,4,27.9,11.7,19.6,61,0.0,medium
4,Kairouan,2025-04-26,2025,4,26.0,14.1,19.5,64,0.2,medium
4,Kairouan,2025-04-27,2025,4,25.3,11.5,17.9,67,10.0,low
4,Kairouan,2025-04-28,2025,4,22.2,12.8,16.9,74,5.0,low
4,Kairouan,2025-04-29,2025,4,22.7,12.6,16.9,73,11.6,low
4,Kairouan,2025-04-30,2025,4,26.0,11.6,18.8,65,0.0,medium
4,Kairouan,2025-05-01,2025,5,28.6,13.9,21.0,59,0.0,medium
4,Kairouan,2025-05-02,2025,5,30.3,15.7,22.2,48,0.0,medium
4,Kairouan,2025-05-03,2025,5,31.6,15.9,23.0,46,0.0,medium
4,Kairouan,2025-05-04,2025,5,27.8,17.5,21.9,56,0.0,medium
4,Kairouan,2025-05-05,2025,5,28.0,16.6,21.4,65,0.0,medium
4,Kairouan,2025-05-06,2025,5,26.8,15.0,20.2,69,0.2,medium
4,Kairouan,2025-05-07,2025,5,27.5,15.2,20.8,67,0.0,medium
4,Kairouan,2025-05-08,2025,5,28.0,15.6,20.6,65,0.1,medium
4,Kairouan,2025-05-09,2025,5,29.1,16.6,21.7,61,0.5,medium
4,Kairouan,2025-05-10,2025,5,30.6,16.2,23.1,56,0.0,medium
4,Kairouan,2025-05-11,2025,5,28.5,17.7,22.6,64,1.4,medium
4,Kairouan,2025-05-12,2025,5,28.8,17.5,22.2,62,1.0,medium
4,Kairouan,2025-05-13,2025,5,28.7,15.5,21.9,55,0.0,medium
4,Kairouan,2025-05-14,2025,5,25.9,16.6,20.8,61,0.0,medium
4,Kairouan,2025-05-15,2025,5,24.6,17.0,19.8,74,13.5,low
4,Kairouan,2025-05-16,2025,5,25.5,16.2,20.0,60,1.2,medium
4,Kairouan,2025-05-17,2025,5,28.5,14.7,21.4,53,0.0,medium
4,Kairouan,2025-05-18,2025,5,33.8,15.0,24.3,53,0.0,medium
4,Kairouan,2025-05-19,2025,5,37.7,20.0,28.2,39,0.0,medium
4,Kairouan,2025-05-20,2025,5,38.5,20.2,27.2,46,0.1,medium
4,Kairouan,2025-05-21,2025,5,30.4,18.6,23.7,54,0.0,medium
4,Kairouan,2025-05-22,2025,5,29.5,18.0,23.2,60,0.8,medium
4,Kairouan,2025-05-23,2025,5,27.9,18.5,22.3,55,0.5,medium
4,Kairouan,2025-05-24,2025,5,24.9,17.2,20.1,53,0.1,medium
4,Kairouan,2025-05-25,2025,5,27.5,16.8,21.5,46,0.0,medium
4,Kairouan,2025-05-26,2025,5,29.4,14.4,22.3,41,0.0,medium
4,Kairouan,2025-05-27,2025,5,33.2,15.9,24.4,40,0.0,medium
4,Kairouan,2025-05-28,2025,5,31.3,17.7,24.5,39,0.0,medium
4,Kairouan,2025-05-29,2025,5,33.4,16.4,25.2,37,0.0,medium
4,Kairouan,2025-05-30,2025,5,30.9,20.0,24.8,44,0.0,medium
4,Kairouan,2025-05-31,2025,5,32.6,16.5,24.4,47,0.0,medium
4,Kairouan,2025-06-01,2025,6,31.2,17.2,24.6,46,0.0,medium
4,Kairouan,2025-06-02,2025,6,31.5,18.1,24.6,42,0.0,medium
4,Kairouan,2025-06-03,2025,6,35.8,17.4,26.1,50,0.0,medium
4,Kairouan,2025-06-04,2025,6,36.5,19.1,27.2,53,0.0,medium
4,Kairouan,2025-06-05,2025,6,36.5,19.5,26.8,61,0.0,medium
4,Kairouan,2025-06-06,2025,6,36.6,18.7,27.5,52,0.0,medium
4,Kairouan,2025-06-07,2025,6,39.2,21.6,30.2,30,0.0,high
4,Kairouan,2025-06-08,2025,6,40.5,24.1,30.8,28,0.0,high
4,Kairouan,2025-06-09,2025,6,38.3,21.7,29.5,40,0.0,medium
4,Kairouan,2025-06-10,2025,6,37.8,21.8,29.0,39,0.0,medium
4,Kairouan,2025-06-11,2025,6,35.1,19.7,26.8,47,0.0,medium
4,Kairouan,2025-06-12,2025,6,35.2,19.5,27.2,53,0.0,medium
4,Kairouan,2025-06-13,2025,6,36.0,19.2,27.8,50,0.0,medium
4,Kairouan,2025-06-14,2025,6,37.5,19.7,28.7,39,0.0,medium
4,Kairouan,2025-06-15,2025,6,38.0,20.7,29.6,40,0.0,medium
4,Kairouan,2025-06-16,2025,6,39.6,21.5,31.0,35,0.0,high
4,Kairouan,2025-06-17,2025,6,41.1,23.9,31.5,30,0.0,high
4,Kairouan,2025-06-18,2025,6,37.3,23.2,29.1,43,0.2,medium
4,Kairouan,2025-06-19,2025,6,32.2,21.4,26.5,52,0.8,medium
4,Kairouan,2025-06-20,2025,6,32.9,22.2,27.4,50,0.6,medium
4,Kairouan,2025-06-21,2025,6,35.7,21.9,28.8,42,0.0,medium
4,Kairouan,2025-06-22,2025,6,37.6,21.2,29.6,44,0.0,medium
4,Kairouan,2025-06-23,2025,6,38.7,23.8,31.1,34,0.0,high
4,Kairouan,2025-06-24,2025,6,38.3,22.8,31.1,32,0.0,high
4,Kairouan,2025-06-25,2025,6,40.9,24.5,32.9,28,0.0,high
4,Kairouan,2025-06-26,2025,6,40.0,24.9,32.2,33,0.0,high
4,Kairouan,2025-06-27,2025,6,40.2,24.5,31.3,44,0.0,high
4,Kairouan,2025-06-28,2025,6,37.3,24.5,30.8,41,0.0,high
4,Kairouan,2025-06-29,2025,6,37.7,24.1,30.4,45,0.0,high
4,Kairouan,2025-06-30,2025,6,35.7,23.5,29.7,47,0.0,medium
4,Kairouan,2025-07-01,2025,7,38.2,22.0,30.2,53,0.0,high
4,Kairouan,2025-07-02,2025,7,40.2,25.0,32.3,35,0.0,high
4,Kairouan,2025-07-03,2025,7,37.2,27.4,31.9,35,0.0,high
4,Kairouan,2025-07-04,2025,7,38.0,24.5,30.9,46,0.0,high
4,Kairouan,2025-07-05,2025,7,38.6,24.5,31.2,47,0.0,high
4,Kairouan,2025-07-06,2025,7,39.8,24.5,32.7,39,0.0,high
4,Kairouan,2025-07-07,2025,7,42.3,27.0,34.6,28,0.0,high
4,Kairouan,2025-07-08,2025,7,38.5,26.8,32.0,45,0.0,high
4,Kairouan,2025-07-09,2025,7,36.2,25.9,30.5,39,0.0,high
4,Kairouan,2025-07-10,2025,7,36.8,21.7,28.5,46,0.0,medium
4,Kairouan,2025-07-11,2025,7,35.2,22.0,28.2,47,0.0,medium
4,Kairouan,2025-07-12,2025,7,38.3,23.6,30.0,47,0.0,high
4,Kairouan,2025-07-13,2025,7,41.0,25.6,33.1,39,0.0,high
4,Kairouan,2025-07-14,2025,7,42.1,25.9,32.9,42,0.0,high
4,Kairouan,2025-07-15,2025,7,38.8,25.1,31.8,43,0.0,high
4,Kairouan,2025-07-16,2025,7,39.5,25.5,32.3,37,0.0,high
4,Kairouan,2025-07-17,2025,7,38.3,23.5,31.4,31,0.0,high
4,Kairouan,2025-07-18,2025,7,38.9,23.3,31.0,33,0.0,high
4,Kairouan,2025-07-19,2025,7,41.5,24.5,32.4,48,0.0,high
4,Kairouan,2025-07-20,2025,7,44.8,26.0,34.8,41,0.0,high
4,Kairouan,2025-07-21,2025,7,46.9,26.6,37.2,28,0.0,high
4,Kairouan,2025-07-22,2025,7,41.8,26.9,33.5,41,0.0,high
4,Kairouan,2025-07-23,2025,7,46.1,26.0,34.9,38,0.0,high
4,Kairouan,2025-07-24,2025,7,47.2,29.8,38.2,23,0.0,high
4,Kairouan,2025-07-25,2025,7,47.3,26.1,35.0,38,0.0,high
4,Kairouan,2025-07-26,2025,7,35.0,25.5,29.6,45,0.0,medium
4,Kairouan,2025-07-27,2025,7,35.2,23.5,28.6,43,0.0,medium
4,Kairouan,2025-07-28,2025,7,37.6,22.5,29.6,36,0.0,medium
4,Kairouan,2025-07-29,2025,7,34.3,24.0,28.6,40,0.0,medium
4,Kairouan,2025-07-30,2025,7,35.6,21.8,27.8,38,0.0,medium
4,Kairouan,2025-07-31,2025,7,36.2,22.5,28.4,41,0.0,medium
4,Kairouan,2025-08-01,2025,8,37.2,23.2,29.5,52,0.1,medium
4,Kairouan,2025-08-02,2025,8,37.3,23.7,29.4,59,0.4,medium
4,Kairouan,2025-08-03,2025,8,36.6,23.8,29.6,53,0.0,medium
4,Kairouan,2025-08-04,2025,8,34.5,22.9,28.0,45,0.0,medium
4,Kairouan,2025-08-05,2025,8,35.1,20.0,27.4,48,0.0,medium
4,Kairouan,2025-08-06,2025,8,35.9,21.6,28.3,48,0.0,medium
4,Kairouan,2025-08-07,2025,8,37.2,22.8,29.9,44,0.0,medium
4,Kairouan,2025-08-08,2025,8,36.7,22.9,29.2,51,0.0,medium
4,Kairouan,2025-08-09,2025,8,36.8,20.9,28.9,53,0.0,medium
4,Kairouan,2025-08-10,2025,8,38.0,22.1,30.1,39,0.0,high
4,Kairouan,2025-08-11,2025,8,38.3,22.9,30.3,40,0.0,high
4,Kairouan,2025-08-12,2025,8,37.8,23.0,30.3,38,0.0,high
4,Kairouan,2025-08-13,2025,8,37.8,23.4,30.2,46,0.0,high
4,Kairouan,2025-08-14,2025,8,37.7,24.0,30.4,47,0.0,high
4,Kairouan,2025-08-15,2025,8,38.2,23.5,30.5,50,0.0,high
4,Kairouan,2025-08-16,2025,8,35.3,23.0,28.8,45,0.5,medium
4,Kairouan,2025-08-17,2025,8,38.8,22.5,30.3,46,0.0,high
4,Kairouan,2025-08-18,2025,8,36.0,23.8,29.9,50,0.0,medium
4,Kairouan,2025-08-19,2025,8,39.5,24.1,31.2,50,0.0,high
4,Kairouan,2025-08-20,2025,8,45.2,25.6,33.8,45,0.0,high
4,Kairouan,2025-08-21,2025,8,38.0,24.4,30.4,49,0.0,high
4,Kairouan,2025-08-22,2025,8,37.0,24.5,29.6,58,0.0,medium
4,Kairouan,2025-08-23,2025,8,34.8,24.4,29.1,57,0.0,medium
4,Kairouan,2025-08-24,2025,8,36.7,23.5,29.8,54,0.5,medium
4,Kairouan,2025-08-25,2025,8,37.5,23.1,29.6,55,0.4,medium
4,Kairouan,2025-08-26,2025,8,40.1,24.8,32.0,47,0.0,high
4,Kairouan,2025-08-27,2025,8,42.6,26.4,33.8,37,0.0,high
4,Kairouan,2025-08-28,2025,8,41.4,26.4,32.5,54,0.0,high
4,Kairouan,2025-08-29,2025,8,34.6,26.1,30.0,58,0.7,high
4,Kairouan,2025-08-30,2025,8,36.0,24.5,29.0,58,0.2,medium
4,Kairouan,2025-08-31,2025,8,35.0,21.4,28.1,53,0.0,medium
4,Kairouan,2025-09-01,2025,9,40.5,24.5,31.6,46,0.0,high
4,Kairouan,2025-09-02,2025,9,34.2,24.3,27.5,61,6.0,low
4,Kairouan,2025-09-03,2025,9,34.0,22.7,27.6,50,0.0,medium
4,Kairouan,2025-09-04,2025,9,35.2,21.3,27.6,54,0.0,medium
4,Kairouan,2025-09-05,2025,9,35.3,23.1,28.6,52,0.0,medium
4,Kairouan,2025-09-06,2025,9,37.5,23.0,29.5,46,0.6,medium
4,Kairouan,2025-09-07,2025,9,38.5,22.7,30.0,57,0.1,high
4,Kairouan,2025-09-08,2025,9,38.7,23.6,30.7,54,0.1,high
4,Kairouan,2025-09-09,2025,9,38.7,26.4,31.8,38,0.0,high
4,Kairouan,2025-09-10,2025,9,35.2,24.0,28.6,59,0.0,medium
4,Kairouan,2025-09-11,2025,9,32.5,22.9,27.2,55,0.0,medium
4,Kairouan,2025-09-12,2025,9,33.5,22.1,26.9,56,0.0,medium
4,Kairouan,2025-09-13,2025,9,32.8,20.8,26.4,56,0.0,medium
4,Kairouan,2025-09-14,2025,9,36.7,21.0,28.4,51,0.0,medium
4,Kairouan,2025-09-15,2025,9,35.2,22.7,28.4,49,0.0,medium
4,Kairouan,2025-09-16,2025,9,36.8,21.4,28.9,42,0.0,medium
4,Kairouan,2025-09-17,2025,9,36.0,22.6,28.9,46,0.0,medium
4,Kairouan,2025-09-18,2025,9,33.8,20.1,26.4,60,0.0,medium
4,Kairouan,2025-09-19,2025,9,30.7,21.5,26.0,66,0.9,medium
4,Kairouan,2025-09-20,2025,9,31.8,21.2,26.2,60,0.0,medium
4,Kairouan,2025-09-21,2025,9,33.2,19.8,26.3,58,0.0,medium
4,Kairouan,2025-09-22,2025,9,34.2,23.0,27.0,64,3.1,low
4,Kairouan,2025-09-23,2025,9,32.5,20.3,25.3,69,6.0,low
4,Kairouan,2025-09-24,2025,9,30.8,21.3,24.8,67,0.5,medium
4,Kairouan,2025-09-25,2025,9,28.7,17.8,23.5,61,0.0,medium
4,Kairouan,2025-09-26,2025,9,29.8,19.4,24.1,69,0.5,medium
4,Kairouan,2025-09-27,2025,9,28.3,19.3,22.7,62,0.8,medium
4,Kairouan,2025-09-28,2025,9,28.5,18.9,23.1,56,0.0,medium
4,Kairouan,2025-09-29,2025,9,30.6,15.4,22.8,57,0.0,medium
4,Kairouan,2025-09-30,2025,9,32.0,17.1,23.8,49,0.0,medium
4,Kairouan,2025-10-01,2025,10,30.7,17.5,23.7,54,1.7,medium
4,Kairouan,2025-10-02,2025,10,25.8,18.0,22.2,53,0.0,medium
4,Kairouan,2025-10-03,2025,10,25.5,16.5,20.5,51,0.0,medium
4,Kairouan,2025-10-04,2025,10,27.0,14.6,21.0,52,0.0,medium
4,Kairouan,2025-10-05,2025,10,32.3,15.9,24.1,50,0.0,medium
4,Kairouan,2025-10-06,2025,10,26.2,18.8,22.2,50,0.0,medium
4,Kairouan,2025-10-07,2025,10,26.9,16.3,21.2,49,0.0,medium
4,Kairouan,2025-10-08,2025,10,27.6,14.1,20.8,51,0.0,medium
4,Kairouan,2025-10-09,2025,10,30.6,14.3,22.4,47,0.0,medium
4,Kairouan,2025-10-10,2025,10,31.0,17.2,23.8,47,0.0,medium
4,Kairouan,2025-10-11,2025,10,29.6,17.7,23.3,63,0.0,medium
4,Kairouan,2025-10-12,2025,10,28.6,18.5,22.7,68,0.0,medium
4,Kairouan,2025-10-13,2025,10,30.4,19.0,24.2,58,0.0,medium
4,Kairouan,2025-10-14,2025,10,31.6,19.4,24.4,58,0.0,medium
4,Kairouan,2025-10-15,2025,10,31.4,19.0,24.1,59,0.0,medium
4,Kairouan,2025-10-16,2025,10,28.3,17.5,22.3,63,0.7,medium
4,Kairouan,2025-10-17,2025,10,27.1,16.2,21.7,61,0.1,medium
4,Kairouan,2025-10-18,2025,10,23.1,17.6,20.3,77,6.1,low
4,Kairouan,2025-10-19,2025,10,26.0,15.4,19.6,76,0.6,medium
4,Kairouan,2025-10-20,2025,10,27.5,14.6,20.6,69,0.0,medium
4,Kairouan,2025-10-21,2025,10,31.4,15.9,22.8,52,0.0,medium
4,Kairouan,2025-10-22,2025,10,31.6,16.5,23.5,53,0.0,medium
4,Kairouan,2025-10-23,2025,10,31.1,18.8,24.9,52,0.0,medium
4,Kairouan,2025-10-24,2025,10,31.5,20.0,25.1,50,0.0,medium
4,Kairouan,2025-10-25,2025,10,34.8,17.0,24.4,66,0.0,medium
4,Kairouan,2025-10-26,2025,10,37.9,22.0,28.6,27,0.0,medium
4,Kairouan,2025-10-27,2025,10,25.0,16.6,21.3,57,0.0,medium
4,Kairouan,2025-10-28,2025,10,25.9,13.4,19.5,51,0.0,medium
4,Kairouan,2025-10-29,2025,10,26.6,13.9,20.5,56,0.0,medium
4,Kairouan,2025-10-30,2025,10,28.0,17.5,22.1,65,0.0,medium
4,Kairouan,2025-10-31,2025,10,27.7,17.2,22.0,56,0.0,medium
4,Kairouan,2025-11-01,2025,11,26.9,13.3,20.0,61,0.0,medium
4,Kairouan,2025-11-02,2025,11,28.4,13.4,20.5,59,0.0,medium
4,Kairouan,2025-11-03,2025,11,26.5,15.1,20.3,65,1.1,medium
4,Kairouan,2025-11-04,2025,11,25.3,14.3,19.2,58,0.0,medium
4,Kairouan,2025-11-05,2025,11,24.2,11.9,18.0,64,0.0,medium
4,Kairouan,2025-11-06,2025,11,28.0,11.9,19.5,63,0.0,medium
4,Kairouan,2025-11-07,2025,11,22.8,16.6,19.5,64,0.0,medium
4,Kairouan,2025-11-08,2025,11,24.3,13.1,19.0,54,0.3,medium
4,Kairouan,2025-11-09,2025,11,22.5,14.8,18.1,56,0.1,medium
4,Kairouan,2025-11-10,2025,11,24.2,14.5,18.6,57,0.0,medium
4,Kairouan,2025-11-11,2025,11,24.1,10.3,16.7,65,0.0,medium
4,Kairouan,2025-11-12,2025,11,24.7,9.6,16.8,65,0.0,medium
4,Kairouan,2025-11-13,2025,11,25.9,10.6,17.7,49,0.0,medium
4,Kairouan,2025-11-14,2025,11,27.2,13.1,19.4,42,0.0,medium
4,Kairouan,2025-11-15,2025,11,29.6,13.4,20.5,30,0.0,medium
4,Kairouan,2025-11-16,2025,11,31.2,14.4,22.0,30,0.0,medium
4,Kairouan,2025-11-17,2025,11,24.6,12.6,18.1,54,0.3,medium
4,Kairouan,2025-11-18,2025,11,21.6,16.2,18.6,71,4.5,low
4,Kairouan,2025-11-19,2025,11,21.6,14.1,17.1,61,0.2,medium
4,Kairouan,2025-11-20,2025,11,23.2,9.0,16.1,57,0.0,medium
4,Kairouan,2025-11-21,2025,11,20.9,12.1,15.8,45,0.0,medium
4,Kairouan,2025-11-22,2025,11,15.3,7.7,11.7,43,0.0,medium
4,Kairouan,2025-11-23,2025,11,17.5,7.0,12.2,47,0.0,medium
4,Kairouan,2025-11-24,2025,11,20.8,6.2,12.8,39,0.0,medium
4,Kairouan,2025-11-25,2025,11,24.9,11.9,16.7,36,0.0,medium
4,Kairouan,2025-11-26,2025,11,18.5,9.9,14.1,51,0.0,medium
4,Kairouan,2025-11-27,2025,11,15.6,8.9,11.5,50,0.0,medium
4,Kairouan,2025-11-28,2025,11,16.7,8.3,11.9,58,0.1,medium
4,Kairouan,2025-11-29,2025,11,19.9,9.4,13.9,56,0.0,medium
4,Kairouan,2025-11-30,2025,11,18.5,5.7,11.1,54,0.0,medium
4,Kairouan,2025-12-01,2025,12,18.7,5.2,10.8,54,0.0,medium
4,Kairouan,2025-12-02,2025,12,19.4,4.5,11.2,67,0.0,medium
4,Kairouan,2025-12-03,2025,12,20.6,6.3,13.0,67,0.0,medium
4,Kairouan,2025-12-04,2025,12,18.2,9.9,13.3,62,1.7,medium
4,Kairouan,2025-12-05,2025,12,16.8,11.0,13.5,53,0.5,medium
4,Kairouan,2025-12-06,2025,12,19.5,11.3,14.2,54,0.0,medium
4,Kairouan,2025-12-07,2025,12,22.4,9.1,15.6,66,0.0,medium
4,Kairouan,2025-12-08,2025,12,23.5,10.2,15.8,65,0.0,medium
4,Kairouan,2025-12-09,2025,12,21.1,8.9,14.4,71,0.0,medium
4,Kairouan,2025-12-10,2025,12,20.0,8.4,13.1,82,0.0,medium
4,Kairouan,2025-12-11,2025,12,19.0,8.3,12.6,86,0.0,medium
4,Kairouan,2025-12-12,2025,12,19.2,8.2,12.7,89,1.5,medium
4,Kairouan,2025-12-13,2025,12,19.8,9.4,13.6,85,1.9,medium
4,Kairouan,2025-12-14,2025,12,21.0,9.4,14.5,81,0.0,medium
4,Kairouan,2025-12-15,2025,12,19.9,12.0,15.1,92,2.0,low
4,Kairouan,2025-12-16,2025,12,21.0,13.6,16.1,79,0.3,medium
4,Kairouan,2025-12-17,2025,12,20.0,9.5,14.6,86,0.3,medium
4,Kairouan,2025-12-18,2025,12,21.1,13.2,16.6,86,1.4,medium
4,Kairouan,2025-12-19,2025,12,16.1,13.1,14.9,93,17.1,low
4,Kairouan,2025-12-20,2025,12,18.5,10.1,13.8,85,0.6,medium
4,Kairouan,2025-12-21,2025,12,18.7,9.1,13.3,86,0.2,medium
4,Kairouan,2025-12-22,2025,12,19.0,9.8,13.5,70,0.0,medium
4,Kairouan,2025-12-23,2025,12,16.5,8.6,11.7,63,0.2,medium
4,Kairouan,2025-12-24,2025,12,17.6,7.1,11.5,59,0.0,medium
4,Kairouan,2025-12-25,2025,12,19.1,9.6,13.1,58,0.1,medium
4,Kairouan,2025-12-26,2025,12,18.2,5.2,10.2,82,3.9,low
4,Kairouan,2025-12-27,2025,12,18.1,9.6,12.8,84,0.2,medium
4,Kairouan,2025-12-28,2025,12,18.8,5.8,11.2,80,0.0,medium
4,Kairouan,2025-12-29,2025,12,17.5,6.3,11.0,75,0.0,medium
4,Kairouan,2025-12-30,2025,12,17.5,5.1,10.6,71,0.0,medium
4,Kairouan,2025-12-31,2025,12,17.4,7.4,11.4,72,0.0,medium
5,Gabes,2025-01-01,2025,1,18.0,10.9,14.4,72,0.5,medium
5,Gabes,2025-01-02,2025,1,17.1,9.1,14.0,71,1.8,medium
5,Gabes,2025-01-03,2025,1,14.5,11.5,13.2,87,10.5,low
5,Gabes,2025-01-04,2025,1,17.6,9.1,12.3,75,0.0,medium
5,Gabes,2025-01-05,2025,1,17.4,9.8,12.6,67,0.0,medium
5,Gabes,2025-01-06,2025,1,19.5,9.4,13.9,69,0.0,medium
5,Gabes,2025-01-07,2025,1,17.5,10.1,12.8,70,0.0,medium
5,Gabes,2025-01-08,2025,1,18.0,7.5,12.2,66,0.0,medium
5,Gabes,2025-01-09,2025,1,17.3,9.1,12.5,54,0.8,medium
5,Gabes,2025-01-10,2025,1,20.5,8.1,13.1,52,0.0,medium
5,Gabes,2025-01-11,2025,1,19.5,9.6,13.5,47,0.0,medium
5,Gabes,2025-01-12,2025,1,17.2,10.1,13.0,62,2.3,low
5,Gabes,2025-01-13,2025,1,13.6,8.2,10.1,66,0.7,medium
5,Gabes,2025-01-14,2025,1,14.5,6.5,10.1,68,1.2,medium
5,Gabes,2025-01-15,2025,1,15.2,7.7,11.0,70,0.0,medium
5,Gabes,2025-01-16,2025,1,14.9,3.7,9.6,78,12.3,low
5,Gabes,2025-01-17,2025,1,14.6,8.1,10.6,69,19.3,low
5,Gabes,2025-01-18,2025,1,14.4,7.3,10.7,54,0.0,medium
5,Gabes,2025-01-19,2025,1,16.7,8.1,11.3,60,0.0,medium
5,Gabes,2025-01-20,2025,1,17.2,7.2,11.3,71,0.0,medium
5,Gabes,2025-01-21,2025,1,16.4,7.0,11.7,59,0.0,medium
5,Gabes,2025-01-22,2025,1,18.6,10.5,14.0,47,0.0,medium
5,Gabes,2025-01-23,2025,1,20.1,10.6,14.5,44,0.0,medium
5,Gabes,2025-01-24,2025,1,22.9,9.6,14.9,44,0.0,medium
5,Gabes,2025-01-25,2025,1,21.0,7.8,13.8,56,0.1,medium
5,Gabes,2025-01-26,2025,1,22.2,10.9,15.6,54,0.0,medium
5,Gabes,2025-01-27,2025,1,21.5,10.4,15.4,58,0.0,medium
5,Gabes,2025-01-28,2025,1,22.1,13.4,17.2,46,0.0,medium
5,Gabes,2025-01-29,2025,1,18.8,11.4,14.7,51,0.9,medium
5,Gabes,2025-01-30,2025,1,19.5,9.3,13.6,43,0.0,medium
5,Gabes,2025-01-31,2025,1,18.4,6.8,12.3,64,0.0,medium
5,Gabes,2025-02-01,2025,2,20.8,9.8,14.2,67,0.0,medium
5,Gabes,2025-02-02,2025,2,18.2,7.8,13.1,61,0.0,medium
5,Gabes,2025-02-03,2025,2,17.9,7.9,12.8,47,0.0,medium
5,Gabes,2025-02-04,2025,2,17.8,8.3,13.2,60,0.1,medium
5,Gabes,2025-02-05,2025,2,16.1,9.4,12.6,82,0.5,medium
5,Gabes,2025-02-06,2025,2,15.4,10.1,12.4,84,0.3,medium
5,Gabes,2025-02-07,2025,2,14.8,11.6,12.7,89,9.6,low
5,Gabes,2025-02-08,2025,2,17.4,9.6,12.7,75,0.1,medium
5,Gabes,2025-02-09,2025,2,17.5,8.6,11.9,71,0.0,medium
5,Gabes,2025-02-10,2025,2,16.2,7.9,11.7,73,0.0,medium
5,Gabes,2025-02-11,2025,2,17.2,8.1,11.9,83,0.4,medium
5,Gabes,2025-02-12,2025,2,18.9,7.2,12.6,75,0.0,medium
5,Gabes,2025-02-13,2025,2,19.0,8.1,12.8,81,0.0,medium
5,Gabes,2025-02-14,2025,2,19.3,9.8,13.7,72,0.0,medium
5,Gabes,2025-02-15,2025,2,20.0,10.4,14.5,64,0.0,medium
5,Gabes,2025-02-16,2025,2,17.8,9.8,13.6,69,0.0,medium
5,Gabes,2025-02-17,2025,2,20.5,6.8,14.0,68,0.0,medium
5,Gabes,2025-02-18,2025,2,17.1,11.0,14.1,80,0.0,medium
5,Gabes,2025-02-19,2025,2,17.6,7.4,12.6,86,0.0,medium
5,Gabes,2025-02-20,2025,2,18.1,13.4,15.4,80,0.2,medium
5,Gabes,2025-02-21,2025,2,17.7,13.5,15.1,75,2.6,low
5,Gabes,2025-02-22,2025,2,18.0,10.6,13.9,75,0.1,medium
5,Gabes,2025-02-23,2025,2,18.0,6.2,12.7,79,0.2,medium
5,Gabes,2025-02-24,2025,2,19.0,9.9,14.2,71,0.0,medium
5,Gabes,2025-02-25,2025,2,21.2,8.4,14.9,52,0.0,medium
5,Gabes,2025-02-26,2025,2,21.3,12.2,16.0,46,0.1,medium
5,Gabes,2025-02-27,2025,2,20.4,6.9,13.8,56,0.0,medium
5,Gabes,2025-02-28,2025,2,23.0,8.4,15.3,46,0.0,medium
5,Gabes,2025-03-01,2025,3,26.4,9.7,17.3,47,0.0,medium
5,Gabes,2025-03-02,2025,3,22.0,13.9,17.6,63,0.5,medium
5,Gabes,2025-03-03,2025,3,18.7,14.1,16.1,83,1.1,medium
5,Gabes,2025-03-04,2025,3,19.3,13.9,16.1,80,0.3,medium
5,Gabes,2025-03-05,2025,3,18.1,14.9,16.0,75,0.2,medium
5,Gabes,2025-03-06,2025,3,18.7,14.4,16.0,77,7.4,low
5,Gabes,2025-03-07,2025,3,21.8,14.4,17.6,66,0.0,medium
5,Gabes,2025-03-08,2025,3,21.4,11.6,16.1,77,0.0,medium
5,Gabes,2025-03-09,2025,3,29.0,13.4,20.5,54,0.0,medium
5,Gabes,2025-03-10,2025,3,31.8,19.5,25.7,24,0.0,medium
5,Gabes,2025-03-11,2025,3,23.5,15.3,19.4,59,0.0,medium
5,Gabes,2025-03-12,2025,3,28.8,16.4,21.5,43,0.0,medium
5,Gabes,2025-03-13,2025,3,29.1,14.6,22.1,35,0.0,medium
5,Gabes,2025-03-14,2025,3,33.7,24.4,28.5,15,0.0,medium
5,Gabes,2025-03-15,2025,3,29.5,21.0,25.1,20,0.0,medium
5,Gabes,2025-03-16,2025,3,20.8,14.7,17.6,66,0.0,medium
5,Gabes,2025-03-17,2025,3,26.8,12.6,19.0,52,0.0,medium
5,Gabes,2025-03-18,2025,3,23.7,13.5,18.4,55,0.0,medium
5,Gabes,2025-03-19,2025,3,21.1,16.3,17.9,83,0.2,medium
5,Gabes,2025-03-20,2025,3,20.6,15.9,17.6,76,0.0,medium
5,Gabes,2025-03-21,2025,3,24.3,14.9,19.2,66,0.0,medium
5,Gabes,2025-03-22,2025,3,28.2,13.1,21.6,54,0.0,medium
5,Gabes,2025-03-23,2025,3,32.2,17.0,21.9,53,0.2,medium
5,Gabes,2025-03-24,2025,3,22.8,15.2,18.5,66,0.0,medium
5,Gabes,2025-03-25,2025,3,17.3,15.1,16.3,79,20.9,low
5,Gabes,2025-03-26,2025,3,19.6,12.4,15.9,65,0.9,medium
5,Gabes,2025-03-27,2025,3,20.5,10.5,15.4,58,0.0,medium
5,Gabes,2025-03-28,2025,3,23.7,9.9,16.7,43,0.0,medium
5,Gabes,2025-03-29,2025,3,23.2,12.8,18.1,55,0.0,medium
5,Gabes,2025-03-30,2025,3,19.6,11.1,14.9,62,6.4,low
5,Gabes,2025-03-31,2025,3,22.6,12.5,17.1,50,0.0,medium
5,Gabes,2025-04-01,2025,4,22.1,12.0,17.2,42,0.0,medium
5,Gabes,2025-04-02,2025,4,21.0,11.9,16.5,62,0.0,medium
5,Gabes,2025-04-03,2025,4,20.5,15.5,17.6,76,0.0,medium
5,Gabes,2025-04-04,2025,4,21.7,14.6,17.9,76,0.0,medium
5,Gabes,2025-04-05,2025,4,21.8,11.6,17.1,81,0.0,medium
5,Gabes,2025-04-06,2025,4,21.7,14.6,17.8,77,0.0,medium
5,Gabes,2025-04-07,2025,4,20.2,14.6,17.0,71,2.0,low
5,Gabes,2025-04-08,2025,4,21.3,13.6,17.2,63,0.2,medium
5,Gabes,2025-04-09,2025,4,27.7,14.1,21.0,36,0.0,medium
5,Gabes,2025-04-10,2025,4,30.0,17.6,24.0,29,0.0,medium
5,Gabes,2025-04-11,2025,4,21.1,17.0,18.7,74,0.0,medium
5,Gabes,2025-04-12,2025,4,32.3,13.5,22.1,60,0.0,medium
5,Gabes,2025-04-13,2025,4,27.4,18.5,23.6,49,0.0,medium
5,Gabes,2025-04-14,2025,4,30.6,21.0,25.7,44,1.3,medium
5,Gabes,2025-04-15,2025,4,24.4,16.6,20.3,71,0.0,medium
5,Gabes,2025-04-16,2025,4,26.3,15.3,19.6,65,0.0,medium
5,Gabes,2025-04-17,2025,4,23.6,12.4,18.4,31,0.0,medium
5,Gabes,2025-04-18,2025,4,26.1,12.6,19.6,37,0.0,medium
5,Gabes,2025-04-19,2025,4,26.6,14.1,20.6,45,0.0,medium
5,Gabes,2025-04-20,2025,4,23.9,16.1,19.7,72,0.0,medium
5,Gabes,2025-04-21,2025,4,21.6,15.7,17.7,64,3.4,low
5,Gabes,2025-04-22,2025,4,23.3,13.1,18.0,54,0.0,medium
5,Gabes,2025-04-23,2025,4,22.8,12.4,17.8,63,1.3,medium
5,Gabes,2025-04-24,2025,4,28.0,13.1,20.6,58,0.0,medium
5,Gabes,2025-04-25,2025,4,25.0,17.1,20.9,62,0.0,medium
5,Gabes,2025-04-26,2025,4,23.9,17.3,20.4,60,0.0,medium
5,Gabes,2025-04-27,2025,4,22.0,17.0,19.0,74,0.0,medium
5,Gabes,2025-04-28,2025,4,21.8,16.8,18.8,71,0.0,medium
5,Gabes,2025-04-29,2025,4,20.5,15.2,17.6,75,1.9,medium
5,Gabes,2025-04-30,2025,4,23.5,13.0,18.6,72,0.0,medium
5,Gabes,2025-05-01,2025,5,26.1,15.7,21.2,52,0.0,medium
5,Gabes,2025-05-02,2025,5,30.2,17.9,23.4,34,0.0,medium
5,Gabes,2025-05-03,2025,5,27.5,17.9,22.7,52,0.0,medium
5,Gabes,2025-05-04,2025,5,27.2,19.1,23.4,50,0.2,medium
5,Gabes,2025-05-05,2025,5,27.0,19.4,23.1,61,0.0,medium
5,Gabes,2025-05-06,2025,5,24.8,17.9,20.9,70,0.0,medium
5,Gabes,2025-05-07,2025,5,24.6,19.2,21.1,72,0.0,medium
5,Gabes,2025-05-08,2025,5,23.6,18.2,20.7,77,0.0,medium
5,Gabes,2025-05-09,2025,5,25.6,17.8,21.2,70,0.0,medium
5,Gabes,2025-05-10,2025,5,25.9,18.2,21.7,71,0.0,medium
5,Gabes,2025-05-11,2025,5,33.3,20.1,25.7,50,0.0,medium
5,Gabes,2025-05-12,2025,5,25.8,18.2,21.6,69,16.4,low
5,Gabes,2025-05-13,2025,5,25.3,17.4,21.0,76,0.0,medium
5,Gabes,2025-05-14,2025,5,23.5,19.1,20.7,77,0.0,medium
5,Gabes,2025-05-15,2025,5,30.2,18.5,24.0,60,5.4,low
5,Gabes,2025-05-16,2025,5,25.8,17.5,21.2,62,2.6,low
5,Gabes,2025-05-17,2025,5,25.8,18.1,21.9,63,0.4,medium
5,Gabes,2025-05-18,2025,5,31.5,20.1,25.2,43,0.0,medium
5,Gabes,2025-05-19,2025,5,35.5,22.4,28.4,34,0.0,medium
5,Gabes,2025-05-20,2025,5,33.7,21.5,27.5,44,0.0,medium
5,Gabes,2025-05-21,2025,5,25.6,20.8,22.8,68,0.0,medium
5,Gabes,2025-05-22,2025,5,25.1,20.1,22.1,73,0.0,medium
5,Gabes,2025-05-23,2025,5,25.5,20.4,22.3,66,0.0,medium
5,Gabes,2025-05-24,2025,5,23.5,17.2,20.1,59,0.3,medium
5,Gabes,2025-05-25,2025,5,26.6,15.4,21.1,52,0.0,medium
5,Gabes,2025-05-26,2025,5,27.5,17.0,22.9,47,0.0,medium
5,Gabes,2025-05-27,2025,5,30.5,17.5,24.6,44,0.0,medium
5,Gabes,2025-05-28,2025,5,30.2,19.6,24.3,56,0.0,medium
5,Gabes,2025-05-29,2025,5,33.0,18.5,26.4,44,0.0,medium
5,Gabes,2025-05-30,2025,5,26.2,21.5,23.9,55,0.0,medium
5,Gabes,2025-05-31,2025,5,27.2,19.2,23.2,52,0.0,medium
5,Gabes,2025-06-01,2025,6,27.2,17.9,22.8,54,0.0,medium
5,Gabes,2025-06-02,2025,6,25.9,17.5,22.1,70,0.0,medium
5,Gabes,2025-06-03,2025,6,29.9,18.2,24.7,67,0.0,medium
5,Gabes,2025-06-04,2025,6,31.8,21.9,26.5,61,0.0,medium
5,Gabes,2025-06-05,2025,6,29.0,22.7,25.4,67,0.0,medium
5,Gabes,2025-06-06,2025,6,28.5,21.7,24.6,70,0.0,medium
5,Gabes,2025-06-07,2025,6,30.5,21.9,25.9,61,0.0,medium
5,Gabes,2025-06-08,2025,6,35.0,21.2,28.2,52,0.0,medium
5,Gabes,2025-06-09,2025,6,31.6,22.4,27.0,55,0.0,medium
5,Gabes,2025-06-10,2025,6,31.0,22.4,26.5,59,0.0,medium
5,Gabes,2025-06-11,2025,6,29.9,21.1,25.6,66,0.0,medium
5,Gabes,2025-06-12,2025,6,28.4,20.8,24.5,72,0.0,medium
5,Gabes,2025-06-13,2025,6,28.4,21.4,24.7,75,0.0,medium
5,Gabes,2025-06-14,2025,6,31.0,22.0,26.2,60,0.0,medium
5,Gabes,2025-06-15,2025,6,31.5,21.0,26.5,58,0.0,medium
5,Gabes,2025-06-16,2025,6,33.5,21.0,27.8,54,0.0,medium
5,Gabes,2025-06-17,2025,6,38.0,21.1,29.9,43,0.0,medium
5,Gabes,2025-06-18,2025,6,30.8,24.2,27.6,61,0.0,medium
5,Gabes,2025-06-19,2025,6,29.1,24.3,26.6,65,0.1,medium
5,Gabes,2025-06-20,2025,6,30.3,23.0,26.3,63,0.0,medium
5,Gabes,2025-06-21,2025,6,30.6,22.5,26.3,61,0.0,medium
5,Gabes,2025-06-22,2025,6,31.6,20.5,26.7,63,0.0,medium
5,Gabes,2025-06-23,2025,6,33.7,22.5,28.5,45,0.0,medium
5,Gabes,2025-06-24,2025,6,33.5,23.4,29.0,42,0.0,medium
5,Gabes,2025-06-25,2025,6,36.9,24.0,30.7,35,0.0,high
5,Gabes,2025-06-26,2025,6,37.7,25.0,31.0,33,0.0,high
5,Gabes,2025-06-27,2025,6,35.1,23.4,29.2,51,0.0,medium
5,Gabes,2025-06-28,2025,6,34.3,24.3,28.8,61,0.0,medium
5,Gabes,2025-06-29,2025,6,33.0,24.6,28.1,61,0.0,medium
5,Gabes,2025-06-30,2025,6,31.2,25.0,27.7,66,0.0,medium
5,Gabes,2025-07-01,2025,7,31.6,22.5,27.2,71,0.0,medium
5,Gabes,2025-07-02,2025,7,34.3,21.9,28.4,64,0.0,medium
5,Gabes,2025-07-03,2025,7,32.5,24.5,28.8,59,0.0,medium
5,Gabes,2025-07-04,2025,7,32.2,23.8,28.0,62,0.0,medium
5,Gabes,2025-07-05,2025,7,32.2,23.0,27.8,65,0.0,medium
5,Gabes,2025-07-06,2025,7,34.0,22.7,28.3,69,0.0,medium
5,Gabes,2025-07-07,2025,7,39.4,24.6,31.9,38,0.0,high
5,Gabes,2025-07-08,2025,7,35.5,27.6,31.1,52,0.0,high
5,Gabes,2025-07-09,2025,7,31.7,26.9,28.8,63,0.0,medium
5,Gabes,2025-07-10,2025,7,31.5,25.1,28.1,52,0.0,medium
5,Gabes,2025-07-11,2025,7,31.2,23.2,27.4,65,0.0,medium
5,Gabes,2025-07-12,2025,7,35.6,23.5,28.9,53,0.0,medium
5,Gabes,2025-07-13,2025,7,36.5,25.3,30.7,51,0.0,high
5,Gabes,2025-07-14,2025,7,43.6,26.8,34.0,42,0.0,high
5,Gabes,2025-07-15,2025,7,34.1,27.4,30.3,53,0.0,high
5,Gabes,2025-07-16,2025,7,34.7,24.9,29.9,54,0.0,medium
5,Gabes,2025-07-17,2025,7,35.6,25.2,30.8,42,0.0,high
5,Gabes,2025-07-18,2025,7,37.2,23.9,31.4,38,0.0,high
5,Gabes,2025-07-19,2025,7,34.2,24.6,29.8,65,0.0,medium
5,Gabes,2025-07-20,2025,7,40.7,25.2,33.0,40,0.0,high
5,Gabes,2025-07-21,2025,7,45.0,28.2,37.4,19,0.0,high
5,Gabes,2025-07-22,2025,7,36.7,28.5,32.6,42,0.0,high
5,Gabes,2025-07-23,2025,7,35.7,25.6,31.1,60,0.0,high
5,Gabes,2025-07-24,2025,7,44.3,27.9,35.8,32,0.0,high
5,Gabes,2025-07-25,2025,7,46.8,31.9,38.9,20,0.0,high
5,Gabes,2025-07-26,2025,7,33.5,28.6,30.5,57,0.0,high
5,Gabes,2025-07-27,2025,7,30.9,25.5,28.2,50,0.0,medium
5,Gabes,2025-07-28,2025,7,34.5,23.1,29.3,50,0.0,medium
5,Gabes,2025-07-29,2025,7,32.9,26.2,29.0,54,0.0,medium
5,Gabes,2025-07-30,2025,7,30.7,25.3,28.0,53,0.0,medium
5,Gabes,2025-07-31,2025,7,31.6,24.2,28.1,52,0.0,medium
5,Gabes,2025-08-01,2025,8,34.2,24.4,29.0,59,0.0,medium
5,Gabes,2025-08-02,2025,8,32.3,26.0,29.0,72,0.0,medium
5,Gabes,2025-08-03,2025,8,30.5,26.0,27.8,70,0.2,medium
5,Gabes,2025-08-04,2025,8,31.1,25.5,27.7,61,0.0,medium
5,Gabes,2025-08-05,2025,8,30.2,24.8,27.3,60,0.0,medium
5,Gabes,2025-08-06,2025,8,30.9,22.5,26.9,60,0.0,medium
5,Gabes,2025-08-07,2025,8,31.0,22.0,27.0,64,0.0,medium
5,Gabes,2025-08-08,2025,8,32.3,21.9,27.4,64,0.0,medium
5,Gabes,2025-08-09,2025,8,31.6,22.0,27.0,66,0.0,medium
5,Gabes,2025-08-10,2025,8,32.7,21.1,27.3,62,0.0,medium
5,Gabes,2025-08-11,2025,8,34.5,22.6,28.7,56,0.0,medium
5,Gabes,2025-08-12,2025,8,32.8,24.2,28.9,54,0.0,medium
5,Gabes,2025-08-13,2025,8,33.4,24.3,29.0,62,0.0,medium
5,Gabes,2025-08-14,2025,8,33.1,23.4,28.8,60,0.0,medium
5,Gabes,2025-08-15,2025,8,33.3,24.8,29.3,59,0.0,medium
5,Gabes,2025-08-16,2025,8,35.3,23.8,29.0,62,0.0,medium
5,Gabes,2025-08-17,2025,8,35.9,23.7,30.7,46,0.0,high
5,Gabes,2025-08-18,2025,8,34.4,24.6,30.0,55,0.0,high
5,Gabes,2025-08-19,2025,8,34.2,23.8,29.4,66,0.0,medium
5,Gabes,2025-08-20,2025,8,42.5,24.6,34.5,29,0.0,high
5,Gabes,2025-08-21,2025,8,44.3,29.1,37.6,14,0.0,high
5,Gabes,2025-08-22,2025,8,31.9,27.0,29.1,70,0.0,medium
5,Gabes,2025-08-23,2025,8,31.5,26.7,28.5,65,0.0,medium
5,Gabes,2025-08-24,2025,8,31.5,25.3,28.2,69,0.0,medium
5,Gabes,2025-08-25,2025,8,33.5,24.5,28.8,68,0.0,medium
5,Gabes,2025-08-26,2025,8,34.5,24.5,29.3,65,0.0,medium
5,Gabes,2025-08-27,2025,8,36.9,27.9,32.1,41,0.0,high
5,Gabes,2025-08-28,2025,8,44.5,27.0,36.3,25,0.0,high
5,Gabes,2025-08-29,2025,8,32.7,27.5,30.0,67,0.3,high
5,Gabes,2025-08-30,2025,8,30.7,25.8,28.2,76,0.2,medium
5,Gabes,2025-08-31,2025,8,31.2,26.1,28.3,62,0.0,medium
5,Gabes,2025-09-01,2025,9,37.2,23.5,29.9,51,0.0,medium
5,Gabes,2025-09-02,2025,9,33.0,23.8,28.5,67,0.0,medium
5,Gabes,2025-09-03,2025,9,30.1,26.1,27.8,69,0.5,medium
5,Gabes,2025-09-04,2025,9,31.4,23.6,27.8,68,0.0,medium
5,Gabes,2025-09-05,2025,9,31.8,24.0,28.2,66,0.0,medium
5,Gabes,2025-09-06,2025,9,32.7,23.5,28.7,62,0.0,medium
5,Gabes,2025-09-07,2025,9,38.2,23.0,31.2,39,0.0,high
5,Gabes,2025-09-08,2025,9,36.2,24.5,30.7,44,0.0,high
5,Gabes,2025-09-09,2025,9,38.5,26.4,31.5,48,0.1,high
5,Gabes,2025-09-10,2025,9,42.3,28.2,35.4,28,0.0,high
5,Gabes,2025-09-11,2025,9,30.8,24.7,27.5,62,0.0,medium
5,Gabes,2025-09-12,2025,9,30.1,23.9,27.0,61,0.0,medium
5,Gabes,2025-09-13,2025,9,29.5,24.5,26.9,65,0.0,medium
5,Gabes,2025-09-14,2025,9,31.8,20.6,26.2,71,0.0,medium
5,Gabes,2025-09-15,2025,9,31.5,20.8,26.3,72,0.0,medium
5,Gabes,2025-09-16,2025,9,32.9,21.1,27.0,69,0.0,medium
5,Gabes,2025-09-17,2025,9,32.2,23.4,27.6,60,0.0,medium
5,Gabes,2025-09-18,2025,9,29.3,24.0,26.6,64,0.0,medium
5,Gabes,2025-09-19,2025,9,29.5,24.9,27.0,64,2.0,low
5,Gabes,2025-09-20,2025,9,29.9,23.9,26.3,65,1.9,medium
5,Gabes,2025-09-21,2025,9,30.1,22.1,26.2,69,0.1,medium
5,Gabes,2025-09-22,2025,9,33.0,21.6,27.3,61,0.0,medium
5,Gabes,2025-09-23,2025,9,31.8,23.2,27.5,63,0.0,medium
5,Gabes,2025-09-24,2025,9,33.4,21.7,27.4,64,0.2,medium
5,Gabes,2025-09-25,2025,9,29.0,24.3,26.1,70,0.7,medium
5,Gabes,2025-09-26,2025,9,31.4,20.4,25.9,74,0.9,medium
5,Gabes,2025-09-27,2025,9,27.5,21.4,24.1,69,2.8,low
5,Gabes,2025-09-28,2025,9,28.0,20.0,23.7,53,0.0,medium
5,Gabes,2025-09-29,2025,9,30.0,16.0,23.7,47,0.0,medium
5,Gabes,2025-09-30,2025,9,30.0,18.5,24.3,55,0.0,medium
5,Gabes,2025-10-01,2025,10,33.2,18.1,25.7,50,0.0,medium
5,Gabes,2025-10-02,2025,10,29.1,22.1,25.3,47,0.0,medium
5,Gabes,2025-10-03,2025,10,25.6,18.5,22.5,51,0.0,medium
5,Gabes,2025-10-04,2025,10,27.1,18.6,22.8,47,0.0,medium
5,Gabes,2025-10-05,2025,10,30.5,19.4,25.1,34,0.0,medium
5,Gabes,2025-10-06,2025,10,27.8,21.8,24.5,47,0.0,medium
5,Gabes,2025-10-07,2025,10,25.5,17.8,21.6,48,0.0,medium
5,Gabes,2025-10-08,2025,10,27.6,16.1,21.9,52,0.0,medium
5,Gabes,2025-10-09,2025,10,29.5,15.4,23.2,45,0.0,medium
5,Gabes,2025-10-10,2025,10,29.4,16.4,23.2,53,0.0,medium
5,Gabes,2025-10-11,2025,10,28.3,19.6,23.8,65,0.0,medium
5,Gabes,2025-10-12,2025,10,27.4,20.5,23.8,66,0.0,medium
5,Gabes,2025-10-13,2025,10,27.9,18.1,23.3,71,0.0,medium
5,Gabes,2025-10-14,2025,10,29.9,18.8,24.1,65,0.0,medium
5,Gabes,2025-10-15,2025,10,32.5,20.0,26.2,46,0.0,medium
5,Gabes,2025-10-16,2025,10,26.9,21.6,24.0,68,0.2,medium
5,Gabes,2025-10-17,2025,10,25.4,21.0,23.2,68,0.1,medium
5,Gabes,2025-10-18,2025,10,23.9,20.0,22.3,79,13.1,low
5,Gabes,2025-10-19,2025,10,24.1,17.6,20.7,81,2.0,low
5,Gabes,2025-10-20,2025,10,26.2,15.0,20.1,75,0.0,medium
5,Gabes,2025-10-21,2025,10,31.0,18.0,23.9,47,0.0,medium
5,Gabes,2025-10-22,2025,10,31.8,18.5,24.3,53,0.0,medium
5,Gabes,2025-10-23,2025,10,31.0,18.4,24.8,45,0.0,medium
5,Gabes,2025-10-24,2025,10,31.2,19.7,25.6,43,0.0,medium
5,Gabes,2025-10-25,2025,10,34.5,21.6,28.2,29,0.0,medium
5,Gabes,2025-10-26,2025,10,34.8,23.7,28.7,24,0.0,medium
5,Gabes,2025-10-27,2025,10,24.6,21.2,22.8,61,0.0,medium
5,Gabes,2025-10-28,2025,10,23.1,18.1,20.9,54,0.0,medium
5,Gabes,2025-10-29,2025,10,25.9,13.7,20.4,70,0.0,medium
5,Gabes,2025-10-30,2025,10,28.6,19.1,23.4,63,0.0,medium
5,Gabes,2025-10-31,2025,10,29.3,20.4,24.2,40,0.0,medium
5,Gabes,2025-11-01,2025,11,25.8,17.3,21.6,66,0.0,medium
5,Gabes,2025-11-02,2025,11,26.2,15.6,20.8,73,0.0,medium
5,Gabes,2025-11-03,2025,11,25.2,15.8,20.7,72,0.0,medium
5,Gabes,2025-11-04,2025,11,23.0,18.0,20.4,64,0.3,medium
5,Gabes,2025-11-05,2025,11,25.3,14.1,19.5,70,0.0,medium
5,Gabes,2025-11-06,2025,11,26.2,15.4,20.9,55,0.0,medium
5,Gabes,2025-11-07,2025,11,27.2,16.2,21.3,44,0.0,medium
5,Gabes,2025-11-08,2025,11,23.8,13.2,18.9,37,0.0,medium
5,Gabes,2025-11-09,2025,11,23.9,15.2,19.4,41,0.0,medium
5,Gabes,2025-11-10,2025,11,23.9,14.1,18.7,47,0.0,medium
5,Gabes,2025-11-11,2025,11,24.4,12.3,18.0,44,0.0,medium
5,Gabes,2025-11-12,2025,11,25.3,10.4,17.6,51,0.0,medium
5,Gabes,2025-11-13,2025,11,25.9,10.4,18.2,47,0.0,medium
5,Gabes,2025-11-14,2025,11,27.4,12.6,18.8,44,0.0,medium
5,Gabes,2025-11-15,2025,11,28.2,13.6,20.7,28,0.0,medium
5,Gabes,2025-11-16,2025,11,31.0,18.8,24.3,22,0.0,medium
5,Gabes,2025-11-17,2025,11,29.6,21.1,24.4,21,0.0,medium
5,Gabes,2025-11-18,2025,11,24.2,18.2,21.1,64,0.2,medium
5,Gabes,2025-11-19,2025,11,19.9,16.5,17.9,81,8.9,low
5,Gabes,2025-11-20,2025,11,20.5,14.7,17.1,79,1.0,medium
5,Gabes,2025-11-21,2025,11,18.8,12.7,15.2,65,0.0,medium
5,Gabes,2025-11-22,2025,11,15.6,7.5,11.5,48,0.0,medium
5,Gabes,2025-11-23,2025,11,16.2,5.5,10.5,48,0.0,medium
5,Gabes,2025-11-24,2025,11,16.8,6.5,11.6,37,0.0,medium
5,Gabes,2025-11-25,2025,11,18.3,10.3,14.0,28,0.0,medium
5,Gabes,2025-11-26,2025,11,19.5,11.9,14.7,39,0.3,medium
5,Gabes,2025-11-27,2025,11,15.8,7.3,11.6,48,0.0,medium
5,Gabes,2025-11-28,2025,11,16.5,6.6,11.4,47,0.0,medium
5,Gabes,2025-11-29,2025,11,17.7,9.0,12.7,44,0.0,medium
5,Gabes,2025-11-30,2025,11,17.2,6.6,11.5,38,0.0,medium
5,Gabes,2025-12-01,2025,12,17.5,4.1,11.6,50,0.0,medium
5,Gabes,2025-12-02,2025,12,19.6,12.2,16.0,68,0.0,medium
5,Gabes,2025-12-03,2025,12,20.4,10.4,14.8,58,0.0,medium
5,Gabes,2025-12-04,2025,12,17.0,8.9,13.1,61,0.0,medium
5,Gabes,2025-12-05,2025,12,16.8,9.8,13.1,57,0.0,medium
5,Gabes,2025-12-06,2025,12,17.8,10.0,13.9,50,0.0,medium
5,Gabes,2025-12-07,2025,12,20.0,10.8,14.8,51,0.0,medium
5,Gabes,2025-12-08,2025,12,21.4,10.4,15.3,54,0.0,medium
5,Gabes,2025-12-09,2025,12,21.4,9.2,14.7,58,0.0,medium
5,Gabes,2025-12-10,2025,12,20.6,9.8,14.2,67,0.0,medium
5,Gabes,2025-12-11,2025,12,18.3,9.2,13.6,87,0.0,medium
5,Gabes,2025-12-12,2025,12,18.2,10.2,14.8,89,0.0,medium
5,Gabes,2025-12-13,2025,12,19.5,13.8,16.4,82,1.2,medium
5,Gabes,2025-12-14,2025,12,20.8,14.3,17.2,80,0.0,medium
5,Gabes,2025-12-15,2025,12,19.5,13.9,15.8,77,4.7,low
5,Gabes,2025-12-16,2025,12,20.1,12.1,15.7,79,5.1,low
5,Gabes,2025-12-17,2025,12,18.8,10.2,14.6,90,0.0,medium
5,Gabes,2025-12-18,2025,12,18.1,14.6,16.6,81,6.9,low
5,Gabes,2025-12-19,2025,12,17.5,11.6,13.8,90,12.0,low
5,Gabes,2025-12-20,2025,12,16.1,9.9,12.6,86,0.0,medium
5,Gabes,2025-12-21,2025,12,17.0,10.9,13.3,82,0.2,medium
5,Gabes,2025-12-22,2025,12,17.0,10.2,12.8,75,0.0,medium
5,Gabes,2025-12-23,2025,12,13.8,8.5,11.4,70,4.5,low
5,Gabes,2025-12-24,2025,12,14.8,7.6,10.8,68,0.0,medium
5,Gabes,2025-12-25,2025,12,18.9,9.1,13.6,60,0.0,medium
5,Gabes,2025-12-26,2025,12,18.2,8.6,12.4,68,0.0,medium
5,Gabes,2025-12-27,2025,12,15.5,7.8,11.4,82,0.0,medium
5,Gabes,2025-12-28,2025,12,17.5,7.2,11.5,76,0.0,medium
5,Gabes,2025-12-29,2025,12,16.5,6.2,11.1,76,0.0,medium
5,Gabes,2025-12-30,2025,12,17.3,7.8,11.6,73,0.0,medium
5,Gabes,2025-12-31,2025,12,16.5,8.0,11.5,72,0.0,medium
